Date,Ticker,Action,Reason,Entry Price,Exit Price,Peak Price,PnL %,Days Held
2020-05-29,TATA CHEMICALS LIMITED,BUY,STREAK_5,275.7116,,275.7116,,
2020-06-05,AMBER ENTERPRISES INDIA LIMITED,BUY,STREAK_5,1532.55,,1532.55,,
2020-06-12,AMBER ENTERPRISES INDIA LIMITED,SELL,TSL_EXIT,1532.55,1370.85,1532.55,-10.55,7.0
2020-06-12,ADANI GREEN ENERGY LIMITED,BUY,STREAK_5,336.4,,336.4,,
2020-06-12,ZYDUS LIFESCIENCES LIMITED,BUY,STREAK_5,361.0058,,361.0058,,
2020-06-12,CENTRAL DEPOSITORY SERVICES (INDIA) LIMITED,BUY,STREAK_5,121.8951,,121.8951,,
2020-06-19,GLENMARK PHARMACEUTICALS LIMITED,BUY,STREAK_5,400.0461,,400.0461,,
2020-06-26,ADANI GREEN ENERGY LIMITED,SELL,TSL_EXIT,336.4,397.55,463.6,18.18,14.0
2020-06-26,GLENMARK PHARMACEUTICALS LIMITED,SELL,TSL_EXIT,400.0461,456.0926,507.9369,14.01,7.0
2020-06-26,ENDURANCE TECHNOLOGIES LIMITED,BUY,STREAK_9,878.8307,,878.8307,,
2020-06-26,GLENMARK PHARMACEUTICALS LIMITED,BUY,STREAK_6,456.0926,,456.0926,,
2020-06-26,E.I.D PARRY (INDIA) LIMITED,BUY,STREAK_5,259.2196,,259.2196,,
2020-06-26,TRANSFORMERS AND RECTIFIERS (INDIA) LIMITED,BUY,STREAK_5,6.9471,,6.9471,,
2020-07-03,ENDURANCE TECHNOLOGIES LIMITED,SELL,52H_BREACH,878.8307,860.7323,878.8307,-2.06,7.0
2020-07-03,TRANSFORMERS AND RECTIFIERS (INDIA) LIMITED,SELL,TSL_EXIT,6.9471,5.7726,7.0471,-16.91,7.0
2020-07-03,JUBILANT PHARMOVA LIMITED,BUY,STREAK_5,490.8413,,490.8413,,
2020-07-10,HINDUSTAN AERONAUTICS LIMITED,BUY,STREAK_5,421.2021,,421.2021,,
2020-07-10,J. K. CEMENT LIMITED.,BUY,STREAK_5,1403.2545,,1403.2545,,
2020-07-17,NEULAND LABORATORIES LTD.,BUY,STREAK_5,673.4505,,673.4505,,
2020-07-17,TUBE INVESTMENTS OF INDIA LIMITED,BUY,STREAK_5,490.3374,,490.3374,,
2020-07-24,GRANULES INDIA LIMITED,BUY,STREAK_5,297.3124,,297.3124,,
2020-07-24,MphasiS Limited,BUY,STREAK_5,1000.2283,,1000.2283,,
2020-07-31,LAURUS LABS LIMITED,BUY,STREAK_5,182.9527,,182.9527,,
2020-07-31,SCHAEFFLER INDIA LIMITED,BUY,STREAK_5,693.5826,,693.5826,,
2020-08-07,SCHAEFFLER INDIA LIMITED,SELL,52H_BREACH,693.5826,681.3641,696.9857,-1.76,7.0
2020-08-14,LAURUS LABS LIMITED,SELL,TSL_EXIT,182.9527,197.9889,220.5333,8.22,14.0
2020-08-14,JAIPRAKASH POWER VENTURES LIMITED,BUY,STREAK_5,3.05,,3.05,,
2020-08-14,DIVI'S LABORATORIES LIMITED,BUY,STREAK_5,2997.2209,,2997.2209,,
2020-08-21,KAJARIA CERAMICS LIMITED,BUY,STREAK_6,434.3063,,434.3063,,
2020-08-21,NHPC LIMITED,BUY,STREAK_5,18.2222,,18.2222,,
2020-08-21,CUMMINS INDIA LIMITED,BUY,STREAK_5,429.0423,,429.0423,,
2020-08-21,THE TATA POWER COMPANY LIMITED,BUY,STREAK_5,59.5142,,59.5142,,
2020-08-28,HINDUSTAN AERONAUTICS LIMITED,SELL,TSL_EXIT,421.2021,451.6837,578.1697,7.24,49.0
2020-08-28,GODAWARI POWER AND ISPAT LIMITED,BUY,STREAK_5,77.6484,,77.6484,,
2020-08-28,TATA ELXSI LIMITED,BUY,STREAK_5,1087.1508,,1087.1508,,
2020-08-28,ASTER DM HEALTHCARE LIMITED,BUY,STREAK_5,106.9053,,106.9053,,
2020-09-04,JAIPRAKASH POWER VENTURES LIMITED,SELL,TSL_EXIT,3.05,2.65,3.05,-13.11,21.0
2020-09-04,ASTER DM HEALTHCARE LIMITED,SELL,52H_BREACH,106.9053,96.8605,106.9053,-9.4,7.0
2020-09-11,TATA CHEMICALS LIMITED,SELL,TSL_EXIT,275.7116,273.2195,311.8645,-0.9,105.0
2020-09-11,JUBILANT PHARMOVA LIMITED,SELL,TSL_EXIT,490.8413,530.0698,627.872,7.99,70.0
2020-09-11,J. K. CEMENT LIMITED.,SELL,TSL_EXIT,1403.2545,1404.0367,1565.1533,0.06,63.0
2020-09-11,NHPC LIMITED,SELL,TSL_EXIT,18.2222,16.1061,18.2222,-11.61,21.0
2020-09-11,GODAWARI POWER AND ISPAT LIMITED,SELL,TSL_EXIT,77.6484,70.2783,79.0417,-9.49,14.0
2020-09-18,THE TATA POWER COMPANY LIMITED,SELL,TSL_EXIT,59.5142,53.9902,60.1866,-9.28,28.0
2020-09-18,LAURUS LABS LIMITED,BUY,STREAK_5,292.7832,,292.7832,,
2020-09-25,E.I.D PARRY (INDIA) LIMITED,SELL,TSL_EXIT,259.2196,264.6439,302.4229,2.09,91.0
2020-09-25,NEULAND LABORATORIES LTD.,SELL,TSL_EXIT,673.4505,1059.4846,1178.1807,57.32,70.0
2020-09-25,TUBE INVESTMENTS OF INDIA LIMITED,SELL,TSL_EXIT,490.3374,564.6384,662.9139,15.15,70.0
2020-09-25,CUMMINS INDIA LIMITED,SELL,52H_BREACH,429.0423,411.8493,449.6924,-4.01,35.0
2020-09-25,LAURUS LABS LIMITED,SELL,TSL_EXIT,292.7832,260.3486,292.7832,-11.08,7.0
2020-09-25,APL Apollo Tubes Limited,BUY,STREAK_5,264.1863,,264.1863,,
2020-09-25,Jubilant FoodWorks Limited,BUY,STREAK_5,458.2164,,458.2164,,
2020-09-25,COFORGE LIMITED,BUY,STREAK_5,432.6547,,432.6547,,
2020-09-25,TECH MAHINDRA LIMITED,BUY,STREAK_5,624.0881,,624.0881,,
2020-10-16,J. K. CEMENT LIMITED.,BUY,STREAK_5,1716.8816,,1716.8816,,
2020-10-16,GRASIM INDUSTRIES LTD,BUY,STREAK_5,750.5017,,750.5017,,
2020-10-23,COFORGE LIMITED,SELL,TSL_EXIT,432.6547,446.8771,525.2462,3.29,28.0
2020-10-30,Jubilant FoodWorks Limited,SELL,TSL_EXIT,458.2164,430.605,479.5709,-6.03,35.0
2020-10-30,CG POWER AND INDUSTRIAL SOLUTIONS LIMITED,BUY,STREAK_5,31.0183,,31.0183,,
2020-11-06,HAVELLS INDIA LIMITED,BUY,STREAK_5,791.6627,,791.6627,,
2020-11-13,TATA ELXSI LIMITED,SELL,TSL_EXIT,1087.1508,1418.8173,1610.4681,30.51,77.0
2020-11-13,POWER GRID CORPORATION OF INDIA LIMITED,BUY,STREAK_5,78.5614,,78.5614,,
2020-11-13,ACC Limited,BUY,STREAK_5,1599.6178,,1599.6178,,
2020-11-20,ABB INDIA LIMITED,BUY,STREAK_7,1091.8148,,1091.8148,,
2020-11-20,TUBE INVESTMENTS OF INDIA LIMITED,BUY,STREAK_5,781.8451,,781.8451,,
2020-11-20,DALMIA BHARAT LIMITED,BUY,STREAK_5,961.3047,,961.3047,,
2020-11-27,CHOLAMANDALAM INVESTMENT AND FINANCE COMPANY LIMITED,BUY,STREAK_5,383.6052,,383.6052,,
2020-11-27,MAHANAGAR GAS LIMITED,BUY,STREAK_5,934.8427,,934.8427,,
2020-12-11,J. K. CEMENT LIMITED.,SELL,TSL_EXIT,1716.8816,1905.8209,2117.8884,11.0,56.0
2020-12-11,CG POWER AND INDUSTRIAL SOLUTIONS LIMITED,SELL,TSL_EXIT,31.0183,44.0578,50.7257,42.04,42.0
2020-12-11,DALMIA BHARAT LIMITED,SELL,TSL_EXIT,961.3047,1033.0016,1155.4143,7.46,21.0
2020-12-11,APOLLO TYRES LIMITED.,BUY,STREAK_6,179.6031,,179.6031,,
2020-12-11,TATA STEEL LIMITED,BUY,STREAK_5,53.5208,,53.5208,,
2020-12-11,MAX HEALTHCARE INSTITUTE LIMITED,BUY,STREAK_5,140.1122,,140.1122,,
2020-12-18,GRANULES INDIA LIMITED,SELL,TSL_EXIT,297.3124,363.2244,420.3895,22.17,147.0
2020-12-18,RAIL VIKAS NIGAM LIMITED,BUY,STREAK_5,20.5682,,20.5682,,
2020-12-25,APOLLO TYRES LIMITED.,SELL,TSL_EXIT,179.6031,163.2248,183.9303,-9.12,14.0
2020-12-25,NHPC LIMITED,BUY,STREAK_5,18.4259,,18.4259,,
2021-01-22,TATA STEEL LIMITED,SELL,TSL_EXIT,53.5208,55.6988,62.2242,4.07,42.0
2021-01-22,RAIL VIKAS NIGAM LIMITED,SELL,TSL_EXIT,20.5682,25.1245,30.2882,22.15,35.0
2021-01-22,SAMVARDHANA MOTHERSON INTERNATIONAL LIMITED,BUY,STREAK_6,41.1392,,41.1392,,
2021-01-22,ASHOK LEYLAND LIMITED,BUY,STREAK_5,55.8826,,55.8826,,
2021-01-29,ZYDUS LIFESCIENCES LIMITED,SELL,TSL_EXIT,361.0058,435.4639,485.5688,20.63,231.0
2021-01-29,CENTRAL DEPOSITORY SERVICES (INDIA) LIMITED,SELL,TSL_EXIT,121.8951,229.7075,260.3304,88.45,231.0
2021-01-29,GLENMARK PHARMACEUTICALS LIMITED,SELL,TSL_EXIT,456.0926,463.149,525.9597,1.55,217.0
2021-01-29,DIVI'S LABORATORIES LIMITED,SELL,TSL_EXIT,2997.2209,3268.8799,3763.5984,9.06,168.0
2021-01-29,TECH MAHINDRA LIMITED,SELL,TSL_EXIT,624.0881,806.9464,904.4783,29.3,126.0
2021-01-29,HAVELLS INDIA LIMITED,SELL,TSL_EXIT,791.6627,1013.0322,1145.8732,27.96,84.0
2021-01-29,POWER GRID CORPORATION OF INDIA LIMITED,SELL,TSL_EXIT,78.5614,78.7376,87.5526,0.22,77.0
2021-01-29,ACC Limited,SELL,TSL_EXIT,1599.6178,1530.4364,1712.932,-4.32,77.0
2021-01-29,CHOLAMANDALAM INVESTMENT AND FINANCE COMPANY LIMITED,SELL,TSL_EXIT,383.6052,392.6353,451.454,2.35,63.0
2021-01-29,COMPUTER AGE MANAGEMENT SERVICES LIMITED,BUY,STREAK_6,327.1566,,327.1566,,
2021-01-29,TATA TELESERVICES (MAHARASHTRA) LIMITED,BUY,STREAK_5,17.15,,17.15,,
2021-01-29,ADANI POWER LIMITED,BUY,STREAK_5,10.26,,10.26,,
2021-01-29,UPL LIMITED,BUY,STREAK_5,532.5893,,532.5893,,
2021-01-29,SCHNEIDER ELECTRIC INFRASTRUCTURE LIMITED,BUY,STREAK_5,95.7,,95.7,,
2021-01-29,Techno Electric & Engineering Company Limited,BUY,STREAK_5,235.7238,,235.7238,,
2021-02-05,Bosch Limited,BUY,STREAK_5,15057.7373,,15057.7373,,
2021-02-12,TATA TELESERVICES (MAHARASHTRA) LIMITED,SELL,TSL_EXIT,17.15,17.0,21.75,-0.87,14.0
2021-02-12,OBEROI REALTY LIMITED,BUY,STREAK_5,550.7078,,550.7078,,
2021-02-12,ADITYA BIRLA REAL ESTATE LIMITED,BUY,STREAK_5,452.4427,,452.4427,,
2021-02-12,NAVA LIMITED,BUY,STREAK_5,27.2849,,27.2849,,
2021-02-26,MAX HEALTHCARE INSTITUTE LIMITED,SELL,TSL_EXIT,140.1122,180.4784,205.813,28.81,77.0
2021-02-26,Bosch Limited,SELL,TSL_EXIT,15057.7373,13827.7949,15526.0977,-8.17,21.0
2021-02-26,POLY MEDICURE LIMITED,BUY,STREAK_6,696.8068,,696.8068,,
2021-02-26,PG ELECTROPLAST LIMITED,BUY,STREAK_5,30.1868,,30.1868,,
2021-03-12,ASHOK LEYLAND LIMITED,SELL,TSL_EXIT,55.8826,55.7912,62.1222,-0.16,49.0
2021-03-12,SCHNEIDER ELECTRIC INFRASTRUCTURE LIMITED,SELL,TSL_EXIT,95.7,102.2,116.25,6.79,42.0
2021-03-12,TORRENT POWER LIMITED,BUY,STREAK_6,366.8559,,366.8559,,
2021-03-12,SAREGAMA INDIA LIMITED,BUY,STREAK_5,146.1425,,146.1425,,
2021-03-19,Techno Electric & Engineering Company Limited,SELL,TSL_EXIT,235.7238,276.7772,308.5621,17.42,49.0
2021-03-19,ADITYA BIRLA REAL ESTATE LIMITED,SELL,TSL_EXIT,452.4427,462.7859,528.5886,2.29,35.0
2021-03-19,PG ELECTROPLAST LIMITED,SELL,TSL_EXIT,30.1868,38.6903,47.4886,28.17,21.0
2021-03-19,SAREGAMA INDIA LIMITED,SELL,TSL_EXIT,146.1425,137.1397,155.4436,-6.16,7.0
2021-03-19,CHENNAI PETROLEUM CORPORATION LIMITED,BUY,STREAK_6,91.8773,,91.8773,,
2021-03-19,ADANI TOTAL GAS LIMITED,BUY,STREAK_5,738.2361,,738.2361,,
2021-03-19,INDIAN OIL CORPORATION LIMITED,BUY,STREAK_5,47.1155,,47.1155,,
2021-03-19,NTPC LIMITED,BUY,STREAK_5,90.432,,90.432,,
2021-03-26,KAJARIA CERAMICS LIMITED,SELL,TSL_EXIT,434.3063,863.72,960.7888,98.87,217.0
2021-03-26,NHPC LIMITED,SELL,TSL_EXIT,18.4259,19.4459,21.7041,5.54,91.0
2021-03-26,SAMVARDHANA MOTHERSON INTERNATIONAL LIMITED,SELL,TSL_EXIT,41.1392,52.3949,61.5442,27.36,63.0
2021-03-26,COMPUTER AGE MANAGEMENT SERVICES LIMITED,SELL,TSL_EXIT,327.1566,326.9991,364.3696,-0.05,56.0
2021-03-26,CHENNAI PETROLEUM CORPORATION LIMITED,SELL,52H_BREACH,91.8773,83.2829,91.8773,-9.35,7.0
2021-04-02,ABB INDIA LIMITED,SELL,TSL_EXIT,1091.8148,1367.153,1536.6898,25.22,133.0
2021-04-02,ADANI POWER LIMITED,SELL,TSL_EXIT,10.26,17.86,20.87,74.07,63.0
2021-04-02,JSW STEEL LIMITED,BUY,STREAK_5,481.5933,,481.5933,,
2021-04-02,MAX HEALTHCARE INSTITUTE LIMITED,BUY,STREAK_5,217.2112,,217.2112,,
2021-04-09,TATA CHEMICALS LIMITED,BUY,STREAK_5,750.7591,,750.7591,,
2021-04-09,JINDAL STEEL LIMITED,BUY,STREAK_5,406.6036,,406.6036,,
2021-04-09,SONATA SOFTWARE LIMITED,BUY,STREAK_5,201.0603,,201.0603,,
2021-04-09,STEEL AUTHORITY OF INDIA LIMITED,BUY,STREAK_5,81.3733,,81.3733,,
2021-04-16,APL Apollo Tubes Limited,SELL,TSL_EXIT,264.1863,620.6286,690.8832,134.92,203.0
2021-04-16,TATA STEEL LIMITED,BUY,STREAK_5,76.6396,,76.6396,,
2021-04-16,HINDALCO INDUSTRIES LIMITED,BUY,STREAK_5,357.0755,,357.0755,,
2021-04-23,GRASIM INDUSTRIES LTD,SELL,TSL_EXIT,750.5017,1241.3824,1412.7148,65.41,189.0
2021-04-23,UPL LIMITED,SELL,TSL_EXIT,532.5893,556.1006,628.2492,4.41,84.0
2021-04-23,OBEROI REALTY LIMITED,SELL,TSL_EXIT,550.7078,510.6196,587.5162,-7.28,70.0
2021-04-23,CYIENT LIMITED,BUY,STREAK_5,608.112,,608.112,,
2021-04-23,MINDA CORPORATION LIMITED,BUY,STREAK_5,94.3577,,94.3577,,
2021-04-23,NMDC LIMITED,BUY,STREAK_5,26.3635,,26.3635,,
2021-05-07,TATA CHEMICALS LIMITED,SELL,TSL_EXIT,750.7591,633.3786,750.7591,-15.63,28.0
2021-05-07,JSW ENERGY LIMITED,BUY,STREAK_6,113.2835,,113.2835,,
2021-05-14,MAHANAGAR GAS LIMITED,SELL,TSL_EXIT,934.8427,968.2042,1083.4233,3.57,168.0
2021-05-14,ADANI TOTAL GAS LIMITED,SELL,TSL_EXIT,738.2361,1191.5442,1332.8099,61.4,56.0
2021-05-14,JINDAL STEEL LIMITED,SELL,TSL_EXIT,406.6036,411.4846,483.3687,1.2,35.0
2021-05-14,STEEL AUTHORITY OF INDIA LIMITED,SELL,TSL_EXIT,81.3733,109.662,126.1782,34.76,35.0
2021-05-14,HINDALCO INDUSTRIES LIMITED,SELL,TSL_EXIT,357.0755,369.4284,410.8781,3.46,28.0
2021-05-14,BALRAMPUR CHINI MILLS LTD,BUY,STREAK_6,291.4803,,291.4803,,
2021-05-14,GLAXOSMITHKLINE PHARMACEUTICALS LIMITED,BUY,STREAK_6,1318.6857,,1318.6857,,
2021-05-14,NLC INDIA LIMITED,BUY,STREAK_5,53.5896,,53.5896,,
2021-05-14,COAL INDIA LTD,BUY,STREAK_5,96.8587,,96.8587,,
2021-05-14,HIMADRI SPECIALITY CHEMICAL LIMITED,BUY,STREAK_5,49.5676,,49.5676,,
2021-05-21,NAVA LIMITED,SELL,TSL_EXIT,27.2849,39.8482,45.2779,46.04,98.0
2021-05-21,NMDC LIMITED,SELL,TSL_EXIT,26.3635,33.5034,38.5897,27.08,28.0
2021-05-21,LIC HOUSING FINANCE LTD,BUY,STREAK_5,416.2456,,416.2456,,
2021-05-21,THE INDIAN HOTELS COMPANY LIMITED,BUY,STREAK_5,124.6272,,124.6272,,
2021-05-28,TATA STEEL LIMITED,SELL,TSL_EXIT,76.6396,94.9978,106.2237,23.95,42.0
2021-05-28,EIH LIMITED,BUY,STREAK_5,109.1374,,109.1374,,
2021-06-04,POLY MEDICURE LIMITED,SELL,TSL_EXIT,696.8068,990.5533,1121.4923,42.16,98.0
2021-06-04,LAURUS LABS LIMITED,BUY,STREAK_5,539.0069,,539.0069,,
2021-06-18,TUBE INVESTMENTS OF INDIA LIMITED,SELL,TSL_EXIT,781.8451,1183.2422,1329.1064,51.34,210.0
2021-06-18,JSW STEEL LIMITED,SELL,TSL_EXIT,481.5933,634.8038,718.1537,31.81,77.0
2021-06-18,BALRAMPUR CHINI MILLS LTD,SELL,TSL_EXIT,291.4803,309.3863,345.295,6.14,35.0
2021-06-18,LIC HOUSING FINANCE LTD,SELL,TSL_EXIT,416.2456,428.8867,483.9238,3.04,28.0
2021-06-18,ALKEM LABORATORIES LIMITED,BUY,STREAK_7,2986.3887,,2986.3887,,
2021-06-18,RELIANCE POWER LIMITED,BUY,STREAK_6,15.85,,15.85,,
2021-06-18,NEWGEN SOFTWARE TECHNOLOGIES LIMITED,BUY,STREAK_6,244.5367,,244.5367,,
2021-06-18,CASTROL INDIA LIMITED,BUY,STREAK_6,115.2194,,115.2194,,
2021-06-25,RELIANCE POWER LIMITED,SELL,TSL_EXIT,15.85,15.05,17.4,-5.05,7.0
2021-06-25,TATA TELESERVICES (MAHARASHTRA) LIMITED,BUY,STREAK_6,38.6,,38.6,,
2021-07-09,TATA TELESERVICES (MAHARASHTRA) LIMITED,SELL,TSL_EXIT,38.6,46.45,54.1,20.34,14.0
2021-07-09,HFCL LIMITED,BUY,STREAK_6,88.0827,,88.0827,,
2021-07-16,COAL INDIA LTD,SELL,TSL_EXIT,96.8587,96.034,107.3165,-0.85,63.0
2021-07-16,HFCL LIMITED,SELL,TSL_EXIT,88.0827,79.4675,88.3797,-9.78,7.0
2021-07-16,DALMIA BHARAT LIMITED,BUY,STREAK_5,2202.6475,,2202.6475,,
2021-07-16,CHALET HOTELS LIMITED,BUY,STREAK_5,182.1982,,182.1982,,
2021-07-23,NLC INDIA LIMITED,SELL,TSL_EXIT,53.5896,50.3404,56.4055,-6.06,70.0
2021-07-23,NEWGEN SOFTWARE TECHNOLOGIES LIMITED,SELL,TSL_EXIT,244.5367,291.3784,355.1689,19.16,35.0
2021-07-23,THE PHOENIX MILLS LIMITED,BUY,STREAK_5,435.3554,,435.3554,,
2021-07-30,INDIAN OIL CORPORATION LIMITED,SELL,TSL_EXIT,47.1155,50.7503,57.417,7.71,133.0
2021-07-30,HIMADRI SPECIALITY CHEMICAL LIMITED,SELL,TSL_EXIT,49.5676,51.3998,59.0751,3.7,77.0
2021-07-30,GUJARAT FLUOROCHEMICALS LIMITED,BUY,STREAK_5,1717.1045,,1717.1045,,
2021-07-30,RAMKRISHNA FORGINGS LTD,BUY,STREAK_5,163.3533,,163.3533,,
2021-07-30,JINDAL SAW LIMITED,BUY,STREAK_5,66.0496,,66.0496,,
2021-08-06,DALMIA BHARAT LIMITED,SELL,TSL_EXIT,2202.6475,1897.8625,2241.3325,-13.84,21.0
2021-08-06,GODFREY PHILLIPS INDIA LIMITED,BUY,STREAK_5,321.9962,,321.9962,,
2021-08-13,CYIENT LIMITED,SELL,TSL_EXIT,608.112,863.7092,961.4766,42.03,112.0
2021-08-13,EIH LIMITED,SELL,TSL_EXIT,109.1374,103.851,117.1412,-4.84,77.0
2021-08-13,TITAGARH RAIL SYSTEMS LIMITED,BUY,STREAK_5,96.0718,,96.0718,,
2021-08-20,MINDA CORPORATION LIMITED,SELL,TSL_EXIT,94.3577,124.1374,142.8834,31.56,119.0
2021-08-20,JINDAL SAW LIMITED,SELL,TSL_EXIT,66.0496,57.7637,66.0496,-12.54,21.0
2021-08-20,INFOSYS LIMITED,BUY,STREAK_5,1542.0132,,1542.0132,,
2021-08-20,APOLLO HOSPITALS ENTERPRISE LIMITED,BUY,STREAK_5,4688.0991,,4688.0991,,
2021-08-20,LINDE INDIA LIMITED,BUY,STREAK_5,1933.8848,,1933.8848,,
2021-08-27,GLAXOSMITHKLINE PHARMACEUTICALS LIMITED,SELL,TSL_EXIT,1318.6857,1354.575,1544.715,2.72,105.0
2021-08-27,CHALET HOTELS LIMITED,SELL,TSL_EXIT,182.1982,163.5688,182.4978,-10.22,42.0
2021-08-27,L&T TECHNOLOGY SERVICES LIMITED,BUY,STREAK_6,3786.6379,,3786.6379,,
2021-08-27,TECH MAHINDRA LIMITED,BUY,STREAK_5,1245.7263,,1245.7263,,
2021-09-24,LAURUS LABS LIMITED,SELL,TSL_EXIT,539.0069,601.564,698.7272,11.61,112.0
2021-09-24,BAJAJ FINANCE LIMITED,BUY,STREAK_6,764.6465,,764.6465,,
2021-10-01,APOLLO HOSPITALS ENTERPRISE LIMITED,SELL,TSL_EXIT,4688.0991,4404.5308,5021.644,-6.05,42.0
2021-10-01,OLECTRA GREENTECH LIMITED,BUY,STREAK_6,432.6678,,432.6678,,
2021-10-08,MAX HEALTHCARE INSTITUTE LIMITED,SELL,TSL_EXIT,217.2112,348.3641,395.8479,60.38,189.0
2021-10-08,Bosch Limited,BUY,STREAK_7,16598.0078,,16598.0078,,
2021-10-22,SONATA SOFTWARE LIMITED,SELL,TSL_EXIT,201.0603,275.4549,331.3525,37.0,196.0
2021-10-22,THE INDIAN HOTELS COMPANY LIMITED,SELL,TSL_EXIT,124.6272,196.3954,221.5386,57.59,154.0
2021-10-22,GUJARAT FLUOROCHEMICALS LIMITED,SELL,TSL_EXIT,1717.1045,1837.1827,2158.5701,6.99,84.0
2021-10-22,LINDE INDIA LIMITED,SELL,TSL_EXIT,1933.8848,2393.1313,2802.9895,23.75,63.0
2021-10-22,L&T TECHNOLOGY SERVICES LIMITED,SELL,TSL_EXIT,3786.6379,4361.8945,4889.3198,15.19,56.0
2021-10-22,MANGALORE REFINERY AND PETROCHEMICALS LIMITED,BUY,STREAK_6,48.5485,,48.5485,,
2021-10-22,TRIDENT LIMITED,BUY,STREAK_5,38.3945,,38.3945,,
2021-10-22,RELIANCE POWER LIMITED,BUY,STREAK_5,15.3,,15.3,,
2021-10-22,SUN TV NETWORK LIMITED,BUY,STREAK_5,486.9532,,486.9532,,
2021-10-29,NTPC LIMITED,SELL,TSL_EXIT,90.432,113.6507,128.2158,25.68,224.0
2021-10-29,JSW ENERGY LIMITED,SELL,TSL_EXIT,113.2835,340.9823,390.0293,201.0,175.0
2021-10-29,TITAGARH RAIL SYSTEMS LIMITED,SELL,TSL_EXIT,96.0718,94.0267,107.9935,-2.13,77.0
2021-10-29,MANGALORE REFINERY AND PETROCHEMICALS LIMITED,SELL,TSL_EXIT,48.5485,47.3914,53.3696,-2.38,7.0
2021-10-29,KALYAN JEWELLERS INDIA LIMITED,BUY,STREAK_5,75.635,,75.635,,
2021-11-05,RAMKRISHNA FORGINGS LTD,SELL,TSL_EXIT,163.3533,206.724,238.4399,26.55,98.0
2021-11-05,EIH LIMITED,BUY,STREAK_5,139.8184,,139.8184,,
2021-11-05,CHALET HOTELS LIMITED,BUY,STREAK_5,246.8266,,246.8266,,
2021-11-12,ALKEM LABORATORIES LIMITED,SELL,TSL_EXIT,2986.3887,3379.0232,3810.0867,13.15,147.0
2021-11-12,RELIANCE POWER LIMITED,SELL,TSL_EXIT,15.3,13.95,15.6,-8.82,21.0
2021-11-12,THE KARUR VYSYA BANK LIMITED,BUY,STREAK_5,46.3392,,46.3392,,
2021-11-19,GODFREY PHILLIPS INDIA LIMITED,SELL,TSL_EXIT,321.9962,368.7609,425.369,14.52,105.0
2021-11-19,SUN TV NETWORK LIMITED,SELL,TSL_EXIT,486.9532,478.6689,537.4177,-1.7,28.0
2021-11-19,KALYAN JEWELLERS INDIA LIMITED,SELL,TSL_EXIT,75.635,72.2624,80.8426,-4.46,21.0
2021-11-19,THE KARUR VYSYA BANK LIMITED,SELL,TSL_EXIT,46.3392,40.9834,46.3392,-11.56,7.0
2021-11-19,PAGE INDUSTRIES LIMITED,BUY,STREAK_5,38598.9844,,38598.9844,,
2021-11-19,ELGI EQUIPMENTS LIMITED,BUY,STREAK_5,210.0438,,210.0438,,
2021-11-19,THE BOMBAY BURMAH TRADING CORPORATION LIMITED,BUY,STREAK_5,1055.3236,,1055.3236,,
2021-11-26,MphasiS Limited,SELL,TSL_EXIT,1000.2283,2800.1917,3246.1885,179.96,490.0
2021-11-26,CASTROL INDIA LIMITED,SELL,TSL_EXIT,115.2194,101.7502,117.8915,-11.69,161.0
2021-11-26,THE PHOENIX MILLS LIMITED,SELL,TSL_EXIT,435.3554,480.5525,556.3808,10.38,126.0
2021-11-26,BAJAJ FINANCE LIMITED,SELL,TSL_EXIT,764.6465,667.8712,777.9802,-12.66,63.0
2021-11-26,Bosch Limited,SELL,TSL_EXIT,16598.0078,15172.9043,17719.1816,-8.59,49.0
2021-11-26,EIH LIMITED,SELL,TSL_EXIT,139.8184,125.7872,150.9841,-10.04,21.0
2021-11-26,CHALET HOTELS LIMITED,SELL,TSL_EXIT,246.8266,243.73,284.6347,-1.25,21.0
2021-11-26,ECLERX SERVICES LIMITED,BUY,STREAK_5,767.2869,,767.2869,,
2021-11-26,DR.REDDY'S LABORATORIES LTD,BUY,STREAK_5,925.0089,,925.0089,,
2021-12-03,TRIDENT LIMITED,SELL,TSL_EXIT,38.3945,42.6679,54.9952,11.13,42.0
2021-12-03,THE BOMBAY BURMAH TRADING CORPORATION LIMITED,SELL,52H_BREACH,1055.3236,997.537,1062.0758,-5.48,14.0
2021-12-03,KEI INDUSTRIES LIMITED,BUY,STREAK_5,1171.1199,,1171.1199,,
2021-12-03,APL Apollo Tubes Limited,BUY,STREAK_5,912.7441,,912.7441,,
2021-12-03,NCC LIMITED,BUY,STREAK_5,69.9914,,69.9914,,
2021-12-10,OLECTRA GREENTECH LIMITED,SELL,TSL_EXIT,432.6678,774.718,887.004,79.06,70.0
2021-12-10,JBM AUTO LIMITED,BUY,STREAK_5,220.5146,,220.5146,,
2021-12-10,CENTRAL BANK OF INDIA LIMITED,BUY,STREAK_5,22.776,,22.776,,
2021-12-10,HOME FIRST FINANCE COMPANY INDIA LIMITED,BUY,STREAK_5,846.0553,,846.0553,,
2021-12-10,BAYER CROPSCIENCE LIMITED,BUY,STREAK_5,4293.9326,,4293.9326,,
2021-12-17,NCC LIMITED,SELL,52H_BREACH,69.9914,66.231,72.3417,-5.37,14.0
2021-12-17,TATA TELESERVICES (MAHARASHTRA) LIMITED,BUY,STREAK_5,189.1,,189.1,,
2021-12-24,TORRENT POWER LIMITED,SELL,TSL_EXIT,366.8559,480.4415,539.1681,30.96,287.0
2021-12-24,ELGI EQUIPMENTS LIMITED,SELL,TSL_EXIT,210.0438,283.8083,316.1759,35.12,35.0
2021-12-24,TATA TELESERVICES (MAHARASHTRA) LIMITED,SELL,TSL_EXIT,189.1,161.8,189.1,-14.44,7.0
2021-12-24,UNO MINDA LIMITED,BUY,STREAK_5,586.4426,,586.4426,,
2021-12-24,JINDAL STEEL LIMITED,BUY,STREAK_5,378.9445,,378.9445,,
2021-12-24,SWAN CORP LIMITED,BUY,STREAK_5,147.1325,,147.1325,,
2021-12-24,Ircon International Ltd,BUY,STREAK_5,40.1468,,40.1468,,
2021-12-24,NATIONAL ALUMINIUM CO LTD,BUY,STREAK_5,81.8552,,81.8552,,
2021-12-24,REDINGTON LIMITED,BUY,STREAK_5,125.6864,,125.6864,,
2021-12-31,ANUPAM RASAYAN INDIA LIMITED,BUY,STREAK_5,984.585,,984.585,,
2021-12-31,APAR INDUSTRIES LIMITED,BUY,STREAK_5,752.791,,752.791,,
2021-12-31,GE VERNOVA T&D INDIA LIMITED,BUY,STREAK_5,133.2467,,133.2467,,
2022-01-07,APL Apollo Tubes Limited,SELL,TSL_EXIT,912.7441,914.1744,1068.0984,0.16,35.0
2022-01-07,BHARAT PETROLEUM CORPORATION LIMITED,BUY,STREAK_6,161.7779,,161.7779,,
2022-01-21,TECH MAHINDRA LIMITED,SELL,TSL_EXIT,1245.7263,1387.0793,1572.0898,11.35,147.0
2022-01-21,ECLERX SERVICES LIMITED,SELL,TSL_EXIT,767.2869,853.0457,969.1546,11.18,56.0
2022-01-21,CENTRAL BANK OF INDIA LIMITED,SELL,52H_BREACH,22.776,20.6209,22.776,-9.46,42.0
2022-01-21,UNO MINDA LIMITED,SELL,TSL_EXIT,586.4426,544.4161,616.2744,-7.17,28.0
2022-01-21,POONAWALLA FINCORP LIMITED,BUY,STREAK_5,275.8448,,275.8448,,
2022-01-21,JAIPRAKASH POWER VENTURES LIMITED,BUY,STREAK_5,9.6,,9.6,,
2022-01-21,HERO MOTOCORP LIMITED,BUY,STREAK_5,2344.73,,2344.73,,
2022-01-21,APTUS VALUE HOUSING FINANCE INDIA LIMITED,BUY,STREAK_5,350.15,,350.15,,
2022-01-28,INFOSYS LIMITED,SELL,TSL_EXIT,1542.0132,1513.7113,1741.1003,-1.84,161.0
2022-01-28,DR.REDDY'S LABORATORIES LTD,SELL,TSL_EXIT,925.0089,821.3691,955.4019,-11.2,63.0
2022-01-28,KEI INDUSTRIES LIMITED,SELL,TSL_EXIT,1171.1199,1081.6257,1214.8993,-7.64,56.0
2022-01-28,GE VERNOVA T&D INDIA LIMITED,SELL,TSL_EXIT,133.2467,123.1772,138.9794,-7.56,28.0
2022-01-28,OIL AND NATURAL GAS CORPORATION LIMITED,BUY,STREAK_5,130.1209,,130.1209,,
2022-01-28,RELIANCE POWER LIMITED,BUY,STREAK_5,15.2,,15.2,,
2022-01-28,OIL INDIA LIMITED,BUY,STREAK_5,123.9747,,123.9747,,
2022-01-28,ACTION CONSTRUCTION EQUIPMENT LIMITED,BUY,STREAK_5,220.5634,,220.5634,,
2022-02-04,HOME FIRST FINANCE COMPANY INDIA LIMITED,SELL,TSL_EXIT,846.0553,732.4333,846.0553,-13.43,56.0
2022-02-04,APAR INDUSTRIES LIMITED,SELL,TSL_EXIT,752.791,656.3152,794.1516,-12.82,35.0
2022-02-04,ADANI GREEN ENERGY LIMITED,BUY,STREAK_5,1950.35,,1950.35,,
2022-02-04,CAN FIN HOMES LIMITED,BUY,STREAK_5,618.6431,,618.6431,,
2022-02-11,PAGE INDUSTRIES LIMITED,SELL,TSL_EXIT,38598.9844,37846.2188,42414.3828,-1.95,84.0
2022-02-11,JBM AUTO LIMITED,SELL,TSL_EXIT,220.5146,283.6467,324.4617,28.63,63.0
2022-02-11,BAYER CROPSCIENCE LIMITED,SELL,TSL_EXIT,4293.9326,4133.123,4695.1416,-3.75,63.0
2022-02-11,POONAWALLA FINCORP LIMITED,SELL,TSL_EXIT,275.8448,251.0737,280.5914,-8.98,21.0
2022-02-11,JAIPRAKASH POWER VENTURES LIMITED,SELL,TSL_EXIT,9.6,8.5,9.6,-11.46,21.0
2022-02-11,RELIANCE POWER LIMITED,SELL,TSL_EXIT,15.2,15.95,18.5,4.93,14.0
2022-02-11,ACTION CONSTRUCTION EQUIPMENT LIMITED,SELL,TSL_EXIT,220.5634,209.987,241.8649,-4.8,14.0
2022-02-11,BEML LIMITED,BUY,STREAK_6,762.129,,762.129,,
2022-02-11,BANDHAN BANK LIMITED,BUY,STREAK_6,310.5258,,310.5258,,
2022-02-11,GUJARAT MINERAL DEVELOPMENT CORPORATION LIMITED,BUY,STREAK_5,118.2266,,118.2266,,
2022-02-18,ANUPAM RASAYAN INDIA LIMITED,SELL,TSL_EXIT,984.585,910.6479,1055.1432,-7.51,49.0
2022-02-18,BEML LIMITED,SELL,TSL_EXIT,762.129,684.7513,762.129,-10.15,7.0
2022-02-18,GRAVITA INDIA LIMITED,BUY,STREAK_5,367.4752,,367.4752,,
2022-02-18,VEDANTA LIMITED,BUY,STREAK_5,192.8024,,192.8024,,
2022-02-18,GODFREY PHILLIPS INDIA LIMITED,BUY,STREAK_5,329.9611,,329.9611,,
2022-02-18,COROMANDEL INTERNATIONAL LIMITED,BUY,STREAK_5,776.9703,,776.9703,,
2022-02-18,NARAYANA HRUDAYALAYA Limited,BUY,STREAK_5,650.4482,,650.4482,,
2022-02-25,Ircon International Ltd,SELL,TSL_EXIT,40.1468,36.4896,42.698,-9.11,63.0
2022-02-25,REDINGTON LIMITED,SELL,TSL_EXIT,125.6864,133.5554,150.9889,6.26,63.0
2022-02-25,BHARAT PETROLEUM CORPORATION LIMITED,SELL,TSL_EXIT,161.7779,139.1926,163.554,-13.96,49.0
2022-02-25,APTUS VALUE HOUSING FINANCE INDIA LIMITED,SELL,TSL_EXIT,350.15,314.3727,371.9688,-10.22,35.0
2022-02-25,CAN FIN HOMES LIMITED,SELL,TSL_EXIT,618.6431,552.1586,618.6431,-10.75,21.0
2022-02-25,GODFREY PHILLIPS INDIA LIMITED,SELL,52H_BREACH,329.9611,313.1929,329.9611,-5.08,7.0
2022-02-25,TORRENT PHARMACEUTICALS LTD,BUY,STREAK_5,1288.7352,,1288.7352,,
2022-03-04,SWAN CORP LIMITED,SELL,TSL_EXIT,147.1325,160.5672,179.2959,9.13,70.0
2022-03-04,HERO MOTOCORP LIMITED,SELL,TSL_EXIT,2344.73,2014.1749,2381.6899,-14.1,42.0
2022-03-04,BANDHAN BANK LIMITED,SELL,TSL_EXIT,310.5258,266.9047,318.8299,-14.05,21.0
2022-03-04,HINDALCO INDUSTRIES LIMITED,BUY,STREAK_5,567.3049,,567.3049,,
2022-03-04,JINDAL STAINLESS LIMITED,BUY,STREAK_5,194.1541,,194.1541,,
2022-03-04,USHA MARTIN LIMITED,BUY,STREAK_5,84.7891,,84.7891,,
2022-03-04,Capri Global Capital Limited,BUY,STREAK_5,569.1447,,569.1447,,
2022-03-11,MphasiS Limited,BUY,STREAK_5,3007.6978,,3007.6978,,
2022-03-11,NMDC LIMITED,BUY,STREAK_5,34.1595,,34.1595,,
2022-03-18,OIL INDIA LIMITED,SELL,TSL_EXIT,123.9747,121.344,137.5122,-2.12,49.0
2022-03-25,SUPREME PETROCHEM LIMITED,BUY,STREAK_5,420.1589,,420.1589,,
2022-03-25,LEMON TREE HOTELS LIMITED,BUY,STREAK_5,60.9,,60.9,,
2022-03-25,HIMADRI SPECIALITY CHEMICAL LIMITED,BUY,STREAK_5,63.9273,,63.9273,,
2022-03-25,INTELLECT DESIGN ARENA LIMITED,BUY,STREAK_5,844.5032,,844.5032,,
2022-04-01,OIL AND NATURAL GAS CORPORATION LIMITED,SELL,TSL_EXIT,130.1209,130.8293,145.6299,0.54,63.0
2022-04-01,GRAVITA INDIA LIMITED,SELL,TSL_EXIT,367.4752,328.6977,367.4752,-10.55,42.0
2022-04-01,SUN TV NETWORK LIMITED,BUY,STREAK_5,449.9451,,449.9451,,
2022-04-01,BHARAT PETROLEUM CORPORATION LIMITED,BUY,STREAK_5,154.9389,,154.9389,,
2022-04-15,HINDALCO INDUSTRIES LIMITED,SELL,TSL_EXIT,567.3049,531.3017,613.4628,-6.35,42.0
2022-04-15,MphasiS Limited,SELL,TSL_EXIT,3007.6978,2792.5029,3138.6824,-7.15,35.0
2022-04-15,Solar Industries India Limited,BUY,STREAK_6,2969.0935,,2969.0935,,
2022-04-15,ADANI TOTAL GAS LIMITED,BUY,STREAK_5,2498.063,,2498.063,,
2022-04-22,NATIONAL ALUMINIUM CO LTD,SELL,TSL_EXIT,81.8552,95.8896,108.2557,17.15,119.0
2022-04-22,INTELLECT DESIGN ARENA LIMITED,SELL,TSL_EXIT,844.5032,802.1207,957.1954,-5.02,28.0
2022-04-22,ADANI POWER LIMITED,BUY,STREAK_6,51.82,,51.82,,
2022-04-22,POONAWALLA FINCORP LIMITED,BUY,STREAK_5,326.8704,,326.8704,,
2022-04-29,GUJARAT MINERAL DEVELOPMENT CORPORATION LIMITED,SELL,TSL_EXIT,118.2266,166.6407,194.5033,40.95,77.0
2022-04-29,JINDAL STAINLESS LIMITED,SELL,TSL_EXIT,194.1541,179.847,201.3323,-7.37,56.0
2022-04-29,Capri Global Capital Limited,SELL,TSL_EXIT,569.1447,668.3521,746.7458,17.43,56.0
2022-04-29,HIMADRI SPECIALITY CHEMICAL LIMITED,SELL,TSL_EXIT,63.9273,68.8447,82.0574,7.69,35.0
2022-04-29,BLS INTERNATIONAL SERVICES LIMITED,BUY,STREAK_6,88.8708,,88.8708,,
2022-04-29,E.I.D PARRY (INDIA) LIMITED,BUY,STREAK_6,517.9431,,517.9431,,
2022-04-29,SWAN CORP LIMITED,BUY,STREAK_5,321.8836,,321.8836,,
2022-04-29,GE VERNOVA T&D INDIA LIMITED,BUY,STREAK_5,126.3676,,126.3676,,
2022-05-06,JINDAL STEEL LIMITED,SELL,TSL_EXIT,378.9445,497.8795,564.4874,31.39,133.0
2022-05-06,VEDANTA LIMITED,SELL,TSL_EXIT,192.8024,214.2916,240.0493,11.15,77.0
2022-05-06,USHA MARTIN LIMITED,SELL,TSL_EXIT,84.7891,126.9433,153.6201,49.72,63.0
2022-05-06,NMDC LIMITED,SELL,TSL_EXIT,34.1595,33.1062,37.8838,-3.08,56.0
2022-05-06,SUN TV NETWORK LIMITED,SELL,TSL_EXIT,449.9451,408.9589,478.2021,-9.11,35.0
2022-05-06,BHARAT PETROLEUM CORPORATION LIMITED,SELL,TSL_EXIT,154.9389,147.8624,164.5813,-4.57,35.0
2022-05-06,POONAWALLA FINCORP LIMITED,SELL,TSL_EXIT,326.8704,262.0501,326.8704,-19.83,14.0
2022-05-06,GE VERNOVA T&D INDIA LIMITED,SELL,TSL_EXIT,126.3676,111.363,126.3676,-11.87,7.0
2022-05-06,HINDUSTAN UNILEVER LIMITED,BUY,STREAK_6,2002.9502,,2002.9502,,
2022-05-06,CHENNAI PETROLEUM CORPORATION LIMITED,BUY,STREAK_5,246.5768,,246.5768,,
2022-05-06,AIA ENGINEERING LIMITED,BUY,STREAK_5,1881.1787,,1881.1787,,
2022-05-13,ADANI GREEN ENERGY LIMITED,SELL,TSL_EXIT,1950.35,2171.55,2970.5,11.34,98.0
2022-05-13,NARAYANA HRUDAYALAYA Limited,SELL,TSL_EXIT,650.4482,669.9637,752.3842,3.0,84.0
2022-05-13,TORRENT PHARMACEUTICALS LTD,SELL,TSL_EXIT,1288.7352,1230.1022,1369.1831,-4.55,77.0
2022-05-13,LEMON TREE HOTELS LIMITED,SELL,TSL_EXIT,60.9,60.45,68.45,-0.74,49.0
2022-05-13,ADANI POWER LIMITED,SELL,TSL_EXIT,51.82,50.93,59.84,-1.72,21.0
2022-05-13,BLS INTERNATIONAL SERVICES LIMITED,SELL,TSL_EXIT,88.8708,80.7492,89.9274,-9.14,14.0
2022-05-13,SWAN CORP LIMITED,SELL,TSL_EXIT,321.8836,267.3456,328.7757,-16.94,14.0
2022-05-13,UPL LIMITED,BUY,STREAK_5,751.0933,,751.0933,,
2022-05-20,JUPITER WAGONS LIMITED,BUY,STREAK_5,56.2917,,56.2917,,
2022-05-27,SUPREME PETROCHEM LIMITED,SELL,TSL_EXIT,420.1589,349.8961,471.625,-16.72,63.0
2022-05-27,Solar Industries India Limited,SELL,TSL_EXIT,2969.0935,2562.6753,3016.9895,-13.69,42.0
2022-05-27,CHENNAI PETROLEUM CORPORATION LIMITED,SELL,TSL_EXIT,246.5768,244.5264,299.1903,-0.83,21.0
2022-05-27,KAJARIA CERAMICS LIMITED,BUY,STREAK_7,1017.4276,,1017.4276,,
2022-05-27,BLUE DART EXPRESS LIMITED,BUY,STREAK_5,7288.3633,,7288.3633,,
2022-05-27,THE PHOENIX MILLS LIMITED,BUY,STREAK_5,555.0162,,555.0162,,
2022-06-03,KAJARIA CERAMICS LIMITED,SELL,52H_BREACH,1017.4276,979.0696,1037.9366,-3.77,7.0
2022-06-03,ICICI PRUDENTIAL LIFE INSURANCE COMPANY LIMITED,BUY,STREAK_5,546.7809,,546.7809,,
2022-06-03,Anand Rathi Wealth Ltd,BUY,STREAK_5,322.4729,,322.4729,,
2022-06-03,RAIL VIKAS NIGAM LIMITED,BUY,STREAK_5,31.1521,,31.1521,,
2022-06-10,UPL LIMITED,SELL,TSL_EXIT,751.0933,705.7808,789.1021,-6.03,28.0
2022-06-10,AJANTA PHARMA LIMITED,BUY,STREAK_6,1135.8674,,1135.8674,,
2022-06-10,BHARAT DYNAMICS LIMITED,BUY,STREAK_5,401.5401,,401.5401,,
2022-06-10,TVS MOTOR COMPANY LIMITED,BUY,STREAK_5,751.1567,,751.1567,,
2022-06-17,ADANI TOTAL GAS LIMITED,SELL,TSL_EXIT,2498.063,2146.655,2586.614,-14.07,63.0
2022-06-17,E.I.D PARRY (INDIA) LIMITED,SELL,TSL_EXIT,517.9431,483.7517,544.3791,-6.6,49.0
2022-06-17,HINDUSTAN UNILEVER LIMITED,SELL,TSL_EXIT,2002.9502,1984.2021,2217.8584,-0.94,42.0
2022-06-17,JUPITER WAGONS LIMITED,SELL,TSL_EXIT,56.2917,52.0723,62.8441,-7.5,28.0
2022-06-17,BLUE DART EXPRESS LIMITED,SELL,TSL_EXIT,7288.3633,6443.1191,7575.8867,-11.6,21.0
2022-06-17,ICICI PRUDENTIAL LIFE INSURANCE COMPANY LIMITED,SELL,TSL_EXIT,546.7809,505.5956,562.5611,-7.53,14.0
2022-06-17,RAIL VIKAS NIGAM LIMITED,SELL,52H_BREACH,31.1521,28.8587,31.1521,-7.36,14.0
2022-06-17,PG ELECTROPLAST LIMITED,BUY,STREAK_5,85.2146,,85.2146,,
2022-06-17,IIFL FINANCE LIMITED,BUY,STREAK_5,319.9955,,319.9955,,
2022-06-24,BHARAT DYNAMICS LIMITED,SELL,TSL_EXIT,401.5401,355.1063,401.5401,-11.56,14.0
2022-06-24,TEJAS NETWORKS LIMITED,BUY,STREAK_5,439.1216,,439.1216,,
2022-06-24,AMBUJA CEMENTS LIMITED,BUY,STREAK_5,356.1281,,356.1281,,
2022-07-08,VARUN BEVERAGES LIMITED,BUY,STREAK_5,167.9462,,167.9462,,
2022-07-08,APAR INDUSTRIES LIMITED,BUY,STREAK_5,984.3038,,984.3038,,
2022-07-08,SIEMENS LIMITED,BUY,STREAK_5,1553.0974,,1553.0974,,
2022-07-08,HERO MOTOCORP LIMITED,BUY,STREAK_5,2483.0127,,2483.0127,,
2022-07-15,TUBE INVESTMENTS OF INDIA LIMITED,BUY,STREAK_5,1989.4938,,1989.4938,,
2022-07-15,CROMPTON GREAVES CONSUMER ELECTRICALS LIMITED,BUY,STREAK_5,382.9396,,382.9396,,
2022-07-15,TORRENT PHARMACEUTICALS LTD,BUY,STREAK_5,1457.9695,,1457.9695,,
2022-07-22,LINDE INDIA LIMITED,BUY,STREAK_5,3546.1584,,3546.1584,,
2022-07-29,TIMKEN INDIA LIMITED,BUY,STREAK_5,2936.5391,,2936.5391,,
2022-07-29,CUMMINS INDIA LIMITED,BUY,STREAK_5,1160.7389,,1160.7389,,
2022-08-19,LINDE INDIA LIMITED,SELL,TSL_EXIT,3546.1584,3248.4832,3658.7561,-8.39,28.0
2022-08-19,IDFC FIRST BANK LIMITED,BUY,STREAK_8,44.5043,,44.5043,,
2022-09-09,APAR INDUSTRIES LIMITED,SELL,TSL_EXIT,984.3038,1174.1412,1373.6426,19.29,63.0
2022-09-09,ZF COMMERCIAL VEHICLE CONTROL SYSTEMS INDIA LIMITED,BUY,STREAK_7,10138.7988,,10138.7988,,
2022-09-16,TIMKEN INDIA LIMITED,SELL,TSL_EXIT,2936.5391,2866.0835,3362.2695,-2.4,49.0
2022-09-16,THE INDIAN HOTELS COMPANY LIMITED,BUY,STREAK_7,319.2524,,319.2524,,
2022-09-23,AJANTA PHARMA LIMITED,SELL,TSL_EXIT,1135.8674,1205.0259,1345.1464,6.09,105.0
2022-09-23,DATA PATTERNS (INDIA) LIMITED,BUY,STREAK_6,1173.5321,,1173.5321,,
2022-09-30,AMBUJA CEMENTS LIMITED,SELL,TSL_EXIT,356.1281,509.2058,567.2272,42.98,98.0
2022-09-30,VARUN BEVERAGES LIMITED,SELL,TSL_EXIT,167.9462,207.1859,232.2459,23.36,84.0
2022-09-30,SIEMENS LIMITED,SELL,TSL_EXIT,1553.0974,1604.9088,1800.5702,3.34,84.0
2022-09-30,HERO MOTOCORP LIMITED,SELL,TSL_EXIT,2483.0127,2249.6045,2571.0459,-9.4,84.0
2022-09-30,Mazagon Dock Shipbuilders Ltd,BUY,STREAK_6,237.4893,,237.4893,,
2022-09-30,EICHER MOTORS LIMITED,BUY,STREAK_5,3545.7449,,3545.7449,,
2022-09-30,RAILTEL CORPORATION OF INDIA LIMITED,BUY,STREAK_5,98.9852,,98.9852,,
2022-09-30,ASTER DM HEALTHCARE LIMITED,BUY,STREAK_5,190.6245,,190.6245,,
2022-10-14,COROMANDEL INTERNATIONAL LIMITED,SELL,TSL_EXIT,776.9703,940.5872,1052.1599,21.06,238.0
2022-10-14,THE INDIAN HOTELS COMPANY LIMITED,SELL,TSL_EXIT,319.2524,307.107,341.3126,-3.8,28.0
2022-10-14,INOX WIND LIMITED,BUY,STREAK_6,37.6125,,37.6125,,
2022-10-21,TEJAS NETWORKS LIMITED,SELL,TSL_EXIT,439.1216,655.7928,756.9292,49.34,119.0
2022-10-21,CROMPTON GREAVES CONSUMER ELECTRICALS LIMITED,SELL,TSL_EXIT,382.9396,363.8487,410.6021,-4.99,98.0
2022-10-21,CIPLA LIMITED,BUY,STREAK_5,1104.3599,,1104.3599,,
2022-10-21,Anant Raj Limited,BUY,STREAK_5,105.7999,,105.7999,,
2022-10-21,Fortis Healthcare Limited,BUY,STREAK_5,272.7318,,272.7318,,
2022-11-11,PG ELECTROPLAST LIMITED,SELL,TSL_EXIT,85.2146,99.5536,111.6044,16.83,147.0
2022-11-11,TUBE INVESTMENTS OF INDIA LIMITED,SELL,TSL_EXIT,1989.4938,2562.2266,2872.8027,28.79,119.0
2022-11-11,INOX WIND LIMITED,SELL,TSL_EXIT,37.6125,32.15,38.0125,-14.52,28.0
2022-11-11,GODFREY PHILLIPS INDIA LIMITED,BUY,STREAK_6,534.5635,,534.5635,,
2022-11-11,GMR AIRPORTS LIMITED,BUY,STREAK_5,38.15,,38.15,,
2022-11-11,BHARAT FORGE LTD,BUY,STREAK_5,867.2837,,867.2837,,
2022-11-18,ZF COMMERCIAL VEHICLE CONTROL SYSTEMS INDIA LIMITED,SELL,TSL_EXIT,10138.7988,9570.9258,10718.2793,-5.6,70.0
2022-11-18,EICHER MOTORS LIMITED,SELL,TSL_EXIT,3545.7449,3274.0391,3718.4644,-7.66,49.0
2022-11-18,ASTER DM HEALTHCARE LIMITED,SELL,TSL_EXIT,190.6245,167.4384,203.577,-12.16,49.0
2022-11-18,State Bank of India,BUY,STREAK_6,570.0147,,570.0147,,
2022-11-18,SONATA SOFTWARE LIMITED,BUY,STREAK_6,251.6107,,251.6107,,
2022-11-18,ACTION CONSTRUCTION EQUIPMENT LIMITED,BUY,STREAK_5,322.5858,,322.5858,,
2022-11-25,TVS MOTOR COMPANY LIMITED,SELL,TSL_EXIT,751.1567,1020.4772,1152.285,35.85,168.0
2022-11-25,Anant Raj Limited,SELL,TSL_EXIT,105.7999,103.1648,117.6825,-2.49,35.0
2022-11-25,JINDAL STEEL LIMITED,BUY,STREAK_6,517.0755,,517.0755,,
2022-11-25,RAIL VIKAS NIGAM LIMITED,BUY,STREAK_5,70.5506,,70.5506,,
2022-12-09,DATA PATTERNS (INDIA) LIMITED,SELL,TSL_EXIT,1173.5321,1264.9149,1426.3364,7.79,77.0
2022-12-09,RAILTEL CORPORATION OF INDIA LIMITED,SELL,TSL_EXIT,98.9852,121.7322,137.7748,22.98,70.0
2022-12-09,RAIL VIKAS NIGAM LIMITED,SELL,TSL_EXIT,70.5506,64.8237,77.0955,-8.12,14.0
2022-12-09,BANK OF INDIA LIMITED,BUY,STREAK_6,87.4771,,87.4771,,
2022-12-09,REC LIMITED,BUY,STREAK_6,92.9903,,92.9903,,
2022-12-09,BALKRISHNA INDUSTRIES LIMITED,BUY,STREAK_5,2016.1132,,2016.1132,,
2022-12-16,SONATA SOFTWARE LIMITED,SELL,TSL_EXIT,251.6107,254.6558,285.0342,1.21,28.0
2022-12-16,BANK OF INDIA LIMITED,SELL,TSL_EXIT,87.4771,83.6198,93.4926,-4.41,7.0
2022-12-16,POWER FINANCE CORPORATION LIMITED,BUY,STREAK_5,97.0354,,97.0354,,
2022-12-16,CASTROL INDIA LIMITED,BUY,STREAK_5,108.8188,,108.8188,,
2022-12-23,THE PHOENIX MILLS LIMITED,SELL,TSL_EXIT,555.0162,650.7219,768.4881,17.24,210.0
2022-12-23,IIFL FINANCE LIMITED,SELL,TSL_EXIT,319.9955,433.315,500.788,35.41,189.0
2022-12-23,IDFC FIRST BANK LIMITED,SELL,TSL_EXIT,44.5043,52.8271,62.4954,18.7,126.0
2022-12-23,Mazagon Dock Shipbuilders Ltd,SELL,TSL_EXIT,237.4893,340.8543,444.836,43.52,84.0
2022-12-23,Fortis Healthcare Limited,SELL,TSL_EXIT,272.7318,270.4462,301.9477,-0.84,63.0
2022-12-23,GODFREY PHILLIPS INDIA LIMITED,SELL,TSL_EXIT,534.5635,529.9069,645.7357,-0.87,42.0
2022-12-23,GMR AIRPORTS LIMITED,SELL,TSL_EXIT,38.15,37.8,43.85,-0.92,42.0
2022-12-23,ACTION CONSTRUCTION EQUIPMENT LIMITED,SELL,TSL_EXIT,322.5858,267.5611,338.4066,-17.06,35.0
2022-12-23,JM FINANCIAL LIMITED,BUY,STREAK_5,63.3444,,63.3444,,
2022-12-23,MULTI COMMODITY EXCHANGE OF INDIA LIMITED,BUY,STREAK_5,304.1226,,304.1226,,
2022-12-23,SUNDARAM FINANCE LIMITED,BUY,STREAK_5,2227.5762,,2227.5762,,
2022-12-30,FERTILISERS AND CHEMICALS TRAVANCORE LTD,BUY,STREAK_5,372.122,,372.122,,
2022-12-30,APAR INDUSTRIES LIMITED,BUY,STREAK_5,1752.2701,,1752.2701,,
2022-12-30,CRAFTSMAN AUTOMATION LIMITED,BUY,STREAK_5,3471.9822,,3471.9822,,
2022-12-30,RBL BANK LIMITED,BUY,STREAK_5,176.3692,,176.3692,,
2022-12-30,HINDUSTAN ZINC LIMITED,BUY,STREAK_5,254.4064,,254.4064,,
2023-01-06,AIA ENGINEERING LIMITED,SELL,TSL_EXIT,1881.1787,2478.0723,2796.0366,31.73,245.0
2023-01-06,SWAN CORP LIMITED,BUY,STREAK_6,310.6269,,310.6269,,
2023-01-13,FERTILISERS AND CHEMICALS TRAVANCORE LTD,SELL,TSL_EXIT,372.122,320.2432,372.122,-13.94,14.0
2023-01-20,CIPLA LIMITED,SELL,TSL_EXIT,1104.3599,1025.2371,1141.9746,-7.16,91.0
2023-01-27,State Bank of India,SELL,TSL_EXIT,570.0147,510.6678,591.5782,-10.41,70.0
2023-01-27,POWER FINANCE CORPORATION LIMITED,SELL,TSL_EXIT,97.0354,93.2664,109.1649,-3.88,42.0
2023-01-27,JM FINANCIAL LIMITED,SELL,TSL_EXIT,63.3444,62.1766,69.3238,-1.84,35.0
2023-01-27,APAR INDUSTRIES LIMITED,SELL,TSL_EXIT,1752.2701,1463.4501,1800.2521,-16.48,28.0
2023-01-27,CRAFTSMAN AUTOMATION LIMITED,SELL,TSL_EXIT,3471.9822,3197.3882,3604.012,-7.91,28.0
2023-01-27,RBL BANK LIMITED,SELL,TSL_EXIT,176.3692,148.1049,183.4967,-16.03,28.0
2023-01-27,INDIAMART INTERMESH LIMITED,BUY,STREAK_6,2147.3755,,2147.3755,,
2023-01-27,JINDAL SAW LIMITED,BUY,STREAK_5,56.6248,,56.6248,,
2023-01-27,HOME FIRST FINANCE COMPANY INDIA LIMITED,BUY,STREAK_5,750.884,,750.884,,
2023-01-27,ZEN TECHNOLOGIES LIMITED,BUY,STREAK_5,191.6689,,191.6689,,
2023-01-27,APL Apollo Tubes Limited,BUY,STREAK_5,1127.569,,1127.569,,
2023-02-03,SWAN CORP LIMITED,SELL,TSL_EXIT,310.6269,272.6042,363.5388,-12.24,28.0
2023-02-03,TIMKEN INDIA LIMITED,BUY,STREAK_5,3053.0002,,3053.0002,,
2023-02-03,HAVELLS INDIA LIMITED,BUY,STREAK_5,1175.1174,,1175.1174,,
2023-02-03,ORACLE FINANCIAL SERVICES SOFTWARE LIMITED,BUY,STREAK_5,2714.1135,,2714.1135,,
2023-02-03,CHOLAMANDALAM FINANCIAL HOLDINGS LIMITED,BUY,STREAK_5,599.6176,,599.6176,,
2023-02-10,MULTI COMMODITY EXCHANGE OF INDIA LIMITED,SELL,TSL_EXIT,304.1226,280.8663,319.6235,-7.65,49.0
2023-02-10,ZYDUS LIFESCIENCES LIMITED,BUY,STREAK_5,462.6588,,462.6588,,
2023-02-17,TORRENT PHARMACEUTICALS LTD,SELL,TSL_EXIT,1457.9695,1443.9547,1627.2976,-0.96,217.0
2023-02-17,BALKRISHNA INDUSTRIES LIMITED,SELL,TSL_EXIT,2016.1132,1991.4415,2282.1721,-1.22,70.0
2023-02-17,HINDUSTAN ZINC LIMITED,SELL,TSL_EXIT,254.4064,266.1765,298.5737,4.63,49.0
2023-02-17,FINOLEX CABLES LIMITED,BUY,STREAK_6,666.8585,,666.8585,,
2023-02-17,POLYCAB INDIA LIMITED,BUY,STREAK_6,2967.436,,2967.436,,
2023-02-17,MAHINDRA AND MAHINDRA FINANCIAL SERVICES LIMITED,BUY,STREAK_5,246.1622,,246.1622,,
2023-03-03,CASTROL INDIA LIMITED,SELL,TSL_EXIT,108.8188,97.3354,108.8188,-10.55,77.0
2023-03-03,SONATA SOFTWARE LIMITED,BUY,STREAK_7,380.8448,,380.8448,,
2023-03-10,HOME FIRST FINANCE COMPANY INDIA LIMITED,SELL,TSL_EXIT,750.884,670.849,768.2463,-10.66,42.0
2023-03-10,TIMKEN INDIA LIMITED,SELL,TSL_EXIT,3053.0002,2788.074,3120.282,-8.68,35.0
2023-03-10,CHOLAMANDALAM FINANCIAL HOLDINGS LIMITED,SELL,TSL_EXIT,599.6176,570.4654,643.8951,-4.86,35.0
2023-03-10,STAR HEALTH AND ALLIED INSURANCE COMPANY LIMITED,BUY,STREAK_6,578.45,,578.45,,
2023-03-10,TRIVENI TURBINE LIMITED,BUY,STREAK_5,333.4061,,333.4061,,
2023-03-10,JBM AUTO LIMITED,BUY,STREAK_5,320.6869,,320.6869,,
2023-03-17,BHARAT FORGE LTD,SELL,TSL_EXIT,867.2837,784.34,890.0844,-9.56,126.0
2023-03-17,JINDAL SAW LIMITED,SELL,TSL_EXIT,56.6248,75.176,84.8158,32.76,49.0
2023-03-17,MAHINDRA AND MAHINDRA FINANCIAL SERVICES LIMITED,SELL,TSL_EXIT,246.1622,221.3348,246.1622,-10.09,28.0
2023-03-17,STAR HEALTH AND ALLIED INSURANCE COMPANY LIMITED,SELL,52H_BREACH,578.45,535.05,578.45,-7.5,7.0
2023-03-17,TRIVENI TURBINE LIMITED,SELL,TSL_EXIT,333.4061,295.3194,333.4061,-11.42,7.0
2023-03-17,RITES LIMITED,BUY,STREAK_6,162.5949,,162.5949,,
2023-03-17,HCL TECHNOLOGIES LIMITED,BUY,STREAK_5,988.2555,,988.2555,,
2023-03-24,JINDAL STEEL LIMITED,SELL,TSL_EXIT,517.0755,530.2803,605.6376,2.55,119.0
2023-03-24,ABB INDIA LIMITED,BUY,STREAK_5,3294.2109,,3294.2109,,
2023-03-24,GAIL (INDIA) LIMITED,BUY,STREAK_5,93.2477,,93.2477,,
2023-03-31,NCC LIMITED,BUY,STREAK_5,102.8485,,102.8485,,
2023-03-31,J. K. CEMENT LIMITED.,BUY,STREAK_5,2889.5481,,2889.5481,,
2023-04-28,ZEN TECHNOLOGIES LIMITED,SELL,TSL_EXIT,191.6689,290.2971,337.7902,51.46,91.0
2023-04-28,KEI INDUSTRIES LIMITED,BUY,STREAK_7,1888.9503,,1888.9503,,
2023-05-12,APL Apollo Tubes Limited,SELL,TSL_EXIT,1127.569,1167.6537,1307.604,3.55,105.0
2023-05-12,GE VERNOVA T&D INDIA LIMITED,BUY,STREAK_9,217.5416,,217.5416,,
2023-05-19,RITES LIMITED,SELL,TSL_EXIT,162.5949,168.134,192.5471,3.41,63.0
2023-05-19,GLOBAL HEALTH LIMITED,BUY,STREAK_6,559.1987,,559.1987,,
2023-05-26,GE VERNOVA T&D INDIA LIMITED,SELL,TSL_EXIT,217.5416,193.8134,236.8333,-10.91,14.0
2023-05-26,INDIAN OIL CORPORATION LIMITED,BUY,STREAK_6,74.9088,,74.9088,,
2023-06-02,FINOLEX CABLES LIMITED,SELL,TSL_EXIT,666.8585,778.4828,895.7347,16.74,105.0
2023-06-02,Jubilant FoodWorks Limited,BUY,STREAK_5,488.9554,,488.9554,,
2023-06-23,Jubilant FoodWorks Limited,SELL,52H_BREACH,488.9554,475.8385,495.0171,-2.68,21.0
2023-06-23,CAN FIN HOMES LIMITED,BUY,STREAK_6,713.4012,,713.4012,,
2023-07-28,CAN FIN HOMES LIMITED,SELL,TSL_EXIT,713.4012,711.4434,864.1313,-0.27,35.0
2023-07-28,RBL BANK LIMITED,BUY,STREAK_6,230.1451,,230.1451,,
2023-08-04,JBM AUTO LIMITED,SELL,TSL_EXIT,320.6869,655.8553,741.8719,104.52,147.0
2023-08-04,LUPIN LIMITED,BUY,STREAK_5,1052.8076,,1052.8076,,
2023-08-11,CUMMINS INDIA LIMITED,SELL,TSL_EXIT,1160.7389,1682.9651,1905.1696,44.99,378.0
2023-08-11,KEI INDUSTRIES LIMITED,SELL,TSL_EXIT,1888.9503,2321.2043,2614.5574,22.88,105.0
2023-08-11,SHYAM METALICS AND ENERGY LIMITED,BUY,STREAK_5,459.9816,,459.9816,,
2023-08-11,GODAWARI POWER AND ISPAT LIMITED,BUY,STREAK_5,571.8654,,571.8654,,
2023-09-15,NCC LIMITED,SELL,TSL_EXIT,102.8485,142.9243,168.097,38.97,168.0
2023-09-15,GRAVITA INDIA LIMITED,BUY,STREAK_6,796.7258,,796.7258,,
2023-09-22,SHYAM METALICS AND ENERGY LIMITED,SELL,TSL_EXIT,459.9816,430.1969,481.4048,-6.48,42.0
2023-09-22,LIC HOUSING FINANCE LTD,BUY,STREAK_7,446.5135,,446.5135,,
2023-09-29,INDIAMART INTERMESH LIMITED,SELL,TSL_EXIT,2147.3755,2795.1802,3175.7844,30.17,245.0
2023-09-29,ABB INDIA LIMITED,SELL,TSL_EXIT,3294.2109,4045.6399,4559.5571,22.81,189.0
2023-09-29,CHOICE INTERNATIONAL LIMITED,BUY,STREAK_7,210.575,,210.575,,
2023-09-29,CHENNAI PETROLEUM CORPORATION LIMITED,BUY,STREAK_6,479.8296,,479.8296,,
2023-10-13,ZYDUS LIFESCIENCES LIMITED,SELL,TSL_EXIT,462.6588,583.7898,652.4302,26.18,245.0
2023-10-13,GUJARAT MINERAL DEVELOPMENT CORPORATION LIMITED,BUY,STREAK_5,391.1084,,391.1084,,
2023-10-20,HAVELLS INDIA LIMITED,SELL,TSL_EXIT,1175.1174,1273.7229,1428.6837,8.39,259.0
2023-10-20,ORACLE FINANCIAL SERVICES SOFTWARE LIMITED,SELL,TSL_EXIT,2714.1135,3632.342,4066.8669,33.83,259.0
2023-10-20,EICHER MOTORS LIMITED,BUY,STREAK_6,3398.6851,,3398.6851,,
2023-10-20,LAURUS LABS LIMITED,BUY,STREAK_5,398.9287,,398.9287,,
2023-10-27,GAIL (INDIA) LIMITED,SELL,TSL_EXIT,93.2477,106.5366,118.384,14.25,217.0
2023-10-27,J. K. CEMENT LIMITED.,SELL,TSL_EXIT,2889.5481,3054.158,3396.9946,5.7,210.0
2023-10-27,INDIAN OIL CORPORATION LIMITED,SELL,TSL_EXIT,74.9088,74.433,82.9229,-0.64,154.0
2023-10-27,RBL BANK LIMITED,SELL,TSL_EXIT,230.1451,223.9118,253.0144,-2.71,91.0
2023-10-27,CHENNAI PETROLEUM CORPORATION LIMITED,SELL,TSL_EXIT,479.8296,503.1063,562.309,4.85,28.0
2023-10-27,GUJARAT MINERAL DEVELOPMENT CORPORATION LIMITED,SELL,TSL_EXIT,391.1084,352.5235,398.5193,-9.87,14.0
2023-10-27,LAURUS LABS LIMITED,SELL,TSL_EXIT,398.9287,355.0013,398.9287,-11.01,7.0
2023-10-27,BSE Limited,BUY,STREAK_5,615.6374,,615.6374,,
2023-10-27,Solar Industries India Limited,BUY,STREAK_5,5230.6899,,5230.6899,,
2023-10-27,MAX HEALTHCARE INSTITUTE LIMITED,BUY,STREAK_5,562.1774,,562.1774,,
2023-11-03,BIRLASOFT LIMITED,BUY,STREAK_5,568.8834,,568.8834,,
2023-11-03,KALYAN JEWELLERS INDIA LIMITED,BUY,STREAK_5,303.0818,,303.0818,,
2023-11-10,PRESTIGE ESTATES PROJECTS LIMITED,BUY,STREAK_5,871.3107,,871.3107,,
2023-11-10,RADICO KHAITAN LIMITED,BUY,STREAK_5,1389.752,,1389.752,,
2023-12-01,Solar Industries India Limited,SELL,TSL_EXIT,5230.6899,6180.4668,7380.6084,18.16,35.0
2023-12-01,BALRAMPUR CHINI MILLS LTD,BUY,STREAK_7,465.2321,,465.2321,,
2023-12-08,BALRAMPUR CHINI MILLS LTD,SELL,TSL_EXIT,465.2321,387.4796,465.2321,-16.71,7.0
2023-12-08,CITY UNION BANK LIMITED,BUY,STREAK_7,152.9352,,152.9352,,
2023-12-22,MAX HEALTHCARE INSTITUTE LIMITED,SELL,TSL_EXIT,562.1774,647.0325,720.8195,15.09,56.0
2023-12-22,CITY UNION BANK LIMITED,SELL,TSL_EXIT,152.9352,143.7571,162.2114,-6.0,14.0
2023-12-22,BAJAJ AUTO LIMITED.,BUY,STREAK_7,6164.4971,,6164.4971,,
2023-12-22,ALKEM LABORATORIES LIMITED,BUY,STREAK_6,4792.894,,4792.894,,
2023-12-29,BSE Limited,SELL,TSL_EXIT,615.6374,734.0261,830.0918,19.23,63.0
2023-12-29,JSW STEEL LIMITED,BUY,STREAK_7,871.0626,,871.0626,,
2024-01-05,GODAWARI POWER AND ISPAT LIMITED,SELL,TSL_EXIT,571.8654,152.7892,748.2756,-73.28,147.0
2024-01-05,RELIANCE INDUSTRIES LIMITED,BUY,STREAK_7,1294.2705,,1294.2705,,
2024-01-12,POLYCAB INDIA LIMITED,SELL,TSL_EXIT,2967.436,3940.606,5634.3369,32.79,329.0
2024-01-12,GRAVITA INDIA LIMITED,SELL,TSL_EXIT,796.7258,1007.7987,1140.636,26.49,119.0
2024-01-12,VEDANTA LIMITED,BUY,STREAK_7,231.4426,,231.4426,,
2024-01-12,TORRENT PHARMACEUTICALS LTD,BUY,STREAK_5,2403.1814,,2403.1814,,
2024-01-19,EICHER MOTORS LIMITED,SELL,TSL_EXIT,3398.6851,3612.0732,4081.615,6.28,91.0
2024-01-19,TATA CONSUMER PRODUCTS LIMITED,BUY,STREAK_5,1145.2577,,1145.2577,,
2024-01-26,PRESTIGE ESTATES PROJECTS LIMITED,SELL,TSL_EXIT,871.3107,1202.1621,1377.6417,37.97,77.0
2024-01-26,NBCC (INDIA) LIMITED,BUY,STREAK_5,75.2209,,75.2209,,
2024-02-02,KALYAN JEWELLERS INDIA LIMITED,SELL,TSL_EXIT,303.0818,346.1091,388.6888,14.2,91.0
2024-02-02,PETRONET LNG LIMITED,BUY,STREAK_6,252.5798,,252.5798,,
2024-02-09,NBCC (INDIA) LIMITED,SELL,TSL_EXIT,75.2209,97.0264,110.6016,28.99,14.0
2024-02-09,OLECTRA GREENTECH LIMITED,BUY,STREAK_6,1998.7961,,1998.7961,,
2024-03-01,GLOBAL HEALTH LIMITED,SELL,TSL_EXIT,559.1987,1298.1827,1486.515,132.15,287.0
2024-03-01,REDINGTON LIMITED,BUY,STREAK_8,200.646,,200.646,,
2024-03-08,RADICO KHAITAN LIMITED,SELL,TSL_EXIT,1389.752,1559.0601,1739.3829,12.18,119.0
2024-03-08,OLECTRA GREENTECH LIMITED,SELL,TSL_EXIT,1998.7961,1896.4949,2134.0818,-5.12,28.0
2024-03-08,ZYDUS LIFESCIENCES LIMITED,BUY,STREAK_8,963.2852,,963.2852,,
2024-03-08,NATIONAL ALUMINIUM CO LTD,BUY,STREAK_7,149.5192,,149.5192,,
2024-03-15,REC LIMITED,SELL,TSL_EXIT,92.9903,402.3058,459.1797,332.63,462.0
2024-03-15,SONATA SOFTWARE LIMITED,SELL,TSL_EXIT,380.8448,711.4316,834.1207,86.8,378.0
2024-03-15,LIC HOUSING FINANCE LTD,SELL,TSL_EXIT,446.5135,566.9059,639.1995,26.96,175.0
2024-03-15,CHOICE INTERNATIONAL LIMITED,SELL,TSL_EXIT,210.575,250.9,289.55,19.15,168.0
2024-03-15,BIRLASOFT LIMITED,SELL,TSL_EXIT,568.8834,736.4879,831.7041,29.46,133.0
2024-03-15,JSW STEEL LIMITED,SELL,TSL_EXIT,871.0626,772.5022,871.0626,-11.31,77.0
2024-03-15,NATIONAL ALUMINIUM CO LTD,SELL,TSL_EXIT,149.5192,124.9658,149.5192,-16.42,7.0
2024-03-15,ICICI PRUDENTIAL LIFE INSURANCE COMPANY LIMITED,BUY,STREAK_7,566.4117,,566.4117,,
2024-03-15,KALPATARU PROJECTS INTERNATIONAL LIMITED,BUY,STREAK_6,1015.5403,,1015.5403,,
2024-03-15,PIDILITE INDUSTRIES LIMITED,BUY,STREAK_6,1417.052,,1417.052,,
2024-03-15,TRANSFORMERS AND RECTIFIERS (INDIA) LIMITED,BUY,STREAK_5,164.5318,,164.5318,,
2024-03-15,BLUE STAR LIMITED,BUY,STREAK_5,1268.6217,,1268.6217,,
2024-03-15,ULTRATECH CEMENT LIMITED,BUY,STREAK_5,9515.8428,,9515.8428,,
2024-03-15,DELHIVERY LIMITED,BUY,STREAK_5,437.85,,437.85,,
2024-03-22,ALKEM LABORATORIES LIMITED,SELL,TSL_EXIT,4792.894,4702.3174,5371.9663,-1.89,91.0
2024-03-22,TATA CONSUMER PRODUCTS LIMITED,SELL,TSL_EXIT,1145.2577,1106.8589,1243.6945,-3.35,63.0
2024-03-22,PETRONET LNG LIMITED,SELL,TSL_EXIT,252.5798,243.1122,272.968,-3.75,49.0
2024-03-22,SUN PHARMACEUTICAL INDUSTRIES LIMITED,BUY,STREAK_5,1578.7207,,1578.7207,,
2024-03-22,Solar Industries India Limited,BUY,STREAK_5,9309.5234,,9309.5234,,
2024-03-22,BLUE JET HEALTHCARE LIMITED,BUY,STREAK_5,368.3438,,368.3438,,
2024-04-19,HCL TECHNOLOGIES LIMITED,SELL,TSL_EXIT,988.2555,1346.887,1569.1813,36.29,399.0
2024-04-19,FORCE MOTORS LIMITED,BUY,STREAK_6,9271.1533,,9271.1533,,
2024-04-26,TRANSFORMERS AND RECTIFIERS (INDIA) LIMITED,SELL,TSL_EXIT,164.5318,313.8948,366.0981,90.78,42.0
2024-04-26,SIEMENS LIMITED,BUY,STREAK_7,3362.5229,,3362.5229,,
2024-05-03,BLUE JET HEALTHCARE LIMITED,SELL,TSL_EXIT,368.3438,369.5892,412.2322,0.34,42.0
2024-05-03,VOLTAS LIMITED,BUY,STREAK_6,1477.8273,,1477.8273,,
2024-05-10,VOLTAS LIMITED,SELL,TSL_EXIT,1477.8273,1275.7471,1477.8273,-13.67,7.0
2024-05-10,ZYDUS WELLNESS LIMITED,BUY,STREAK_6,340.492,,340.492,,
2024-05-17,FORCE MOTORS LIMITED,SELL,TSL_EXIT,9271.1533,8821.873,9903.6904,-4.85,28.0
2024-05-17,APAR INDUSTRIES LIMITED,BUY,STREAK_5,7893.2173,,7893.2173,,
2024-05-24,DELHIVERY LIMITED,SELL,TSL_EXIT,437.85,404.95,464.55,-7.51,70.0
2024-05-24,BLUE DART EXPRESS LIMITED,BUY,STREAK_6,7331.689,,7331.689,,
2024-05-31,SUNDARAM FINANCE LIMITED,SELL,TSL_EXIT,2227.5762,4228.9062,4786.8691,89.84,525.0
2024-05-31,REDINGTON LIMITED,SELL,TSL_EXIT,200.646,188.3819,212.5774,-6.11,91.0
2024-05-31,ICICI PRUDENTIAL LIFE INSURANCE COMPANY LIMITED,SELL,TSL_EXIT,566.4117,544.1644,627.5174,-3.93,77.0
2024-05-31,SUN PHARMACEUTICAL INDUSTRIES LIMITED,SELL,TSL_EXIT,1578.7207,1432.4175,1598.6888,-9.27,70.0
2024-05-31,Techno Electric & Engineering Company Limited,BUY,STREAK_5,1403.4739,,1403.4739,,
2024-05-31,HAVELLS INDIA LIMITED,BUY,STREAK_5,1889.3949,,1889.3949,,
2024-05-31,OBEROI REALTY LIMITED,BUY,STREAK_5,1803.0419,,1803.0419,,
2024-05-31,RHI Magnesita India Limited,BUY,STREAK_5,700.5486,,700.5486,,
2024-06-07,Techno Electric & Engineering Company Limited,SELL,TSL_EXIT,1403.4739,1217.693,1487.7803,-13.24,7.0
2024-06-07,BRIGADE ENTERPRISES LIMITED,BUY,STREAK_5,1383.6105,,1383.6105,,
2024-06-28,RHI Magnesita India Limited,SELL,TSL_EXIT,700.5486,631.2021,706.1459,-9.9,28.0
2024-06-28,SAMVARDHANA MOTHERSON INTERNATIONAL LIMITED,BUY,STREAK_6,125.1513,,125.1513,,
2024-07-12,OBEROI REALTY LIMITED,SELL,TSL_EXIT,1803.0419,1683.9908,1917.24,-6.6,42.0
2024-07-12,ORACLE FINANCIAL SERVICES SOFTWARE LIMITED,BUY,STREAK_7,10072.7725,,10072.7725,,
2024-07-19,BLUE STAR LIMITED,SELL,TSL_EXIT,1268.6217,1632.2096,1828.7975,28.66,126.0
2024-07-19,Solar Industries India Limited,SELL,TSL_EXIT,9309.5234,10862.748,12354.7559,16.68,119.0
2024-07-19,SIEMENS LIMITED,SELL,TSL_EXIT,3362.5229,4006.9507,4612.5679,19.17,84.0
2024-07-19,APAR INDUSTRIES LIMITED,SELL,TSL_EXIT,7893.2173,7923.8955,8920.3359,0.39,63.0
2024-07-19,BRIGADE ENTERPRISES LIMITED,SELL,TSL_EXIT,1383.6105,1264.7037,1414.7812,-8.59,42.0
2024-07-19,ATUL LIMITED,BUY,STREAK_7,6925.0547,,6925.0547,,
2024-07-19,RAIL VIKAS NIGAM LIMITED,BUY,STREAK_5,606.2878,,606.2878,,
2024-07-19,COFORGE LIMITED,BUY,STREAK_5,1176.3909,,1176.3909,,
2024-07-19,KOTAK MAHINDRA BANK LIMITED,BUY,STREAK_5,363.9005,,363.9005,,
2024-07-19,BATA INDIA LTD,BUY,STREAK_5,1490.1627,,1490.1627,,
2024-07-26,Anand Rathi Wealth Ltd,SELL,TSL_EXIT,322.4729,1832.1121,2076.8896,468.14,784.0
2024-07-26,BLUE DART EXPRESS LIMITED,SELL,TSL_EXIT,7331.689,7860.686,8896.6465,7.22,63.0
2024-07-26,RAIL VIKAS NIGAM LIMITED,SELL,TSL_EXIT,606.2878,545.6343,616.512,-10.0,7.0
2024-07-26,TATA CONSUMER PRODUCTS LIMITED,BUY,STREAK_5,1204.7213,,1204.7213,,
2024-07-26,HDFC LIFE INSURANCE COMPANY LIMITED,BUY,STREAK_5,701.4112,,701.4112,,
2024-07-26,ICICI LOMBARD GENERAL INSURANCE COMPANY LIMITED,BUY,STREAK_5,1948.0477,,1948.0477,,
2024-08-09,KALPATARU PROJECTS INTERNATIONAL LIMITED,SELL,TSL_EXIT,1015.5403,1231.3235,1382.6405,21.25,147.0
2024-08-09,BATA INDIA LTD,SELL,TSL_EXIT,1490.1627,1421.7833,1596.3779,-4.59,21.0
2024-08-09,ETERNAL LIMITED,BUY,STREAK_6,267.09,,267.09,,
2024-08-09,CRISIL Limited,BUY,STREAK_6,4315.3462,,4315.3462,,
2024-08-30,ZYDUS LIFESCIENCES LIMITED,SELL,TSL_EXIT,963.2852,1115.1259,1286.1665,15.76,175.0
2024-08-30,MULTI COMMODITY EXCHANGE OF INDIA LIMITED,BUY,STREAK_7,1031.2578,,1031.2578,,
2024-09-20,ZYDUS WELLNESS LIMITED,SELL,TSL_EXIT,340.492,414.89,478.131,21.85,133.0
2024-09-20,BAJAJ FINANCE LIMITED,BUY,STREAK_8,753.5949,,753.5949,,
2024-10-04,RELIANCE INDUSTRIES LIMITED,SELL,TSL_EXIT,1294.2705,1381.0094,1589.1381,6.7,273.0
2024-10-04,ORACLE FINANCIAL SERVICES SOFTWARE LIMITED,SELL,TSL_EXIT,10072.7725,10449.04,11717.3379,3.74,84.0
2024-10-04,SARDA ENERGY & MINERALS LIMITED,BUY,STREAK_7,478.9978,,478.9978,,
2024-10-04,Anant Raj Limited,BUY,STREAK_6,720.1831,,720.1831,,
2024-10-18,BAJAJ AUTO LIMITED.,SELL,TSL_EXIT,6164.4971,9815.1943,12353.3184,59.22,301.0
2024-10-18,HAVELLS INDIA LIMITED,SELL,TSL_EXIT,1889.3949,1832.3353,2062.8508,-3.02,140.0
2024-10-18,TATA CONSUMER PRODUCTS LIMITED,SELL,TSL_EXIT,1204.7213,1085.207,1213.7544,-9.92,84.0
2024-10-18,ICICI LOMBARD GENERAL INSURANCE COMPANY LIMITED,SELL,TSL_EXIT,1948.0477,2001.1727,2252.9346,2.73,84.0
2024-10-18,ETERNAL LIMITED,SELL,TSL_EXIT,267.09,257.45,297.0,-3.61,70.0
2024-10-18,BAJAJ FINANCE LIMITED,SELL,TSL_EXIT,753.5949,685.7238,772.0759,-9.01,28.0
2024-10-18,JM FINANCIAL LIMITED,BUY,STREAK_6,154.2495,,154.2495,,
2024-10-18,GRAPHITE INDIA LIMITED,BUY,STREAK_6,562.3632,,562.3632,,
2024-10-18,SIEMENS LIMITED,BUY,STREAK_5,4564.2808,,4564.2808,,
2024-10-18,VARUN BEVERAGES LIMITED,BUY,STREAK_5,586.343,,586.343,,
2024-10-18,NAVIN FLUORINE INTERNATIONAL LIMITED,BUY,STREAK_5,3362.3843,,3362.3843,,
2024-10-18,RHI Magnesita India Limited,BUY,STREAK_5,602.54,,602.54,,
2024-10-25,VEDANTA LIMITED,SELL,TSL_EXIT,231.4426,417.6424,473.3556,80.45,287.0
2024-10-25,SAMVARDHANA MOTHERSON INTERNATIONAL LIMITED,SELL,TSL_EXIT,125.1513,125.285,142.0826,0.11,119.0
2024-10-25,Anant Raj Limited,SELL,TSL_EXIT,720.1831,659.8058,778.3132,-8.38,21.0
2024-10-25,JM FINANCIAL LIMITED,SELL,TSL_EXIT,154.2495,130.9211,154.2495,-15.12,7.0
2024-10-25,GRAPHITE INDIA LIMITED,SELL,TSL_EXIT,562.3632,484.9414,562.3632,-13.77,7.0
2024-10-25,SIEMENS LIMITED,SELL,TSL_EXIT,4564.2808,3963.8115,4564.2808,-13.16,7.0
2024-10-25,RHI Magnesita India Limited,SELL,52H_BREACH,602.54,563.4948,602.54,-6.48,7.0
2024-10-25,THE RAMCO CEMENTS LIMITED,BUY,STREAK_5,851.5806,,851.5806,,
2024-11-01,SARDA ENERGY & MINERALS LIMITED,SELL,TSL_EXIT,478.9978,454.3098,510.9177,-5.15,28.0
2024-11-01,POLY MEDICURE LIMITED,BUY,STREAK_5,3123.415,,3123.415,,
2024-11-01,GODFREY PHILLIPS INDIA LIMITED,BUY,STREAK_5,2195.7017,,2195.7017,,
2024-11-01,RADICO KHAITAN LIMITED,BUY,STREAK_5,2398.9209,,2398.9209,,
2024-11-01,SYRMA SGS TECHNOLOGY LIMITED,BUY,STREAK_5,508.0596,,508.0596,,
2024-11-08,TORRENT PHARMACEUTICALS LTD,SELL,TSL_EXIT,2403.1814,3147.4739,3499.0239,30.97,301.0
2024-11-08,POLY MEDICURE LIMITED,SELL,TSL_EXIT,3123.415,2776.125,3123.415,-11.12,7.0
2024-11-08,APOLLO HOSPITALS ENTERPRISE LIMITED,BUY,STREAK_5,7391.6309,,7391.6309,,
2024-11-08,OBEROI REALTY LIMITED,BUY,STREAK_5,2004.6965,,2004.6965,,
2024-11-08,3M INDIA LIMITED,BUY,STREAK_5,35319.0,,35319.0,,
2024-11-08,BHARAT ELECTRONICS LIMITED,BUY,STREAK_5,294.1723,,294.1723,,
2024-11-15,LUPIN LIMITED,SELL,TSL_EXIT,1052.8076,2003.3898,2276.0439,90.29,469.0
2024-11-15,PIDILITE INDUSTRIES LIMITED,SELL,TSL_EXIT,1417.052,1500.5521,1670.2625,5.89,245.0
2024-11-15,ULTRATECH CEMENT LIMITED,SELL,TSL_EXIT,9515.8428,10660.9238,11989.0049,12.03,245.0
2024-11-15,KOTAK MAHINDRA BANK LIMITED,SELL,TSL_EXIT,363.9005,341.1866,386.4944,-6.24,119.0
2024-11-15,MULTI COMMODITY EXCHANGE OF INDIA LIMITED,SELL,TSL_EXIT,1031.2578,1185.6019,1359.7567,14.97,77.0
2024-11-15,GODFREY PHILLIPS INDIA LIMITED,SELL,TSL_EXIT,2195.7017,2003.8412,2329.0156,-8.74,14.0
2024-11-15,CARTRADE TECH LIMITED,BUY,STREAK_5,1183.6,,1183.6,,
2024-11-15,AAVAS FINANCIERS LIMITED,BUY,STREAK_5,1650.2,,1650.2,,
2024-11-22,3M INDIA LIMITED,SELL,TSL_EXIT,35319.0,30167.2949,35319.0,-14.59,14.0
2024-11-22,DIVI'S LABORATORIES LIMITED,BUY,STREAK_5,5971.1611,,5971.1611,,
2024-11-22,KRISHNA INSTITUTE OF MEDICAL SCIENCES LIMITED,BUY,STREAK_5,595.25,,595.25,,
2024-11-22,BSE Limited,BUY,STREAK_5,1568.3701,,1568.3701,,
2024-11-22,SBFC FINANCE LIMITED,BUY,STREAK_5,84.27,,84.27,,
2024-11-22,Devyani International Limited,BUY,STREAK_5,167.83,,167.83,,
2024-11-22,SAMMAAN CAPITAL LIMITED,BUY,STREAK_5,155.79,,155.79,,
2024-11-29,HDFC LIFE INSURANCE COMPANY LIMITED,SELL,TSL_EXIT,701.4112,655.937,756.7084,-6.48,126.0
2024-11-29,Devyani International Limited,SELL,52H_BREACH,167.83,165.23,168.52,-1.55,7.0
2024-11-29,JUBILANT INGREVIA LIMITED,BUY,STREAK_5,776.5195,,776.5195,,
2024-11-29,CONCORD BIOTECH LIMITED,BUY,STREAK_5,2114.0188,,2114.0188,,
2024-12-13,ATUL LIMITED,SELL,TSL_EXIT,6925.0547,7187.2778,8009.5801,3.79,147.0
2024-12-13,INFO EDGE (INDIA) LIMITED,BUY,STREAK_6,1729.3278,,1729.3278,,
2024-12-20,SBFC FINANCE LIMITED,SELL,TSL_EXIT,84.27,84.54,94.16,0.32,28.0
2024-12-20,SAMMAAN CAPITAL LIMITED,SELL,52H_BREACH,155.79,151.87,167.87,-2.52,28.0
2024-12-20,SHREE CEMENT LIMITED,BUY,STREAK_7,26886.2207,,26886.2207,,
2024-12-20,KAYNES TECHNOLOGY INDIA LIMITED,BUY,STREAK_5,7303.6499,,7303.6499,,
2025-01-10,CRISIL Limited,SELL,TSL_EXIT,4315.3462,5562.5073,6520.4727,28.9,154.0
2025-01-10,THE RAMCO CEMENTS LIMITED,SELL,TSL_EXIT,851.5806,914.6718,1045.8455,7.41,77.0
2025-01-10,RADICO KHAITAN LIMITED,SELL,TSL_EXIT,2398.9209,2277.5969,2602.1262,-5.06,70.0
2025-01-10,BHARAT ELECTRONICS LIMITED,SELL,TSL_EXIT,294.1723,267.7437,312.4006,-8.98,63.0
2025-01-10,BSE Limited,SELL,TSL_EXIT,1568.3701,1701.8491,1924.4138,8.51,49.0
2025-01-10,JUBILANT INGREVIA LIMITED,SELL,TSL_EXIT,776.5195,725.2068,850.2971,-6.61,42.0
2025-01-10,INFO EDGE (INDIA) LIMITED,SELL,TSL_EXIT,1729.3278,1557.0984,1793.5337,-9.96,28.0
2025-01-10,KAYNES TECHNOLOGY INDIA LIMITED,SELL,TSL_EXIT,7303.6499,6672.3501,7597.5498,-8.64,21.0
2025-01-10,LLOYDS METALS AND ENERGY LIMITED,BUY,STREAK_7,1448.5675,,1448.5675,,
2025-01-10,MANAPPURAM FINANCE LIMITED,BUY,STREAK_6,178.0784,,178.0784,,
2025-01-10,ALLIED BLENDERS AND DISTILLERS LIMITED,BUY,STREAK_6,411.1708,,411.1708,,
2025-01-10,SBI LIFE INSURANCE COMPANY LIMITED,BUY,STREAK_5,1473.4436,,1473.4436,,
2025-01-17,COFORGE LIMITED,SELL,TSL_EXIT,1176.3909,1708.5167,1941.1021,45.23,182.0
2025-01-17,VARUN BEVERAGES LIMITED,SELL,TSL_EXIT,586.343,554.0754,649.5336,-5.5,91.0
2025-01-17,SYRMA SGS TECHNOLOGY LIMITED,SELL,TSL_EXIT,508.0596,531.3664,626.4404,4.59,77.0
2025-01-17,OBEROI REALTY LIMITED,SELL,TSL_EXIT,2004.6965,1976.9639,2308.7109,-1.38,70.0
2025-01-17,CARTRADE TECH LIMITED,SELL,TSL_EXIT,1183.6,1472.25,1666.35,24.39,63.0
2025-01-17,COROMANDEL INTERNATIONAL LIMITED,BUY,STREAK_5,1854.4789,,1854.4789,,
2025-01-17,BIOCON LIMITED,BUY,STREAK_5,393.1743,,393.1743,,
2025-01-17,DABUR INDIA LIMITED,BUY,STREAK_5,518.0914,,518.0914,,
2025-01-24,SBI LIFE INSURANCE COMPANY LIMITED,SELL,52H_BREACH,1473.4436,1435.668,1535.4392,-2.56,14.0
2025-01-24,AU SMALL FINANCE BANK LIMITED,BUY,STREAK_5,593.9176,,593.9176,,
2025-01-24,BERGER PAINTS INDIA LIMITED,BUY,STREAK_5,476.8994,,476.8994,,
2025-01-31,DIVI'S LABORATORIES LIMITED,SELL,TSL_EXIT,5971.1611,5552.418,6228.1406,-7.01,70.0
2025-01-31,LLOYDS METALS AND ENERGY LIMITED,SELL,TSL_EXIT,1448.5675,1238.1747,1448.5675,-14.52,21.0
2025-01-31,BLUE JET HEALTHCARE LIMITED,BUY,STREAK_5,749.1321,,749.1321,,
2025-01-31,J. K. CEMENT LIMITED.,BUY,STREAK_5,4823.2393,,4823.2393,,
2025-01-31,DCM SHRIRAM LIMITED,BUY,STREAK_5,1159.2729,,1159.2729,,
2025-01-31,L&T Finance Limited,BUY,STREAK_5,143.1747,,143.1747,,
2025-01-31,NESTLE INDIA LIMITED,BUY,STREAK_5,1138.2828,,1138.2828,,
2025-02-14,APOLLO HOSPITALS ENTERPRISE LIMITED,SELL,TSL_EXIT,7391.6309,6254.1812,7406.9199,-15.39,98.0
2025-02-14,KRISHNA INSTITUTE OF MEDICAL SCIENCES LIMITED,SELL,TSL_EXIT,595.25,581.35,660.9,-2.34,84.0
2025-02-14,CONCORD BIOTECH LIMITED,SELL,TSL_EXIT,2114.0188,1681.5765,2330.7368,-20.46,77.0
2025-02-14,MANAPPURAM FINANCE LIMITED,SELL,TSL_EXIT,178.0784,175.9354,206.0464,-1.2,35.0
2025-02-14,ALLIED BLENDERS AND DISTILLERS LIMITED,SELL,TSL_EXIT,411.1708,324.3449,411.1708,-21.12,35.0
2025-02-14,BIOCON LIMITED,SELL,TSL_EXIT,393.1743,348.8835,401.0138,-11.26,28.0
2025-02-14,AU SMALL FINANCE BANK LIMITED,SELL,TSL_EXIT,593.9176,534.2411,608.15,-10.05,21.0
2025-02-14,BLUE JET HEALTHCARE LIMITED,SELL,TSL_EXIT,749.1321,721.9299,829.6904,-3.63,14.0
2025-02-14,L&T Finance Limited,SELL,TSL_EXIT,143.1747,134.799,150.4481,-5.85,14.0
2025-02-14,MUTHOOT FINANCE LIMITED,BUY,STREAK_5,2208.96,,2208.96,,
2025-02-14,SRF LIMITED,BUY,STREAK_5,2743.584,,2743.584,,
2025-02-14,SUNDARAM FINANCE LIMITED,BUY,STREAK_5,4533.0049,,4533.0049,,
2025-02-21,DCM SHRIRAM LIMITED,SELL,TSL_EXIT,1159.2729,1004.2075,1159.2729,-13.38,21.0
2025-02-21,TATA STEEL LIMITED,BUY,STREAK_6,137.5522,,137.5522,,
2025-02-21,UPL LIMITED,BUY,STREAK_5,640.4887,,640.4887,,
2025-02-21,GODREJ INDUSTRIES LIMITED,BUY,STREAK_5,1131.5,,1131.5,,
2025-02-21,PIDILITE INDUSTRIES LIMITED,BUY,STREAK_5,1388.3224,,1388.3224,,
2025-02-28,NAVIN FLUORINE INTERNATIONAL LIMITED,SELL,TSL_EXIT,3362.3843,3752.8328,4241.8057,11.61,133.0
2025-02-28,COROMANDEL INTERNATIONAL LIMITED,SELL,TSL_EXIT,1854.4789,1654.1222,1869.6012,-10.8,42.0
2025-02-28,DABUR INDIA LIMITED,SELL,52H_BREACH,518.0914,485.8369,532.8644,-6.23,42.0
2025-02-28,J. K. CEMENT LIMITED.,SELL,TSL_EXIT,4823.2393,4378.8091,4922.999,-9.21,28.0
2025-02-28,BAJAJ FINSERV LIMITED,BUY,STREAK_5,1871.3883,,1871.3883,,
2025-02-28,GABRIEL INDIA LIMITED,BUY,STREAK_5,461.9525,,461.9525,,
2025-03-07,WELSPUN CORP LIMITED,BUY,STREAK_5,790.9832,,790.9832,,
2025-03-14,NARAYANA HRUDAYALAYA Limited,BUY,STREAK_5,1538.5266,,1538.5266,,
2025-03-21,FORCE MOTORS LIMITED,BUY,STREAK_5,8441.4131,,8441.4131,,
2025-03-21,GENERAL INSURANCE CORPORATION OF INDIA,BUY,STREAK_5,433.3943,,433.3943,,
2025-03-28,COROMANDEL INTERNATIONAL LIMITED,BUY,STREAK_5,1966.847,,1966.847,,
2025-03-28,LAURUS LABS LIMITED,BUY,STREAK_5,612.0587,,612.0587,,
2025-03-28,BHARAT PETROLEUM CORPORATION LIMITED,BUY,STREAK_5,261.3741,,261.3741,,
2025-04-04,TATA STEEL LIMITED,SELL,TSL_EXIT,137.5522,137.1906,155.4156,-0.26,42.0
2025-04-04,GODREJ INDUSTRIES LIMITED,SELL,TSL_EXIT,1131.5,1079.4,1237.65,-4.6,42.0
2025-04-04,BHARAT DYNAMICS LIMITED,BUY,STREAK_5,1332.5654,,1332.5654,,
2025-04-04,SUMITOMO CHEMICAL INDIA LIMITED,BUY,STREAK_5,559.0126,,559.0126,,
2025-04-11,MUTHOOT FINANCE LIMITED,SELL,TSL_EXIT,2208.96,1975.9067,2367.2188,-10.55,56.0
2025-04-11,GABRIEL INDIA LIMITED,SELL,TSL_EXIT,461.9525,529.7667,594.8423,14.68,42.0
2025-04-11,WELSPUN CORP LIMITED,SELL,TSL_EXIT,790.9832,754.4304,874.6817,-4.62,35.0
2025-04-11,GENERAL INSURANCE CORPORATION OF INDIA,SELL,TSL_EXIT,433.3943,386.6829,433.3943,-10.78,21.0
2025-04-11,PATANJALI FOODS LIMITED,BUY,STREAK_5,626.2182,,626.2182,,
2025-04-11,Max Financial Services Limited,BUY,STREAK_5,1163.3,,1163.3,,
2025-04-11,MRF LIMITED,BUY,STREAK_5,117360.9453,,117360.9453,,
2025-04-18,GALLANTT ISPAT LIMITED,BUY,STREAK_5,466.9272,,466.9272,,
2025-05-02,AAVAS FINANCIERS LIMITED,SELL,TSL_EXIT,1650.2,1864.9,2220.5,13.01,168.0
2025-05-02,TVS MOTOR COMPANY LIMITED,BUY,STREAK_7,2710.5259,,2710.5259,,
2025-05-09,SUMITOMO CHEMICAL INDIA LIMITED,SELL,TSL_EXIT,559.0126,500.1823,564.1022,-10.52,35.0
2025-05-09,PATANJALI FOODS LIMITED,SELL,TSL_EXIT,626.2182,584.2402,664.2125,-6.7,28.0
2025-05-09,GALLANTT ISPAT LIMITED,SELL,TSL_EXIT,466.9272,414.9189,471.9684,-11.14,21.0
2025-05-09,GODFREY PHILLIPS INDIA LIMITED,BUY,STREAK_7,2701.2195,,2701.2195,,
2025-05-09,Solar Industries India Limited,BUY,STREAK_7,13478.9326,,13478.9326,,
2025-05-09,UNITED SPIRITS LIMITED,BUY,STREAK_6,1515.2089,,1515.2089,,
2025-06-06,GODFREY PHILLIPS INDIA LIMITED,SELL,TSL_EXIT,2701.2195,2699.9006,3025.458,-0.05,28.0
2025-06-06,LLOYDS METALS AND ENERGY LIMITED,BUY,STREAK_5,1458.9,,1458.9,,
2025-06-27,UNITED SPIRITS LIMITED,SELL,TSL_EXIT,1515.2089,1427.1383,1593.1859,-5.81,49.0
2025-06-27,HINDUSTAN COPPER LTD,BUY,STREAK_7,274.3034,,274.3034,,
2025-07-04,NARAYANA HRUDAYALAYA Limited,SELL,TSL_EXIT,1538.5266,2006.674,2257.8823,30.43,112.0
2025-07-04,FORCE MOTORS LIMITED,SELL,TSL_EXIT,8441.4131,14310.4062,16041.585,69.53,105.0
2025-07-04,COROMANDEL INTERNATIONAL LIMITED,SELL,TSL_EXIT,1966.847,2216.5107,2485.9214,12.69,98.0
2025-07-04,NAVIN FLUORINE INTERNATIONAL LIMITED,BUY,STREAK_5,4927.9272,,4927.9272,,
2025-07-04,REDINGTON LIMITED,BUY,STREAK_5,312.0,,312.0,,
2025-07-04,RBL BANK LIMITED,BUY,STREAK_5,252.9203,,252.9203,,
2025-07-11,Solar Industries India Limited,SELL,TSL_EXIT,13478.9326,15420.0,17587.4727,14.4,63.0
2025-07-11,L&T TECHNOLOGY SERVICES LIMITED,BUY,STREAK_6,4391.4741,,4391.4741,,
2025-07-18,BHARAT DYNAMICS LIMITED,SELL,TSL_EXIT,1332.5654,1664.9971,2007.5386,24.95,105.0
2025-07-18,DELHIVERY LIMITED,BUY,STREAK_6,425.45,,425.45,,
2025-07-25,HINDUSTAN COPPER LTD,SELL,52H_BREACH,274.3034,257.2588,281.8424,-6.21,28.0
2025-07-25,L&T TECHNOLOGY SERVICES LIMITED,SELL,52H_BREACH,4391.4741,4202.5923,4392.5693,-4.3,14.0
2025-07-25,E.I.D PARRY (INDIA) LIMITED,BUY,STREAK_5,1174.3,,1174.3,,
2025-07-25,THE RAMCO CEMENTS LIMITED,BUY,STREAK_5,1142.1293,,1142.1293,,
2025-08-01,SUNDARAM FINANCE LIMITED,SELL,TSL_EXIT,4533.0049,4554.7627,5313.2632,0.48,168.0
2025-08-01,Max Financial Services Limited,SELL,TSL_EXIT,1163.3,1472.5,1653.9,26.58,112.0
2025-08-01,REDINGTON LIMITED,SELL,TSL_EXIT,312.0,249.45,312.0,-20.05,28.0
2025-08-01,SYRMA SGS TECHNOLOGY LIMITED,BUY,STREAK_6,746.8176,,746.8176,,
2025-08-01,KRISHNA INSTITUTE OF MEDICAL SCIENCES LIMITED,BUY,STREAK_6,756.45,,756.45,,
2025-08-01,ALLIED BLENDERS AND DISTILLERS LIMITED,BUY,STREAK_5,510.75,,510.75,,
2025-08-08,NESTLE INDIA LIMITED,SELL,TSL_EXIT,1138.2828,1090.6117,1229.6609,-4.19,189.0
2025-08-08,SRF LIMITED,SELL,TSL_EXIT,2743.584,2855.9282,3276.1519,4.09,175.0
2025-08-08,LLOYDS METALS AND ENERGY LIMITED,SELL,TSL_EXIT,1458.9,1400.3,1588.9,-4.02,63.0
2025-08-08,THE RAMCO CEMENTS LIMITED,SELL,TSL_EXIT,1142.1293,1071.8,1199.3306,-6.16,14.0
2025-08-08,Anand Rathi Wealth Ltd,BUY,STREAK_6,2582.7964,,2582.7964,,
2025-08-08,ADITYA BIRLA SUN LIFE AMC LIMITED,BUY,STREAK_6,848.85,,848.85,,
2025-08-08,HDFC ASSET MANAGEMENT COMPANY LIMITED,BUY,STREAK_5,2781.0,,2781.0,,
2025-08-08,ECLERX SERVICES LIMITED,BUY,STREAK_5,2054.136,,2054.136,,
2025-08-15,BERGER PAINTS INDIA LIMITED,SELL,TSL_EXIT,476.8994,533.45,596.149,11.86,203.0
2025-08-15,CRAFTSMAN AUTOMATION LIMITED,BUY,STREAK_6,7093.0,,7093.0,,
2025-08-29,BHARAT PETROLEUM CORPORATION LIMITED,SELL,TSL_EXIT,261.3741,293.6349,333.7689,12.34,154.0
2025-08-29,NUVOCO VISTAS CORPORATION LIMITED,BUY,STREAK_6,456.05,,456.05,,
2025-09-05,NAVIN FLUORINE INTERNATIONAL LIMITED,SELL,TSL_EXIT,4927.9272,4658.415,5184.0532,-5.47,63.0
2025-09-05,EICHER MOTORS LIMITED,BUY,STREAK_6,6580.5,,6580.5,,
2025-09-12,E.I.D PARRY (INDIA) LIMITED,SELL,TSL_EXIT,1174.3,1072.6,1236.2,-8.66,49.0
2025-09-12,POLYCAB INDIA LIMITED,BUY,STREAK_7,7254.5,,7254.5,,
2025-09-26,SHREE CEMENT LIMITED,SELL,TSL_EXIT,26886.2207,28828.3047,32253.5977,7.22,280.0
2025-09-26,UPL LIMITED,SELL,TSL_EXIT,640.4887,648.0,729.85,1.17,217.0
2025-09-26,LAURUS LABS LIMITED,SELL,TSL_EXIT,612.0587,831.6138,931.3315,35.87,182.0
2025-09-26,ADITYA BIRLA SUN LIFE AMC LIMITED,SELL,TSL_EXIT,848.85,777.5,895.8,-8.41,49.0
2025-09-26,NUVOCO VISTAS CORPORATION LIMITED,SELL,TSL_EXIT,456.05,419.9,470.6,-7.93,28.0
2025-09-26,INDEGENE LIMITED,BUY,STREAK_5,575.4,,575.4,,
2025-09-26,GRANULES INDIA LIMITED,BUY,STREAK_5,515.9,,515.9,,
2025-09-26,HINDUSTAN ZINC LIMITED,BUY,STREAK_5,449.1,,449.1,,
2025-09-26,JSW STEEL LIMITED,BUY,STREAK_5,1130.8,,1130.8,,
2025-10-03,KRISHNA INSTITUTE OF MEDICAL SCIENCES LIMITED,SELL,TSL_EXIT,756.45,690.35,769.15,-8.74,63.0
2025-10-03,ECLERX SERVICES LIMITED,SELL,TSL_EXIT,2054.136,1964.0,2267.25,-4.39,56.0
2025-10-03,GUJARAT MINERAL DEVELOPMENT CORPORATION LIMITED,BUY,STREAK_5,613.1,,613.1,,
2025-10-03,THE CANARA BANK LIMITED,BUY,STREAK_5,125.9,,125.9,,
2025-10-03,MMTC LIMITED,BUY,STREAK_5,69.63,,69.63,,
2025-10-17,GUJARAT MINERAL DEVELOPMENT CORPORATION LIMITED,SELL,TSL_EXIT,613.1,567.1,630.3,-7.5,14.0
2025-10-17,HINDUSTAN PETROLEUM CORPORATION LIMITED,BUY,STREAK_7,443.9738,,443.9738,,
2025-11-07,DELHIVERY LIMITED,SELL,TSL_EXIT,425.45,429.55,484.85,0.96,112.0
2025-11-07,INDEGENE LIMITED,SELL,52H_BREACH,575.4,523.1,579.75,-9.09,42.0
2025-11-07,State Bank of India,BUY,STREAK_9,955.85,,955.85,,
2025-11-07,JK Tyre & Industries Limited,BUY,STREAK_7,458.5,,458.5,,
2025-11-21,Anand Rathi Wealth Ltd,SELL,TSL_EXIT,2582.7964,2855.8999,3226.0,10.57,105.0
2025-11-21,HINDUSTAN ZINC LIMITED,SELL,TSL_EXIT,449.1,458.3,513.2,2.05,56.0
2025-11-21,MMTC LIMITED,SELL,TSL_EXIT,69.63,62.42,71.72,-10.35,49.0
2025-11-21,GMR AIRPORTS LIMITED,BUY,STREAK_6,104.05,,104.05,,
2025-11-21,CHENNAI PETROLEUM CORPORATION LIMITED,BUY,STREAK_5,1017.1422,,1017.1422,,
2025-11-21,BANK OF INDIA LIMITED,BUY,STREAK_5,145.46,,145.46,,
2025-11-28,CHENNAI PETROLEUM CORPORATION LIMITED,SELL,TSL_EXIT,1017.1422,908.9493,1017.1422,-10.64,7.0
2025-11-28,MULTI COMMODITY EXCHANGE OF INDIA LIMITED,BUY,STREAK_5,2014.7,,2014.7,,
2025-12-05,SYRMA SGS TECHNOLOGY LIMITED,SELL,TSL_EXIT,746.8176,743.25,903.1,-0.48,126.0
2025-12-05,HDFC ASSET MANAGEMENT COMPANY LIMITED,SELL,TSL_EXIT,2781.0,2577.5,2946.0,-7.32,119.0
2025-12-05,AU SMALL FINANCE BANK LIMITED,BUY,STREAK_5,960.7,,960.7,,
2025-12-05,GODREJ CONSUMER PRODUCTS LIMITED,BUY,STREAK_5,1131.0835,,1131.0835,,
2025-12-19,JSW STEEL LIMITED,SELL,TSL_EXIT,1130.8,1079.6,1210.0,-4.53,84.0
2025-12-19,KIRLOSKAR OIL ENGINES LIMITED,BUY,STREAK_6,1242.6121,,1242.6121,,
2025-12-26,ALLIED BLENDERS AND DISTILLERS LIMITED,SELL,TSL_EXIT,510.75,613.55,683.8,20.13,147.0
2025-12-26,C.E. INFO SYSTEMS LIMITED,BUY,STREAK_6,1678.2,,1678.2,,
2026-01-09,HINDUSTAN PETROLEUM CORPORATION LIMITED,SELL,TSL_EXIT,443.9738,448.75,499.05,1.08,84.0
2026-01-09,KIRLOSKAR OIL ENGINES LIMITED,SELL,TSL_EXIT,1242.6121,1154.8665,1309.594,-7.06,21.0
2026-01-09,HINDALCO INDUSTRIES LIMITED,BUY,STREAK_7,900.95,,900.95,,
2026-01-09,THE PHOENIX MILLS LIMITED,BUY,STREAK_7,1904.2,,1904.2,,
2026-01-16,MRF LIMITED,SELL,TSL_EXIT,117360.9453,142837.1719,162288.5781,21.71,280.0
2026-01-16,C.E. INFO SYSTEMS LIMITED,SELL,TSL_EXIT,1678.2,1473.7,1730.7,-12.19,21.0
2026-01-16,NATIONAL ALUMINIUM CO LTD,BUY,STREAK_7,357.1278,,357.1278,,
2026-01-16,LINDE INDIA LIMITED,BUY,STREAK_7,6101.0,,6101.0,,
2026-01-23,BAJAJ FINSERV LIMITED,SELL,TSL_EXIT,1871.3883,1949.0,2176.6001,4.15,329.0
2026-01-23,RBL BANK LIMITED,SELL,TSL_EXIT,252.9203,288.6,328.75,14.11,203.0
2026-01-23,CRAFTSMAN AUTOMATION LIMITED,SELL,TSL_EXIT,7093.0,7198.5,8021.5,1.49,161.0
2026-01-23,POLYCAB INDIA LIMITED,SELL,TSL_EXIT,7254.5,6722.0,7897.0,-7.34,133.0
2026-01-23,GMR AIRPORTS LIMITED,SELL,TSL_EXIT,104.05,91.21,108.35,-12.34,63.0
2026-01-23,APL Apollo Tubes Limited,BUY,STREAK_6,2000.1,,2000.1,,
2026-01-23,STEEL AUTHORITY OF INDIA LIMITED,BUY,STREAK_5,149.03,,149.03,,
2026-01-23,TECH MAHINDRA LIMITED,BUY,STREAK_5,1701.1,,1701.1,,
2026-01-23,JSW STEEL LIMITED,BUY,STREAK_5,1170.0,,1170.0,,
2026-01-23,REC LIMITED,BUY,STREAK_5,353.5733,,353.5733,,
2026-01-30,THE PHOENIX MILLS LIMITED,SELL,TSL_EXIT,1904.2,1670.7,1904.2,-12.26,21.0
2026-01-30,NATIONAL ALUMINIUM CO LTD,SELL,TSL_EXIT,357.1278,380.6829,423.5461,6.6,14.0
2026-01-30,UNION BANK OF INDIA LIMITED,BUY,STREAK_5,180.76,,180.76,,
2026-02-06,MULTI COMMODITY EXCHANGE OF INDIA LIMITED,SELL,TSL_EXIT,2014.7,2380.3999,2686.0,18.15,70.0
2026-02-06,ITI LIMITED,BUY,STREAK_5,289.9,,289.9,,
2026-02-06,LG ELECTRONICS INDIA LIMITED,BUY,STREAK_5,1502.8,,1502.8,,
2026-02-13,THE CANARA BANK LIMITED,SELL,TSL_EXIT,125.9,141.77,157.74,12.61,133.0
2026-02-13,HINDALCO INDUSTRIES LIMITED,SELL,TSL_EXIT,900.95,909.0,1024.05,0.89,35.0
2026-02-13,TECH MAHINDRA LIMITED,SELL,TSL_EXIT,1701.1,1534.4,1768.4,-9.8,21.0
2026-02-13,THE FEDERAL BANK LTD,BUY,STREAK_5,288.3,,288.3,,
2026-02-13,BALRAMPUR CHINI MILLS LTD,BUY,STREAK_5,465.9,,465.9,,
2026-02-20,JK Tyre & Industries Limited,SELL,TSL_EXIT,458.5,538.3,604.9,17.4,105.0
2026-02-20,BALRAMPUR CHINI MILLS LTD,SELL,52H_BREACH,465.9,456.4,470.25,-2.04,7.0
2026-02-20,MANGALORE REFINERY AND PETROCHEMICALS LIMITED,BUY,STREAK_5,187.2986,,187.2986,,
2026-02-20,HITACHI ENERGY INDIA LIMITED,BUY,STREAK_5,23871.0,,23871.0,,
2026-02-27,ITI LIMITED,SELL,52H_BREACH,289.9,270.3,296.0,-6.76,21.0
2026-02-27,INTERNATIONAL GEMOLOGICAL INSTITUTE LIMITED,BUY,STREAK_7,330.0,,330.0,,
2026-02-27,KEI INDUSTRIES LIMITED,BUY,STREAK_5,5080.3999,,5080.3999,,
2026-03-06,GODREJ CONSUMER PRODUCTS LIMITED,SELL,TSL_EXIT,1131.0835,1116.6,1248.5729,-1.28,91.0
2026-03-06,REC LIMITED,SELL,TSL_EXIT,353.5733,335.8948,373.8768,-5.0,42.0
2026-03-06,SAI LIFE SCIENCES LIMITED,BUY,STREAK_6,1037.0,,1037.0,,
2026-03-06,UNITED BREWERIES LIMITED,BUY,STREAK_6,1758.2,,1758.2,,
2026-03-13,PIDILITE INDUSTRIES LIMITED,SELL,TSL_EXIT,1388.3224,1340.0,1563.5,-3.48,385.0
2026-03-13,TVS MOTOR COMPANY LIMITED,SELL,TSL_EXIT,2710.5259,3312.9204,3940.427,22.22,315.0
2026-03-13,EICHER MOTORS LIMITED,SELL,TSL_EXIT,6580.5,6741.0,8190.0,2.44,189.0
2026-03-13,State Bank of India,SELL,TSL_EXIT,955.85,1047.0,1227.8,9.54,126.0
2026-03-13,BANK OF INDIA LIMITED,SELL,TSL_EXIT,145.46,150.2,177.2,3.26,112.0
2026-03-13,AU SMALL FINANCE BANK LIMITED,SELL,TSL_EXIT,960.7,884.35,1029.65,-7.95,98.0
2026-03-13,APL Apollo Tubes Limited,SELL,TSL_EXIT,2000.1,1933.2,2280.8,-3.34,49.0
2026-03-13,JSW STEEL LIMITED,SELL,TSL_EXIT,1170.0,1119.3,1280.6,-4.33,49.0
2026-03-13,UNION BANK OF INDIA LIMITED,SELL,TSL_EXIT,180.76,173.88,202.27,-3.81,42.0
2026-03-13,THE FEDERAL BANK LTD,SELL,TSL_EXIT,288.3,263.05,299.85,-8.76,28.0
2026-03-13,MANGALORE REFINERY AND PETROCHEMICALS LIMITED,SELL,TSL_EXIT,187.2986,178.14,202.2824,-4.89,21.0
2026-03-13,KEI INDUSTRIES LIMITED,SELL,TSL_EXIT,5080.3999,4158.0,5206.0,-18.16,14.0
2026-03-13,UNITED BREWERIES LIMITED,SELL,52H_BREACH,1758.2,1642.7,1758.2,-6.57,7.0
2026-03-13,J B CHEMICALS AND PHARMACEUTICALS LIMITED,BUY,STREAK_6,2121.8,,2121.8,,
2026-03-13,AJANTA PHARMA LIMITED,BUY,STREAK_6,3030.6001,,3030.6001,,
2026-03-13,VARDHMAN TEXTILES LIMITED,BUY,STREAK_6,536.75,,536.75,,
2026-03-13,ZYDUS LIFESCIENCES LIMITED,BUY,STREAK_6,905.9,,905.9,,
2026-03-13,TORRENT PHARMACEUTICALS LTD,BUY,STREAK_5,4390.0,,4390.0,,
2026-03-13,POWER GRID CORPORATION OF INDIA LIMITED,BUY,STREAK_5,300.95,,300.95,,
2026-03-13,ASTRAL LIMITED,BUY,STREAK_5,1611.8,,1611.8,,
2026-03-13,BIOCON LIMITED,BUY,STREAK_5,383.55,,383.55,,
2026-03-13,CG POWER AND INDUSTRIAL SOLUTIONS LIMITED,BUY,STREAK_5,709.9,,709.9,,
2026-03-20,COAL INDIA LTD,BUY,STREAK_5,468.15,,468.15,,
2026-03-20,OIL INDIA LIMITED,BUY,STREAK_5,475.5,,475.5,,
2026-03-20,POWER FINANCE CORPORATION LIMITED,BUY,STREAK_5,409.6,,409.6,,
2026-03-27,STEEL AUTHORITY OF INDIA LIMITED,SELL,TSL_EXIT,149.03,146.47,165.71,-1.72,63.0
2026-03-27,CCL PRODUCTS (INDIA) LIMITED,BUY,STREAK_5,1058.7,,1058.7,,
2026-03-27,IPCA LABORATORIES LIMITED,BUY,STREAK_5,1586.0,,1586.0,,
2026-04-03,LG ELECTRONICS INDIA LIMITED,SELL,TSL_EXIT,1502.8,1318.8,1594.6,-12.24,56.0
2026-04-03,ADITYA INFOTECH LIMITED,BUY,STREAK_6,1799.6,,1799.6,,
