rank,ticker,signal,momentum_score,annualized_slope,r_squared,last_close,ma_100,below_ma100,volatility_20d,inv_vol_weight_pct,52wk_high,disqualify_reason
1.0,NATIONALUM,HOLD,290.8014,345.4873,0.8417,397.75,308.5019,False,0.415245,1.52,428.85,
2.0,SANSERA,HOLD,258.2074,299.4346,0.8623,2177.7,1673.593,False,0.610692,1.03,2353.4,
3.0,ASHOKLEY,HOLD,214.2018,237.4258,0.9022,184.66,173.871,False,0.391407,1.61,211.92,
4.0,VEDL,HOLD,213.6859,236.5148,0.9035,721.55,599.1035,False,0.330433,1.91,766.35,
5.0,SHRIRAMFIN,HOLD,142.321,163.2116,0.872,1031.7,918.6885,False,0.446756,1.41,1104.6,
6.0,MCX,HOLD,135.9922,153.1572,0.8879,2531.6,2175.166,False,0.304709,2.07,2686.0,
7.0,FORCEMOT,HOLD,127.2735,179.8921,0.7075,21665.0,19534.09,False,0.606991,1.04,25776.0,
8.0,KARURVYSYA,HOLD,120.7462,154.2117,0.783,304.95,271.7047,False,0.385527,1.63,336.85,
9.0,UNIONBANK,HOLD,108.5714,132.2362,0.821,180.92,164.1104,False,0.388445,1.62,202.27,
10.0,BHARATFORG,HOLD,106.5361,145.5945,0.7317,1797.1,1492.858,False,0.299987,2.1,1923.9,
11.0,APLAPOLLO,HOLD,103.9697,128.0282,0.8121,2016.3,1922.486,False,0.267837,2.35,2280.8,
12.0,KIRLOSENG,HOLD,85.7744,133.8551,0.6408,1450.4,1178.841,False,0.282748,2.23,1510.5,
13.0,HINDZINC,HOLD,82.2924,148.7168,0.5533,587.6,565.611,False,0.343126,1.84,727.2,
14.0,SBIN,HOLD,81.5101,104.7829,0.7779,1091.1,1024.5255,False,0.219893,2.87,1227.8,
15.0,FEDERALBNK,HOLD,69.6029,85.0875,0.818,269.45,262.8451,False,0.255302,2.47,299.85,
16.0,GESHIP,HOLD,68.4349,99.3523,0.6888,1427.0,1158.2845,False,0.350639,1.8,1427.0,
17.0,MAHABANK,HOLD,66.6551,90.4438,0.737,67.04,62.2384,False,0.492953,1.28,75.65,
18.0,ABSLAMC,HOLD,63.8611,90.6522,0.7045,1010.0,806.6225,False,0.556178,1.13,1010.0,
19.0,HINDALCO,HOLD,61.3909,83.3252,0.7368,959.1,876.547,False,0.340857,1.85,1024.05,
20.0,AJANTPHARM,HOLD,60.5333,71.588,0.8456,3048.2,2701.146,False,0.209703,3.0,3236.55,
21.0,TORNTPHARM,HOLD,57.0667,66.7573,0.8548,4431.2,3904.421,False,0.212739,2.96,4431.2,
22.0,TATASTEEL,HOLD,54.0188,84.4791,0.6394,194.74,183.6854,False,0.374269,1.68,215.52,
23.0,INDUSTOWER,HOLD,53.1378,67.1157,0.7917,438.75,419.28,False,0.220783,2.85,477.75,
24.0,SUNDARMFIN,HOLD,51.6162,64.5787,0.7993,5324.5,5014.204,False,0.356624,1.77,5581.5,
25.0,COALINDIA,HOLD,51.2077,66.3479,0.7718,446.75,405.581,False,0.263852,2.39,492.2,
26.0,JBCHEPHARM,HOLD,50.9509,62.9519,0.8094,2126.1,1847.761,False,0.223038,2.82,2126.1,
27.0,GRAPHITE,HOLD,50.7997,89.4087,0.5682,648.95,607.583,False,0.466597,1.35,730.15,
28.0,BANKINDIA,HOLD,49.6111,76.4513,0.6489,154.3,150.7803,False,0.385508,1.63,177.2,
29.0,SHARDACROP,HOLD,48.5299,134.8455,0.3599,1036.7,928.3215,False,0.602363,1.05,1256.0,
30.0,NTPC,HOLD,47.4787,63.699,0.7454,379.9,343.4365,False,0.245907,2.56,425.0,
31.0,SAIL,HOLD,47.0389,77.8836,0.604,153.88,143.9765,False,0.343758,1.83,165.71,
32.0,LUPIN,HOLD,46.5988,51.7248,0.9009,2344.6,2117.207,False,0.151258,4.17,2396.1,
33.0,GVT&D,HOLD,41.2501,101.0068,0.4084,3784.1,3149.907,False,0.381209,1.65,3869.0,
34.0,INDUSINDBK,HOLD,40.0991,53.4193,0.7506,877.15,868.064,False,0.268703,2.34,1347.35,
35.0,TORNTPOWER,HOLD,38.4835,61.3217,0.6276,1439.0,1356.473,False,0.322979,1.95,1973.65,
36.0,CRAFTSMAN,HOLD,37.0825,57.0168,0.6504,7325.5,7274.255,False,0.299817,2.1,8119.0,
37.0,TITAN,HOLD,35.3878,45.2463,0.7821,4140.3,3993.31,False,0.198985,3.17,4342.6,
38.0,MOTHERSON,HOLD,35.2395,63.984,0.5508,121.39,116.8322,False,0.390545,1.61,136.7607,
39.0,BAJAJ-AUTO,HOLD,32.5301,40.9968,0.7935,9327.5,9303.81,False,0.298583,2.11,10586.75,
40.0,JINDALSTEL,HOLD,32.4835,63.424,0.5122,1187.0,1084.437,False,0.331737,1.9,1266.5,
41.0,ABB,HOLD,31.6365,65.3539,0.4841,6280.0,5332.49,False,0.331247,1.9,8783.0,
42.0,KEI,HOLD,30.3434,61.3389,0.4947,4321.0,4302.106,False,0.415599,1.52,5206.0,
43.0,VTL,HOLD,29.2742,73.4412,0.3986,546.0,456.0215,False,0.262665,2.4,557.85,
44.0,LINDEINDIA,HOLD,28.9035,49.8656,0.5796,6776.0,6118.465,False,0.356173,1.77,8397.6,
45.0,ZFCVINDIA,HOLD / SELL,28.5785,60.216,0.4746,13984.0,14191.13,True,0.24963,2.52,15974.0,
46.0,OIL,HOLD,28.5631,60.0996,0.4753,482.7,439.634,False,0.336502,1.87,533.4,
47.0,GLENMARK,HOLD,25.9324,40.8549,0.6347,2272.7,1969.02,False,0.304954,2.07,2272.7,
48.0,SKYGOLD,HOLD,25.6621,68.1727,0.3764,341.4,322.801,False,0.597626,1.05,488.55,
49.0,ATUL,HOLD,23.737,41.1872,0.5763,6203.0,6082.125,False,0.255877,2.46,8034.75,
50.0,EICHERMOT,HOLD / SELL,23.3418,41.2097,0.5664,7253.5,7270.05,True,0.354327,1.78,8190.0,
51.0,JKTYRE,HOLD / SELL,22.6665,63.5422,0.3567,434.75,483.1205,True,0.500777,,604.9,
52.0,RAMCOCEM,HOLD / SELL,22.6614,42.006,0.5395,995.1,1064.614,True,0.291724,,1204.9,
53.0,TVSMOTOR,HOLD / SELL,21.134,33.7178,0.6268,3600.8,3659.917,True,0.353686,,3954.2,
54.0,AXISBANK,HOLD / SELL,21.0635,34.0922,0.6178,1255.8,1284.632,True,0.261687,,1403.0,
55.0,BANDHANBNK,HOLD / SELL,19.3715,56.3524,0.3438,182.47,156.686,False,0.391994,,191.96,
56.0,M&MFIN,HOLD / SELL,19.2461,50.5183,0.381,353.05,353.5945,True,0.425318,,404.4,
57.0,ONGC,HOLD / SELL,18.1522,44.7635,0.4055,270.75,252.323,False,0.273987,,283.3,
58.0,PETRONET,HOLD / SELL,18.1459,35.3129,0.5139,289.65,284.1405,False,0.520627,,350.9,
59.0,EMCURE,HOLD / SELL,17.9132,36.4454,0.4915,1560.1,1432.689,False,0.364239,,1570.6,
60.0,MARICO,HOLD / SELL,16.9024,27.7552,0.609,761.6,746.25,False,0.253563,,810.35,
61.0,VOLTAS,HOLD / SELL,16.2963,38.0754,0.428,1471.4,1411.324,False,0.3185,,1865.3,
62.0,NAVINFLUOR,HOLD / SELL,16.2263,35.3513,0.459,6315.0,5943.469,False,0.478377,,6649.5,
63.0,IPCALAB,HOLD / SELL,15.6507,33.27,0.4704,1533.9,1428.009,False,0.240652,,1744.05,
64.0,NMDC,HOLD / SELL,14.2139,33.3159,0.4266,79.73,78.7186,False,0.372929,,86.16,
65.0,BEL,HOLD / SELL,13.6164,34.5206,0.3944,454.1,419.743,False,0.282023,,468.45,
66.0,PFC,HOLD / SELL,13.5078,43.7038,0.3091,406.9,380.437,False,0.376193,,517.15,
67.0,MRPL,HOLD / SELL,13.3398,63.1542,0.2112,186.92,165.7069,False,0.495173,,206.55,
68.0,IDBI,HOLD / SELL,13.1645,36.571,0.36,99.14,102.3717,True,0.449026,,116.01,
69.0,ULTRACEMCO,HOLD / SELL,13.1589,30.6635,0.4291,11462.0,12107.72,True,0.299887,,13052.0,
70.0,PRICOLLTD,HOLD / SELL,12.8028,48.814,0.2623,551.3,576.011,True,0.444467,,683.05,
71.0,AKUMS,HOLD / SELL,12.4899,34.1258,0.366,507.25,448.8325,False,0.382471,,915.75,
72.0,AUBANK,HOLD / SELL,11.0381,28.5323,0.3869,918.4,953.5635,True,0.334725,,1029.65,
73.0,ASTRAL,HOLD / SELL,11.0226,37.7528,0.292,1746.3,1492.613,False,0.330608,,1871.7,
74.0,INDIANB,HOLD / SELL,10.5166,38.2189,0.2752,917.8,860.9735,False,0.367008,,991.55,
75.0,JSWSTEEL,HOLD / SELL,10.2556,29.0833,0.3526,1178.8,1178.235,False,0.296319,,1280.6,
76.0,FINCABLES,HOLD / SELL,8.9939,37.4291,0.2403,887.85,783.762,False,0.53675,,1330.95,
77.0,MFSL,HOLD / SELL,8.4053,26.3704,0.3187,1725.5,1681.577,False,0.279204,,1870.0,
78.0,RAIN,HOLD / SELL,8.3749,57.5482,0.1455,118.86,133.6701,True,0.61181,,193.75,
79.0,AIAENG,HOLD / SELL,7.8441,29.9874,0.2616,3743.1,3765.868,True,0.342444,,4250.7,
80.0,BANKBARODA,HOLD / SELL,7.6271,21.3854,0.3567,289.3,292.145,True,0.33476,,324.45,
81.0,POWERGRID,HOLD / SELL,6.8543,29.3707,0.2334,298.8,276.8685,False,0.270662,,342.75,
82.0,BLUESTARCO,HOLD / SELL,6.6997,26.1704,0.256,1941.1,1840.577,False,0.338924,,2337.55,
83.0,NATCOPHARM,HOLD / SELL,6.1284,31.1658,0.1966,1016.15,877.6945,False,0.452925,,1492.0,
84.0,POWERINDIA,HOLD / SELL,5.3656,49.4534,0.1085,24955.0,20226.82,False,0.352576,,25860.0,
85.0,TIMKEN,HOLD / SELL,4.9378,19.5195,0.253,3410.3,3095.391,False,0.373965,,3811.25,
86.0,SUNTV,HOLD / SELL,4.9306,19.8827,0.248,578.0,566.2315,False,0.418216,,774.5,
87.0,RRKABEL,HOLD / SELL,4.8369,20.9003,0.2314,1424.6,1418.925,False,0.290589,,1734.7,
88.0,SUPREMEIND,HOLD / SELL,4.4743,28.8544,0.1551,4038.0,3655.268,False,0.277347,,5244.15,
89.0,CUB,HOLD / SELL,4.2782,25.0428,0.1708,247.05,271.0461,True,0.415333,,301.75,
90.0,NAM-INDIA,HOLD / SELL,3.7781,20.5463,0.1839,857.3,885.03,True,0.493713,,985.05,
91.0,TRIVENI,HOLD / SELL,3.7607,22.1112,0.1701,367.4,366.9615,False,0.263965,,499.6,
92.0,SONACOMS,HOLD / SELL,3.7305,21.5327,0.1732,516.35,493.7895,False,0.271642,,729.45,
93.0,BALKRISIND,HOLD / SELL,3.5031,20.7479,0.1688,2175.6,2384.049,True,0.232009,,2998.65,
94.0,SAILIFE,HOLD / SELL,3.4414,23.6813,0.1453,1014.0,901.319,False,0.399036,,1069.2,
95.0,HONASA,HOLD / SELL,2.8207,19.2107,0.1468,289.35,283.4125,False,0.291104,,424.25,
96.0,PRIVISCL,HOLD / SELL,2.7308,31.1974,0.0875,2899.9,2812.814,False,0.33269,,3388.0,
97.0,ICICIPRULI,HOLD / SELL,2.6443,15.7519,0.1679,598.5,635.9495,True,0.247266,,768.4,
98.0,J&KBANK,HOLD / SELL,2.5668,19.6686,0.1305,125.41,105.5275,False,0.555884,,125.41,
99.0,INDIACEM,HOLD / SELL,2.5315,24.0831,0.1051,367.65,421.542,True,0.258187,,478.55,
100.0,IDEA,HOLD / SELL,2.3468,24.4981,0.0958,9.71,10.5921,True,0.269125,,12.06,
101.0,PGEL,HOLD / SELL,2.1206,18.53,0.1144,550.1,578.465,True,0.61497,,1023.7,
102.0,GODREJCP,HOLD / SELL,2.1121,14.8095,0.1426,1091.4,1171.402,True,0.283716,,1347.3,
103.0,CANBK,HOLD / SELL,2.0402,13.887,0.1469,139.41,146.6822,True,0.356807,,158.93,
104.0,THELEELA,HOLD / SELL,2.0164,14.5377,0.1387,436.3,426.9595,False,0.203389,,465.4,
105.0,POLYCAB,HOLD / SELL,2.0029,17.8943,0.1119,7429.5,7580.985,True,0.40347,,8610.5,
106.0,DRREDDY,HOLD / SELL,1.9992,12.4387,0.1607,1325.5,1252.575,False,0.184032,,1389.45,
107.0,GRANULES,HOLD / SELL,1.9287,13.9075,0.1387,586.2,573.764,False,0.335392,,619.2,
108.0,MANAPPURAM,HOLD / SELL,1.8083,17.9163,0.1009,258.0,289.3325,True,0.280482,,319.9,
109.0,BSE,HOLD / SELL,1.5683,15.8972,0.0987,2837.4,2729.918,False,0.447803,,3177.1,
110.0,NESTLEIND,HOLD / SELL,1.1727,8.4402,0.1389,1233.7,1277.234,True,0.188839,,1332.4,
111.0,IOC,HOLD / SELL,1.0066,12.1977,0.0825,160.63,165.9623,True,0.34819,,187.47,
112.0,CUMMINSIND,HOLD / SELL,0.975,14.6638,0.0665,4630.7,4370.438,False,0.358308,,4962.8,
113.0,DATAPATTNS,HOLD / SELL,0.8656,21.0598,0.0411,3383.2,2781.551,False,0.423499,,3493.2,
114.0,LAURUSLABS,HOLD / SELL,0.7296,10.9283,0.0668,1041.0,1013.769,False,0.281384,,1128.5,
115.0,RKFORGE,HOLD / SELL,0.5899,10.6812,0.0552,554.9,533.677,False,0.284831,,1030.55,
116.0,BRITANNIA,HOLD / SELL,0.579,5.9215,0.0978,5921.5,5954.455,True,0.190333,,6300.5,
117.0,SCHNEIDER,HOLD / SELL,0.552,20.3434,0.0271,908.5,769.02,False,0.515847,,1032.4,
118.0,PTCIL,HOLD / SELL,0.5175,7.1223,0.0727,17980.0,17800.15,False,0.239886,,19176.0,
119.0,CCL,HOLD / SELL,0.5126,10.4575,0.049,1042.6,969.3945,False,0.292719,,1068.45,
120.0,LT,HOLD / SELL,0.4607,8.1126,0.0568,3838.8,4020.904,True,0.371193,,4418.1,
121.0,ATHERENERG,HOLD / SELL,0.4404,11.1502,0.0395,702.0,683.083,False,0.27482,,765.85,
122.0,NLCINDIA,HOLD / SELL,0.4086,8.2522,0.0495,248.45,254.1992,True,0.311417,,285.32,
123.0,ANANDRATHI,HOLD / SELL,0.4057,7.4149,0.0547,3125.2,3032.179,False,0.151586,,3226.0,
124.0,JSL,HOLD / SELL,0.3903,8.9122,0.0438,736.55,780.023,True,0.436264,,865.65,
125.0,PNB,HOLD / SELL,0.3836,6.8097,0.0563,115.84,122.4431,True,0.34256,,132.36,
126.0,GRASIM,HOLD / SELL,0.3699,5.8832,0.0629,2735.6,2811.279,True,0.22943,,2958.7,
127.0,SOLARINDS,HOLD / SELL,0.3406,9.9701,0.0342,14515.0,13298.48,False,0.295884,,17598.0,
128.0,GMDCLTD,HOLD / SELL,0.3288,11.515,0.0286,542.35,560.432,True,0.435232,,630.3,
129.0,NAVA,HOLD / SELL,0.2758,7.9125,0.0349,567.3,565.8975,False,0.351549,,717.3,
130.0,BALRAMCHIN,HOLD / SELL,0.2415,8.3391,0.029,519.05,449.276,False,0.376507,,659.55,
131.0,SBILIFE,HOLD / SELL,0.2289,4.4636,0.0513,1938.6,2005.035,True,0.264779,,2109.6,
132.0,HEG,HOLD / SELL,0.1772,8.1311,0.0218,524.75,546.6015,True,0.386923,,637.5,
133.0,GUJGASLTD,HOLD / SELL,0.1358,5.2056,0.0261,391.0,407.772,True,0.397623,,570.25,
134.0,HSCL,HOLD / SELL,0.0795,4.4505,0.0179,447.0,464.121,True,0.387103,,623.3,
135.0,ELGIEQUIP,HOLD / SELL,0.0655,6.5144,0.0101,501.1,484.563,False,0.423597,,664.15,
136.0,SARDAEN,HOLD / SELL,0.0617,4.8712,0.0127,544.35,511.339,False,0.377529,,626.15,
137.0,ICICIBANK,HOLD / SELL,0.056,2.9472,0.019,1294.6,1375.447,True,0.224492,,1488.6,
138.0,APOLLOHOSP,HOLD / SELL,0.0477,4.2488,0.0112,7684.0,7380.13,False,0.130677,,8012.0,
139.0,SIEMENS,HOLD / SELL,0.0471,4.1646,0.0113,3272.2,3144.699,False,0.355365,,4147.5994,
140.0,PTC,HOLD / SELL,0.0438,4.5073,0.0097,157.51,165.4792,True,0.361007,,198.07,
141.0,FINPIPE,HOLD / SELL,0.043,4.3073,0.01,185.41,179.7267,False,0.34291,,323.6568,
142.0,ABCAPITAL,HOLD / SELL,0.0409,3.5056,0.0117,323.8,341.5595,True,0.320124,,364.05,
143.0,BSOFT,HOLD / SELL,0.0269,4.877,0.0055,381.9,403.8815,True,0.485074,,613.35,
144.0,AUROPHARMA,HOLD / SELL,0.0179,2.5291,0.0071,1304.8,1181.672,False,0.272174,,1472.7,
145.0,NYKAA,HOLD / SELL,0.0175,3.1186,0.0056,251.7,257.9664,True,0.282974,,280.69,
146.0,GPIL,HOLD / SELL,0.0048,2.4244,0.002,253.75,255.974,True,0.341285,,283.74,
147.0,THERMAX,HOLD / SELL,0.004,1.8492,0.0022,3182.3,3010.178,False,0.399112,,5431.15,
148.0,DALBHARAT,HOLD / SELL,0.0032,1.6715,0.0019,1855.9,2073.125,True,0.229402,,2476.2,
149.0,ADANIPORTS,HOLD / SELL,0.0022,1.3662,0.0016,1410.8,1478.985,True,0.339723,,1570.2,
150.0,TECHM,HOLD / SELL,0.0008,1.6229,0.0005,1334.4,1530.132,True,0.322128,,1796.4,
151.0,BAYERCROP,HOLD / SELL,0.0007,0.8799,0.0008,4520.6,4593.166,True,0.267399,,6764.55,
152.0,GSPL,HOLD / SELL,0.0004,0.7165,0.0005,285.15,301.0205,True,0.358747,,400.2,
153.0,GODREJAGRO,HOLD / SELL,0.0003,0.9932,0.0003,600.35,592.1835,False,0.413228,,853.7,
154.0,ENGINERSIN,HOLD / SELL,0.0002,0.8742,0.0002,199.02,196.6429,False,0.741032,,250.52,
155.0,BPCL,HOLD / SELL,0.0001,0.4212,0.0002,325.05,363.2005,True,0.35901,,388.3,
156.0,MUTHOOTFIN,HOLD / SELL,0.0,0.0791,0.0,3163.9,3619.985,True,0.525428,,4091.7,
157.0,COLPAL,HOLD / SELL,-0.0,-0.1634,0.0001,2055.6,2160.589,True,0.337633,,3395.95,
158.0,SHYAMMETL,HOLD / SELL,-0.0,-0.2754,0.0001,785.55,842.3695,True,0.305774,,992.15,
159.0,AMBER,HOLD / SELL,0.0,0.6608,0.0,7308.0,7080.67,False,0.372165,,8526.5,
160.0,NIVABUPA,HOLD / SELL,0.0,0.06,0.0,71.52,75.8939,True,0.171021,,100.0,
161.0,360ONE,HOLD / SELL,-0.0027,-1.4645,0.0019,1048.1,1132.949,True,0.244226,,1297.15,
162.0,ADANIENSOL,HOLD / SELL,-0.0028,-1.793,0.0016,992.0,979.6255,False,0.356996,,1076.3,
163.0,VENTIVE,HOLD / SELL,-0.0043,-1.6345,0.0026,670.9,732.174,True,0.184643,,825.6,
164.0,SCHAEFFLER,HOLD / SELL,-0.0141,-3.0359,0.0046,4050.4,3914.608,False,0.372326,,4357.2,
165.0,PIDILITIND,HOLD / SELL,-0.0275,-1.8928,0.0146,1403.4,1472.122,True,0.242092,,1601.4018,
166.0,DELHIVERY,HOLD / SELL,-0.044,-4.3303,0.0102,417.95,425.161,True,0.284743,,484.85,
167.0,GLAXO,HOLD / SELL,-0.0489,-3.9333,0.0124,2486.0,2527.698,True,0.193574,,3466.2,
168.0,KIMS,HOLD / SELL,-0.0611,-6.0524,0.0101,675.9,669.615,False,0.354347,,789.35,
169.0,COROMANDEL,HOLD / SELL,-0.0617,-4.3077,0.0143,2020.7,2256.681,True,0.340512,,2691.4,
170.0,CANFINHOME,HOLD / SELL,-0.062,-3.9631,0.0156,865.95,892.4805,True,0.352286,,950.2,
171.0,MMTC,HOLD / SELL,-0.0714,-7.0747,0.0101,55.45,63.0837,True,0.324351,,85.77,
172.0,GILLETTE,HOLD / SELL,-0.0834,-4.5495,0.0183,7979.0,8394.0949,True,0.237277,,11181.6708,
173.0,SYRMA,HOLD / SELL,-0.0937,-8.4028,0.0112,757.5,782.8855,True,0.403789,,903.1,
174.0,HDFCAMC,HOLD / SELL,-0.0953,-4.9416,0.0193,2448.2,2665.095,True,0.296697,,2946.0,
175.0,RBLBANK,HOLD / SELL,-0.1019,-4.5631,0.0223,297.7,311.047,True,0.333575,,332.55,
176.0,GLAND,HOLD / SELL,-0.1117,-5.9429,0.0188,1667.0,1782.112,True,0.281774,,2102.1,
177.0,CENTRALBK,HOLD / SELL,-0.1209,-4.3999,0.0275,36.61,37.8193,True,0.33352,,61.01,
178.0,NETWEB,HOLD / SELL,-0.1758,-8.3267,0.0211,3278.6,3358.657,True,0.614606,,4360.1,
179.0,ALKEM,HOLD / SELL,-0.18,-4.0947,0.044,5544.5,5631.195,True,0.380875,,6158.35,
180.0,SUNPHARMA,HOLD / SELL,-0.2076,-5.7943,0.0358,1825.9,1730.111,False,0.165186,,1910.35,
181.0,GICRE,HOLD / SELL,-0.2818,-5.2301,0.0539,366.15,378.9795,True,0.204747,,501.0,
182.0,JKCEMENT,HOLD / SELL,-0.2986,-6.6554,0.0449,5151.0,5734.66,True,0.358039,,7539.0,
183.0,CHOLAFIN,HOLD / SELL,-0.3047,-5.814,0.0524,1557.4,1698.933,True,0.296925,,1805.4,
184.0,DABUR,HOLD / SELL,-0.3187,-5.7262,0.0557,471.85,508.316,True,0.267868,,572.55,
185.0,RECLTD,HOLD / SELL,-0.379,-7.6461,0.0496,333.05,359.597,True,0.341118,,570.15,
186.0,CRISIL,HOLD / SELL,-0.4449,-8.4627,0.0526,4311.3,4577.979,True,0.29188,,6653.1,
187.0,PHOENIXLTD,HOLD / SELL,-0.503,-9.5748,0.0525,1575.7,1748.71,True,0.240761,,1950.8,
188.0,GMRAIRPORT,HOLD / SELL,-0.5436,-9.4286,0.0577,93.79,98.8132,True,0.417434,,108.35,
189.0,HOMEFIRST,HOLD / SELL,-0.5808,-10.5374,0.0551,1053.2,1146.072,True,0.462957,,1479.0,
190.0,HEROMOTOCO,HOLD / SELL,-0.7936,-10.6677,0.0744,5575.0,5723.365,True,0.331805,,6350.5,
191.0,CGPOWER,HOLD / SELL,-0.8116,-16.1096,0.0504,726.3,678.0425,False,0.330956,,837.2,
192.0,KOTAKBANK,HOLD / SELL,-0.8227,-7.7843,0.1057,383.2,423.8074,True,0.246346,,453.76,
193.0,IGIL,HOLD / SELL,-0.8996,-10.3942,0.0865,327.6,327.4705,False,0.16203,,620.4,
194.0,LTF,HOLD / SELL,-0.9491,-11.2301,0.0845,266.65,292.348,True,0.357194,,320.3,
195.0,TMPV,HOLD / SELL,-1.0893,-13.6633,0.0797,335.35,369.6305,True,0.382705,,550.9775,
196.0,ZENTEC,HOLD / SELL,-1.1696,-9.9879,0.1171,1408.6,1362.92,False,0.233123,,2577.0,
197.0,RVNL,HOLD / SELL,-1.2033,-15.1909,0.0792,277.2,323.3995,True,0.373169,,489.6,
198.0,HINDUNILVR,HOLD / SELL,-1.209,-8.9391,0.1353,2161.4,2368.2315,True,0.237805,,2683.233,
199.0,VBL,HOLD / SELL,-1.358,-11.7667,0.1154,431.25,468.104,True,0.263745,,652.2,
200.0,INOXINDIA,HOLD / SELL,-1.4169,-9.8708,0.1435,1193.4,1153.133,False,0.24619,,1266.9,
201.0,SHREECEM,HOLD / SELL,-1.4721,-10.8383,0.1358,23740.0,26867.0,True,0.265803,,32345.0,
202.0,TATACONSUM,HOLD / SELL,-1.7171,-8.8596,0.1938,1073.4,1161.95,True,0.17774,,1212.6,
203.0,CHAMBLFERT,HOLD / SELL,-1.7216,-13.2186,0.1302,431.75,454.4325,True,0.307177,,726.65,
204.0,BIOCON,HOLD / SELL,-1.815,-11.7416,0.1546,395.35,383.753,False,0.169444,,421.6,
205.0,HFCL,HOLD / SELL,-2.011,-17.5777,0.1144,72.06,69.8576,False,0.385439,,133.54,
206.0,KSB,HOLD / SELL,-2.4074,-13.2261,0.182,764.0,746.5165,False,0.416493,,890.25,
207.0,PFIZER,HOLD / SELL,-2.7217,-13.6798,0.199,4704.5,4976.176,True,0.253043,,5766.5,
208.0,CENTURYPLY,HOLD / SELL,-2.8399,-17.7997,0.1595,690.25,776.332,True,0.269355,,890.85,
209.0,NH,HOLD / SELL,-2.8734,-15.7545,0.1824,1736.2,1842.347,True,0.235785,,2263.2,
210.0,JSWENERGY,HOLD / SELL,-3.1147,-16.8867,0.1844,488.0,492.721,True,0.287591,,750.05,
211.0,POONAWALLA,HOLD / SELL,-3.1466,-18.9716,0.1659,417.7,462.274,True,0.347458,,542.5,
212.0,METROPOLIS,HOLD / SELL,-3.4349,-13.2013,0.2602,1837.0,1921.014,True,0.271962,,2236.7,
213.0,DEEPAKNTR,HOLD / SELL,-3.5112,-18.1488,0.1935,1489.6,1637.934,True,0.260061,,2868.75,
214.0,VIJAYA,HOLD / SELL,-3.5945,-13.4773,0.2667,962.1,1002.1775,True,0.266474,,1241.8,
215.0,CASTROLIND,HOLD / SELL,-3.7326,-9.9767,0.3741,185.79,189.3961,True,0.073025,,241.1911,
216.0,FORTIS,HOLD / SELL,-3.8399,-19.1615,0.2004,881.2,924.745,True,0.252503,,1097.9,
217.0,CHENNPETRO,HOLD / SELL,-3.854,-25.4539,0.1514,906.7,897.3825,False,0.492529,,1096.55,
218.0,DMART,HOLD / SELL,-4.0152,-15.2317,0.2636,3944.8,3918.325,False,0.182952,,4829.3,
219.0,IIFL,HOLD / SELL,-4.1111,-27.4028,0.15,480.85,549.912,True,0.329993,,665.15,
220.0,UNITDSPR,HOLD / SELL,-4.3538,-14.5928,0.2984,1382.1,1394.626,True,0.338319,,1688.55,
221.0,STARCEMENT,HOLD / SELL,-4.5063,-32.0124,0.1408,201.95,235.2076,True,0.384426,,298.75,
222.0,ESCORTS,HOLD / SELL,-4.5076,-18.2401,0.2471,3396.6,3624.232,True,0.348788,,3942.2103,
223.0,BOSCHLTD,HOLD / SELL,-5.0394,-17.9201,0.2812,31715.0,36528.05,True,0.343487,,41495.0,
224.0,ASTERDM,HOLD / SELL,-5.0711,-25.5933,0.1981,685.9,633.5115,False,0.24125,,722.95,
225.0,CHOICEIN,HOLD / SELL,-5.3535,-22.9199,0.2336,649.9,783.287,True,0.459776,,850.3,
226.0,CAMPUS,HOLD / SELL,-5.4262,-19.4004,0.2797,238.25,265.6715,True,0.222977,,322.75,
227.0,BLUEDART,HOLD / SELL,-5.6778,-22.3118,0.2545,5398.5,5654.455,True,0.189084,,8444.9,
228.0,IRB,HOLD / SELL,-5.768,-16.9953,0.3394,42.1,42.3386,True,0.309574,,60.31,
229.0,FLUOROCHEM,HOLD / SELL,-5.8876,-21.7733,0.2704,3245.6,3470.275,True,0.288211,,4812.65,
230.0,ANGELONE,HOLD / SELL,-5.981,-25.5291,0.2343,218.53,254.6902,True,0.332169,,343.285,
231.0,DIVISLAB,HOLD / SELL,-6.1725,-16.4573,0.3751,6352.5,6390.25,True,0.183968,,6983.5,
232.0,MINDACORP,HOLD / SELL,-6.2605,-20.8894,0.2997,494.25,576.5075,True,0.27573,,607.6,
233.0,ZYDUSLIFE,HOLD / SELL,-6.3943,-14.6765,0.4357,921.75,925.6,True,0.212557,,1047.85,
234.0,TATAPOWER,HOLD / SELL,-6.436,-17.5735,0.3662,385.75,380.618,False,0.253872,,453.8,
235.0,LLOYDSME,HOLD / SELL,-6.4848,-24.6762,0.2628,1185.6,1252.553,True,0.494441,,1588.9,
236.0,MAHSEAMLES,HOLD / SELL,-6.5349,-18.8257,0.3471,556.9,551.869,False,0.250502,,786.95,
237.0,CROMPTON,HOLD / SELL,-6.571,-25.4084,0.2586,247.5,260.5826,True,0.245337,,416.85,
238.0,GRSE,HOLD / SELL,-6.5888,-26.2512,0.251,2449.1,2521.373,True,0.364119,,3492.7,
239.0,CONCOR,HOLD / SELL,-6.6246,-17.5143,0.3782,470.45,512.5205,True,0.252628,,698.08,
240.0,IKS,HOLD / SELL,-6.6459,-27.8411,0.2387,1376.4,1610.797,True,0.437042,,2145.7,
241.0,SRF,HOLD / SELL,-6.6538,-24.7497,0.2688,2488.7,2895.036,True,0.303199,,3286.5,
242.0,BAJFINANCE,HOLD / SELL,-6.7067,-19.7303,0.3399,893.65,1001.3645,True,0.306137,,1094.15,
243.0,ASTRAZEN,HOLD / SELL,-6.8155,-19.5207,0.3491,8760.0,8906.58,True,0.155941,,10509.5,
244.0,ADANIPOWER,HOLD / SELL,-6.9462,-20.5072,0.3387,138.85,146.8102,True,0.315842,,170.78,
245.0,ASAHIINDIA,HOLD / SELL,-6.9726,-23.6617,0.2947,864.55,964.717,True,0.374423,,1066.4,
246.0,NHPC,HOLD / SELL,-7.1183,-20.1507,0.3533,73.46,79.0547,True,0.234661,,90.93,
247.0,STARHEALTH,HOLD / SELL,-7.2282,-21.5915,0.3348,455.9,469.6705,True,0.249992,,550.45,
248.0,HCLTECH,HOLD / SELL,-7.2509,-29.0186,0.2499,1350.3,1579.97,True,0.318684,,1988.4164,
249.0,MANKIND,HOLD / SELL,-7.3272,-19.9799,0.3667,2243.8,2210.67,False,0.343887,,2998.4,
250.0,INFY,HOLD / SELL,-7.3459,-31.8249,0.2308,1276.3,1526.392,True,0.291502,,1999.7,
251.0,LICI,HOLD / SELL,-7.3813,-19.9132,0.3707,802.4,865.1515,True,0.215939,,986.35,
252.0,HAVELLS,HOLD / SELL,-7.4691,-20.55,0.3635,1365.5,1416.494,True,0.249122,,1849.7,
253.0,BAJAJFINSV,HOLD / SELL,-7.4947,-17.5555,0.4269,1795.3,2034.314,True,0.250876,,2176.6,
254.0,NSLNISP,HOLD / SELL,-7.6407,-22.5556,0.3387,37.74,41.8296,True,0.261358,,50.08,
255.0,BHEL,HOLD / SELL,-7.7995,-23.7385,0.3286,255.75,268.2939,True,0.323304,,303.55,
256.0,SHAILY,HOLD / SELL,-7.8079,-36.6594,0.213,1908.5,2199.45,True,0.603478,,2748.9,
257.0,TATAELXSI,HOLD / SELL,-7.9195,-29.8779,0.2651,4343.4,5195.999,True,0.315827,,7409.2,
258.0,ACMESOLAR,HOLD / SELL,-8.4818,-29.4161,0.2883,230.24,237.1568,True,0.329313,,318.8,
259.0,MAXHEALTH,HOLD / SELL,-8.9952,-24.9664,0.3603,1032.2,1082.496,True,0.189653,,1301.4,
260.0,UPL,HOLD / SELL,-9.2038,-30.5486,0.3013,625.85,730.997,True,0.573971,,805.35,
261.0,CEATLTD,HOLD / SELL,-9.4203,-23.8528,0.3949,3553.3,3839.578,True,0.413096,,4302.7,
262.0,MARUTI,HOLD / SELL,-9.5621,-26.3091,0.3635,13497.0,15753.05,True,0.290402,,17292.0,
263.0,TECHNOE,HOLD / SELL,-9.9652,-36.8549,0.2704,1105.7,1132.4735,True,0.399563,,1766.0,
264.0,PARAS,HOLD / SELL,-10.0025,-25.4605,0.3929,680.8,686.095,True,0.495279,,933.6,
265.0,PNBHOUSING,HOLD / SELL,-10.0177,-30.4359,0.3291,776.5,891.336,True,0.330044,,1126.2,
266.0,CREDITACC,HOLD / SELL,-10.171,-23.8133,0.4271,1195.3,1312.785,True,0.403004,,1477.1,
267.0,M&M,HOLD / SELL,-10.3519,-22.5551,0.459,3168.2,3591.232,True,0.327498,,3802.4,
268.0,IRCON,HOLD / SELL,-10.6622,-31.2083,0.3416,137.16,159.7909,True,0.509974,,236.15,
269.0,SUNDRMFAST,HOLD / SELL,-10.8274,-21.2916,0.5085,836.45,935.2735,True,0.235021,,1418.1,
270.0,MGL,HOLD / SELL,-11.0227,-29.1353,0.3783,1049.3,1158.178,True,0.436174,,1762.1,
271.0,ICICIGI,HOLD / SELL,-11.0486,-20.4847,0.5394,1875.2,1944.1,True,0.195088,,2063.6,
272.0,UBL,HOLD / SELL,-11.278,-30.9679,0.3642,1653.3,1647.327,False,0.328615,,2238.9,
273.0,AADHARHFC,HOLD / SELL,-11.4066,-18.7415,0.6086,482.35,484.557,True,0.358436,,539.85,
274.0,RHIM,HOLD / SELL,-11.7128,-28.8868,0.4055,380.2,449.88,True,0.422347,,608.8,
275.0,IRFC,HOLD / SELL,-11.735,-31.8692,0.3682,99.25,117.088,True,0.296623,,164.91,
276.0,RAILTEL,HOLD / SELL,-12.1823,-32.5819,0.3739,283.5,341.843,True,0.378661,,461.15,
277.0,ENRIN,HOLD / SELL,-12.5615,-44.9146,0.2797,2942.8,2856.88,False,0.293611,,3606.5,
278.0,USHAMART,HOLD / SELL,-12.624,-26.541,0.4756,425.1,436.5595,True,0.347955,,481.6,
279.0,MEDANTA,HOLD / SELL,-12.935,-28.8553,0.4483,1101.2,1187.121,True,0.238553,,1427.2,
280.0,WELCORP,HOLD / SELL,-13.1486,-33.1941,0.3961,832.5,822.982,False,0.3723,,966.3,
281.0,TCS,HOLD / SELL,-13.1873,-36.0041,0.3663,2464.9,3013.599,True,0.265569,,4340.2471,
282.0,PVRINOX,HOLD / SELL,-13.2954,-29.9726,0.4436,1028.3,1060.4835,True,0.232724,,1610.1,
283.0,SOBHA,HOLD / SELL,-13.2991,-30.3392,0.4383,1354.9,1499.943,True,0.338517,,1757.4,
284.0,SJVN,HOLD / SELL,-13.3608,-32.7754,0.4076,70.53,77.7583,True,0.386162,,122.27,
285.0,GODREJIND,HOLD / SELL,-13.6134,-25.526,0.5333,888.6,1024.2635,True,0.327041,,1359.5,
286.0,RALLIS,HOLD / SELL,-13.6212,-40.7314,0.3344,248.6,283.4045,True,0.503349,,381.05,
287.0,RELIANCE,HOLD / SELL,-13.7029,-26.4562,0.5179,1390.2,1479.291,True,0.249411,,1592.3,
288.0,JSWINFRA,HOLD / SELL,-13.89,-24.6912,0.5625,259.55,272.7755,True,0.342291,,342.75,
289.0,HINDPETRO,HOLD / SELL,-14.1502,-30.3951,0.4655,384.25,455.0185,True,0.418773,,499.05,
290.0,CARBORUNIV,HOLD / SELL,-14.3364,-25.9594,0.5523,787.1,848.392,True,0.17397,,1481.45,
291.0,KPIL,HOLD / SELL,-14.6406,-28.0057,0.5228,1141.3,1180.477,True,0.432691,,1339.4,
292.0,SENCO,HOLD / SELL,-14.6714,-36.4305,0.4027,297.35,334.377,True,0.674849,,690.475,
293.0,UNOMINDA,HOLD / SELL,-14.7585,-29.7374,0.4963,1081.7,1231.503,True,0.320183,,1366.3,
294.0,PRUDENT,HOLD / SELL,-14.7777,-34.5711,0.4275,2234.7,2584.863,True,0.449717,,3520.5,
295.0,GRAVITA,HOLD / SELL,-15.0045,-34.3839,0.4364,1505.3,1695.408,True,0.230129,,2514.3,
296.0,HDFCLIFE,HOLD / SELL,-15.0526,-26.188,0.5748,647.9,740.7415,True,0.25212,,814.3,
297.0,SAMMAANCAP,HOLD / SELL,-15.0581,-39.4191,0.382,145.72,154.5921,True,0.311673,,189.93,
298.0,BHARTIARTL,HOLD / SELL,-15.9427,-25.7989,0.618,1807.0,2040.616,True,0.207237,,2162.7,
299.0,KIRLOSBROS,HOLD / SELL,-16.02,-30.9858,0.517,1592.6,1662.676,True,0.486741,,2357.4,
300.0,ENDURANCE,HOLD / SELL,-16.4235,-29.6261,0.5544,2485.2,2627.978,True,0.377662,,3041.2,
301.0,MSUMI,HOLD / SELL,-16.4498,-31.6321,0.52,40.18,45.5219,True,0.23558,,52.05,
302.0,LICHSGFIN,HOLD / SELL,-16.6148,-25.0455,0.6634,505.4,539.743,True,0.250724,,641.25,
303.0,ADANIENT,HOLD / SELL,-16.6568,-32.2737,0.5161,1974.7,2242.8659,True,0.285134,,2953.3089,
304.0,INDHOTEL,HOLD / SELL,-16.665,-30.5077,0.5463,624.05,705.5025,True,0.239522,,889.65,
305.0,BAJAJHLDNG,HOLD / SELL,-16.8761,-29.8321,0.5657,10177.0,11369.07,True,0.240243,,14523.0,
306.0,VGUARD,HOLD / SELL,-16.943,-30.4982,0.5555,314.65,335.985,True,0.319291,,450.5,
307.0,GODIGIT,HOLD / SELL,-17.0378,-25.8643,0.6587,334.25,341.5975,True,0.252545,,372.35,
308.0,YESBANK,HOLD / SELL,-17.1718,-27.5634,0.623,19.53,21.9297,True,0.193977,,24.03,
309.0,JBMA,HOLD / SELL,-17.3106,-36.4628,0.4747,511.85,598.8405,True,0.295718,,884.975,
310.0,AMBUJACEM,HOLD / SELL,-17.4094,-30.2935,0.5747,457.8,539.201,True,0.245643,,620.55,
311.0,WAAREEENER,HOLD / SELL,-17.6413,-42.8449,0.4117,2682.8,3018.073,True,0.460554,,3739.8,
312.0,CHALET,HOLD / SELL,-17.9139,-30.7928,0.5818,774.95,876.559,True,0.316279,,1064.6,
313.0,TIINDIA,HOLD / SELL,-17.9457,-42.3664,0.4236,2566.0,2691.27,True,0.368362,,4716.6,
314.0,BHARTIHEXA,HOLD / SELL,-18.3167,-31.6959,0.5779,1536.2,1725.129,True,0.206532,,1984.6,
315.0,IOB,HOLD / SELL,-18.8781,-32.7249,0.5769,33.56,36.8347,True,0.27065,,58.97,
316.0,DOMS,HOLD / SELL,-18.883,-33.4772,0.5641,2097.7,2472.715,True,0.257874,,3069.0,
317.0,WIPRO,HOLD / SELL,-18.9069,-44.8147,0.4219,202.23,241.4442,True,0.249284,,320.1,
318.0,UCOBANK,HOLD / SELL,-19.3631,-30.6194,0.6324,26.4,29.7741,True,0.334796,,50.39,
319.0,TRIDENT,HOLD / SELL,-19.4029,-33.5654,0.5781,23.1,26.9939,True,0.300582,,37.99,
320.0,SAGILITY,HOLD / SELL,-19.4407,-42.5803,0.4566,39.79,48.8854,True,0.40436,,54.58,
321.0,APOLLOTYRE,HOLD / SELL,-19.5008,-32.9503,0.5918,434.25,500.146,True,0.256107,,549.1,
322.0,RBA,HOLD / SELL,-19.5519,-40.8653,0.4784,62.04,68.1662,True,0.117259,,104.02,
323.0,TRENT,HOLD / SELL,-19.7798,-35.4665,0.5577,3627.4,4191.183,True,0.220564,,7768.05,
324.0,PERSISTENT,HOLD / SELL,-20.1676,-46.7652,0.4313,4747.7,5946.303,True,0.395621,,6674.2,
325.0,MRF,HOLD / SELL,-20.1734,-31.817,0.634,136255.0,149506.85,True,0.283374,,162295.0,
326.0,NTPCGREEN,HOLD / SELL,-20.27,-30.1371,0.6726,86.73,93.2338,True,0.16871,,148.61,
327.0,INDGN,HOLD / SELL,-20.4872,-31.711,0.6461,449.6,509.379,True,0.270511,,700.0,
328.0,ANANTRAJ,HOLD / SELL,-20.6008,-40.9844,0.5026,472.55,564.2785,True,0.314803,,935.55,
329.0,BDL,HOLD / SELL,-20.6992,-40.3885,0.5125,1360.0,1437.094,True,0.377861,,2015.5,
330.0,INDIAMART,HOLD / SELL,-21.0956,-30.843,0.684,2130.4,2272.17,True,0.233762,,3013.138,
331.0,RELIGARE,HOLD / SELL,-21.3183,-40.2081,0.5302,219.77,244.1432,True,0.432746,,309.45,
332.0,TRITURBINE,HOLD / SELL,-21.4842,-33.4679,0.6419,474.6,515.839,True,0.244566,,834.85,
333.0,HYUNDAI,HOLD / SELL,-21.5056,-28.7453,0.7481,2019.9,2281.223,True,0.386666,,2809.3,
334.0,BBTC,HOLD / SELL,-21.5791,-34.0103,0.6345,1570.4,1838.14,True,0.329922,,2806.35,
335.0,KFINTECH,HOLD / SELL,-21.634,-32.2846,0.6701,926.85,1050.4285,True,0.34348,,1592.2,
336.0,LALPATHLAB,HOLD / SELL,-21.8552,-31.7659,0.688,1404.7,1467.7845,True,0.240338,,1736.75,
337.0,RATEGAIN,HOLD / SELL,-21.8563,-48.5302,0.4504,510.9,632.468,True,0.566291,,834.7,
338.0,EMAMILTD,HOLD / SELL,-22.3101,-32.4735,0.687,433.25,510.631,True,0.228279,,714.0929,
339.0,ABBOTINDIA,HOLD / SELL,-22.4121,-28.3002,0.7919,27200.0,28288.65,True,0.192839,,35670.0,
340.0,ADANIGREEN,HOLD / SELL,-22.5049,-42.519,0.5293,849.65,990.8415,True,0.37021,,1736.05,
341.0,SIGNATURE,HOLD / SELL,-22.7132,-49.0528,0.463,842.45,1034.0355,True,0.521692,,1489.55,
342.0,MAHSCOOTER,HOLD / SELL,-22.7224,-31.0601,0.7316,12755.0,14248.73,True,0.263616,,18018.0,
343.0,ORCHPHARMA,HOLD / SELL,-22.7421,-54.5134,0.4172,524.0,741.73,True,0.467373,,1982.5,
344.0,JUBLINGREA,HOLD / SELL,-22.8494,-41.4382,0.5514,570.5,669.3165,True,0.343196,,859.2,
345.0,MPHASIS,HOLD / SELL,-23.1022,-44.8251,0.5154,2184.9,2710.488,True,0.267765,,3197.3,
346.0,BEML,HOLD / SELL,-23.136,-41.2774,0.5605,1610.1,1839.285,True,0.278705,,2394.35,
347.0,ASIANPAINT,HOLD / SELL,-23.569,-44.2961,0.5321,2232.0,2634.958,True,0.232942,,3055.85,
348.0,IEX,HOLD / SELL,-23.8891,-38.1253,0.6266,122.85,135.3202,True,0.241226,,210.01,
349.0,DEVYANI,HOLD / SELL,-23.9119,-45.8493,0.5215,111.98,137.3503,True,0.319944,,197.75,
350.0,CYIENT,HOLD / SELL,-23.968,-44.8415,0.5345,924.6,1106.88,True,0.362276,,2089.65,
351.0,HAL,HOLD / SELL,-24.2024,-35.5777,0.6803,4005.1,4417.976,True,0.269343,,5127.7,
352.0,GAIL,HOLD / SELL,-24.2536,-33.9621,0.7141,147.97,170.8273,True,0.327093,,222.02,
353.0,NUVOCO,HOLD / SELL,-24.2578,-38.9102,0.6234,297.65,357.758,True,0.336092,,470.6,
354.0,CAMS,HOLD / SELL,-24.3217,-34.6344,0.7022,676.2,742.3408,True,0.343317,,1055.24,
355.0,JYOTICNC,HOLD / SELL,-24.4701,-45.055,0.5431,770.95,905.741,True,0.263414,,1435.9,
356.0,PCBL,HOLD / SELL,-24.6711,-45.4565,0.5427,273.15,312.417,True,0.414482,,489.45,
357.0,RITES,HOLD / SELL,-24.6878,-37.1148,0.6652,199.71,231.8216,True,0.290897,,309.2,
358.0,ZEEL,HOLD / SELL,-25.0875,-40.6373,0.6174,80.48,93.244,True,0.255632,,149.66,
359.0,AKZOINDIA,HOLD / SELL,-25.3981,-41.5583,0.6111,2880.8,3175.043,True,0.345809,,4325.1082,
360.0,HDFCBANK,HOLD / SELL,-25.4535,-33.0112,0.7711,833.95,960.6485,True,0.199377,,1012.9,
361.0,NUVAMA,HOLD / SELL,-25.6928,-38.9208,0.6601,1212.5,1399.706,True,0.27779,,1657.5,
362.0,TITAGARH,HOLD / SELL,-25.742,-44.7046,0.5758,655.95,810.2865,True,0.330989,,1337.5,
363.0,BIKAJI,HOLD / SELL,-25.7562,-38.3919,0.6709,619.9,696.3115,True,0.193375,,910.65,
364.0,CESC,HOLD / SELL,-25.8735,-39.8152,0.6498,154.29,164.476,True,0.295259,,199.66,
365.0,SANOFICONR,HOLD / SELL,-25.8972,-38.9939,0.6641,4443.2,4580.108,True,0.617743,,5696.0,
366.0,PATANJALI,HOLD / SELL,-25.9149,-35.9196,0.7215,497.85,547.2045,True,0.168603,,666.9267,
367.0,AFFLE,HOLD / SELL,-26.5259,-46.2286,0.5738,1411.4,1676.829,True,0.435949,,2146.7,
368.0,OBEROIRLTY,HOLD / SELL,-26.9715,-38.3655,0.703,1488.8,1626.979,True,0.216503,,2322.65,
369.0,ACE,HOLD / SELL,-27.3504,-42.8755,0.6379,853.4,944.828,True,0.276846,,1559.8,
370.0,AEGISLOG,HOLD / SELL,-27.4088,-37.2071,0.7367,616.55,733.059,True,0.354928,,963.95,
371.0,MAZDOCK,HOLD / SELL,-27.8585,-39.6462,0.7027,2436.1,2534.639,True,0.478697,,3751.2,
372.0,AGARWALEYE,HOLD / SELL,-29.3207,-39.5664,0.7411,444.8,488.4985,True,0.212607,,545.7,
373.0,DCMSHRIRAM,HOLD / SELL,-29.3705,-42.7295,0.6874,989.8,1183.709,True,0.249652,,1442.1,
374.0,PAYTM,HOLD / SELL,-29.4367,-45.0302,0.6537,1025.7,1249.503,True,0.33907,,1367.8,
375.0,TATATECH,HOLD / SELL,-29.8324,-38.177,0.7814,556.9,650.07,True,0.246104,,1055.3826,
376.0,RAINBOW,HOLD / SELL,-29.8836,-40.6303,0.7355,1203.9,1284.216,True,0.221873,,1677.25,
377.0,ETERNAL,HOLD / SELL,-30.0296,-46.1262,0.651,223.8,289.4644,True,0.21995,,354.35,
378.0,PCJEWELLER,HOLD / SELL,-30.2109,-50.1124,0.6029,8.83,10.7993,True,0.287268,,19.19,
379.0,LODHA,HOLD / SELL,-30.4682,-48.0338,0.6343,880.4,1088.736,True,0.310196,,1516.0,
380.0,JMFINANCIL,HOLD / SELL,-31.0131,-45.9961,0.6743,121.69,143.3633,True,0.418612,,193.02,
381.0,ECLERX,HOLD / SELL,-31.1207,-61.0573,0.5097,3114.4,4308.913,True,0.391662,,4947.0,
382.0,ITI,HOLD / SELL,-31.2653,-41.1319,0.7601,253.4,301.4205,True,0.258333,,544.35,
383.0,UTIAMC,HOLD / SELL,-31.5115,-41.9362,0.7514,983.3,1121.8795,True,0.305294,,1453.3133,
384.0,CIPLA,HOLD / SELL,-31.9285,-40.2339,0.7936,1329.5,1453.416,True,0.184808,,1663.6,
385.0,PIIND,HOLD / SELL,-32.1858,-38.9119,0.8271,3012.3,3313.216,True,0.228416,,4694.5,
386.0,CAPLIPOINT,HOLD / SELL,-32.2932,-39.3296,0.8211,1690.1,1860.72,True,0.153584,,2600.15,
387.0,ABFRL,HOLD / SELL,-32.4821,-47.4866,0.684,61.74,74.3108,True,0.30956,,121.7211,
388.0,LTTS,HOLD / SELL,-32.4857,-56.8615,0.5713,3097.4,4066.104,True,0.510724,,5615.45,
389.0,PGHH,HOLD / SELL,-32.6989,-39.1492,0.8352,10839.0,12480.19,True,0.158493,,16552.5988,
390.0,SBICARD,HOLD / SELL,-32.776,-43.319,0.7566,715.0,837.3255,True,0.223205,,1017.0,
391.0,COCHINSHIP,HOLD / SELL,-32.9035,-41.0277,0.802,1460.7,1611.769,True,0.317464,,2392.5,
392.0,CHOLAHLDNG,HOLD / SELL,-32.9066,-43.385,0.7585,1569.9,1809.092,True,0.291618,,2166.0,
393.0,TBOTEK,HOLD / SELL,-32.9606,-55.1449,0.5977,1207.2,1533.105,True,0.372582,,1791.9,
394.0,JUBLFOOD,HOLD / SELL,-33.1531,-44.1714,0.7506,473.25,555.1035,True,0.190675,,766.6,
395.0,SBFC,HOLD / SELL,-33.4706,-45.2158,0.7402,92.34,103.0718,True,0.239366,,119.02,
396.0,HONAUT,HOLD / SELL,-33.8839,-38.6441,0.8768,30650.0,33738.4,True,0.203171,,51677.45,
397.0,BLS,HOLD / SELL,-34.2877,-49.1041,0.6983,249.15,302.2235,True,0.457612,,505.5,
398.0,SHARDAMOTR,HOLD / SELL,-34.4341,-49.9681,0.6891,819.65,981.0935,True,0.508357,,1216.7,
399.0,CERA,HOLD / SELL,-34.5114,-43.7824,0.7882,4652.1,5356.727,True,0.218518,,7961.75,
400.0,CGCL,HOLD / SELL,-34.7394,-42.7119,0.8133,169.24,182.681,True,0.459222,,213.22,
401.0,SWANCORP,HOLD / SELL,-34.7616,-49.3204,0.7048,353.2,434.645,True,0.357984,,787.15,
402.0,POLYPLEX,HOLD / SELL,-35.1876,-52.1991,0.6741,835.55,906.8105,True,0.369967,,1465.45,
403.0,EXIDEIND,HOLD / SELL,-35.2252,-42.4423,0.83,311.5,357.5855,True,0.260943,,496.5,
404.0,ALOKINDS,HOLD / SELL,-35.2347,-45.7851,0.7696,13.26,15.9822,True,0.235678,,23.95,
405.0,ERIS,HOLD / SELL,-35.4244,-44.7387,0.7918,1349.3,1505.74,True,0.341925,,1847.7,
406.0,KAJARIACER,HOLD / SELL,-35.7641,-46.8478,0.7634,957.95,1036.4835,True,0.286754,,1396.25,
407.0,HEXT,HOLD / SELL,-35.893,-68.971,0.5204,428.9,678.332,True,0.450571,,890.95,
408.0,VMM,HOLD / SELL,-36.5332,-44.482,0.8213,108.02,131.1005,True,0.457952,,153.18,
409.0,INDIGO,HOLD / SELL,-36.5352,-50.3258,0.726,4350.7,5189.108,True,0.375821,,6155.5,
410.0,SUMICHEM,HOLD / SELL,-36.5916,-44.5028,0.8222,393.65,449.049,True,0.229229,,652.25,
411.0,APTUS,HOLD / SELL,-36.8617,-47.5736,0.7748,229.57,276.2359,True,0.368719,,387.15,
412.0,NBCC,HOLD / SELL,-37.216,-54.5192,0.6826,86.16,107.3813,True,0.279017,,128.7,
413.0,ACC,HOLD / SELL,-37.2496,-42.7477,0.8714,1456.4,1743.376,True,0.188455,,2359.55,
414.0,TATACOMM,HOLD / SELL,-37.3158,-48.1363,0.7752,1482.9,1752.166,True,0.320033,,1971.3,
415.0,IREDA,HOLD / SELL,-37.5048,-47.262,0.7936,114.8,137.1365,True,0.307128,,230.55,
416.0,ARE&M,HOLD / SELL,-37.5084,-43.2139,0.868,790.95,911.55,True,0.275867,,1405.3,
417.0,RADICO,HOLD / SELL,-37.5893,-48.8648,0.7693,2894.0,3037.696,True,0.390157,,3376.0,
418.0,OFSS,HOLD / SELL,-37.8531,-47.5804,0.7956,6792.0,7770.685,True,0.352617,,12945.45,
419.0,PURVA,HOLD / SELL,-38.0251,-54.0264,0.7038,193.57,248.1477,True,0.691468,,446.35,
420.0,POLICYBZR,HOLD / SELL,-38.1693,-53.5732,0.7125,1463.2,1702.28,True,0.267768,,2215.85,
421.0,SAREGAMA,HOLD / SELL,-38.2251,-51.2496,0.7459,329.3,370.658,True,0.322737,,579.9,
422.0,TATAINVEST,HOLD / SELL,-38.3797,-49.089,0.7818,622.9,709.9975,True,0.455473,,1058.0,
423.0,SAMHI,HOLD / SELL,-38.4342,-49.1906,0.7813,150.84,185.3296,True,0.274558,,248.97,
424.0,IRCTC,HOLD / SELL,-38.9099,-47.265,0.8232,534.15,658.996,True,0.298554,,881.0,
425.0,ALKYLAMINE,HOLD / SELL,-39.1286,-47.6104,0.8218,1321.4,1637.073,True,0.260266,,2398.0,
426.0,PRESTIGE,HOLD / SELL,-39.2152,-49.6307,0.7901,1271.5,1589.823,True,0.260144,,1888.05,
427.0,TATACHEM,HOLD / SELL,-39.4857,-45.7386,0.8633,688.8,774.975,True,0.155601,,1189.0,
428.0,WHIRLPOOL,HOLD / SELL,-39.5924,-69.3084,0.5713,891.45,1008.078,True,0.303146,,2355.3,
429.0,PNGJL,HOLD / SELL,-39.6412,-46.4914,0.8527,568.6,608.1775,True,0.539703,,769.2,
430.0,NAUKRI,HOLD / SELL,-40.0661,-57.6696,0.6948,956.5,1275.582,True,0.282246,,1805.1,
431.0,GODREJPROP,HOLD / SELL,-40.7045,-58.2527,0.6988,1651.1,1970.601,True,0.338018,,3133.65,
432.0,EIDPARRY,HOLD / SELL,-41.2878,-49.9887,0.8259,810.1,975.9285,True,0.269943,,1236.2,
433.0,EIHOTEL,HOLD / SELL,-41.3221,-47.902,0.8626,320.05,357.015,True,0.29251,,429.85,
434.0,RENUKA,HOLD / SELL,-41.3327,-54.4486,0.7591,24.67,28.1135,True,0.482796,,44.92,
435.0,NCC,HOLD / SELL,-41.6194,-56.3122,0.7391,149.01,166.5496,True,0.282211,,316.25,
436.0,JIOFIN,HOLD / SELL,-42.5078,-51.4422,0.8263,238.7,285.462,True,0.215829,,345.2,
437.0,QUESS,HOLD / SELL,-42.5455,-54.712,0.7776,193.14,224.5789,True,0.327162,,373.25,
438.0,NIACL,HOLD / SELL,-42.8311,-52.7244,0.8124,136.74,161.4793,True,0.256511,,214.1,
439.0,ITCHOTELS,HOLD / SELL,-42.9113,-48.4785,0.8852,162.12,195.4249,True,0.259119,,254.75,
440.0,CONCORDBIO,HOLD / SELL,-42.9473,-52.5602,0.8171,1158.4,1332.798,True,0.618638,,2345.6,
441.0,PPLPHARMA,HOLD / SELL,-43.2484,-51.8329,0.8344,155.42,175.053,True,0.244127,,293.55,
442.0,ZENSARTECH,HOLD / SELL,-43.281,-58.7321,0.7369,564.5,692.072,True,0.413414,,967.75,
443.0,HUDCO,HOLD / SELL,-44.7857,-54.3075,0.8247,177.56,213.8063,True,0.321264,,258.37,
444.0,DLF,HOLD / SELL,-45.1971,-52.2784,0.8645,573.2,686.9685,True,0.324712,,893.3,
445.0,LATENTVIEW,HOLD / SELL,-45.5374,-66.6665,0.6831,299.15,433.179,True,0.295443,,516.25,
446.0,BASF,HOLD / SELL,-45.7128,-52.0838,0.8777,3453.4,3953.261,True,0.339277,,8337.75,
447.0,AEGISVOPAK,HOLD / SELL,-46.2252,-58.4954,0.7902,193.27,243.2545,True,0.670616,,293.37,
448.0,BAJAJHFL,HOLD / SELL,-46.391,-51.447,0.9017,83.74,96.9251,True,0.143268,,146.69,
449.0,BERGEPAINT,HOLD / SELL,-46.4293,-54.6879,0.849,430.65,517.5215,True,0.170653,,600.15,
450.0,SAPPHIRE,HOLD / SELL,-46.5193,-64.3531,0.7229,171.01,235.8094,True,0.42176,,354.45,
451.0,HBLENGINE,HOLD / SELL,-46.7275,-65.1932,0.7168,670.6,844.1475,True,0.366674,,1098.8,
452.0,PAGEIND,HOLD / SELL,-46.9136,-50.97,0.9204,31595.0,36244.45,True,0.198238,,49440.0,
453.0,ORIENTCEM,HOLD / SELL,-47.2439,-62.7569,0.7528,143.32,178.971,True,0.245295,,360.1,
454.0,IGL,HOLD / SELL,-48.9329,-53.8243,0.9091,162.67,188.7864,True,0.362942,,252.275,
455.0,RELAXO,HOLD / SELL,-49.2361,-56.4601,0.872,304.65,412.833,True,0.274165,,784.0,
456.0,CDSL,HOLD / SELL,-49.3877,-54.8937,0.8997,1219.4,1463.413,True,0.294659,,1964.05,
457.0,JPPOWER,HOLD / SELL,-49.4273,-61.1183,0.8087,13.66,16.898,True,0.347301,,27.23,
458.0,APLLTD,HOLD / SELL,-49.5363,-54.1583,0.9147,706.1,838.4435,True,0.188378,,1185.35,
459.0,KEC,HOLD / SELL,-49.7066,-61.0735,0.8139,547.75,695.8455,True,0.304186,,1240.4,
460.0,SWIGGY,HOLD / SELL,-49.7085,-62.0567,0.801,284.6,368.5205,True,0.293658,,597.45,
461.0,CLEAN,HOLD / SELL,-49.9566,-55.8602,0.8943,742.6,877.6745,True,0.327994,,1610.55,
462.0,ABLBL,HOLD / SELL,-50.1105,-58.0131,0.8638,102.75,121.3962,True,0.37236,,165.17,
463.0,COFORGE,HOLD / SELL,-50.4632,-71.3989,0.7068,1108.8,1662.325,True,0.360446,,1977.9,
464.0,SFL,HOLD / SELL,-50.508,-60.8694,0.8298,524.85,623.4875,True,0.567108,,1039.0,
465.0,AAVAS,HOLD / SELL,-51.5814,-57.6881,0.8941,1211.8,1478.296,True,0.200182,,2220.5,
466.0,JUBLPHARMA,HOLD / SELL,-51.6171,-59.2155,0.8717,807.65,1026.4235,True,0.269955,,1262.6,
467.0,SANOFI,HOLD / SELL,-51.7027,-55.2973,0.935,3649.3,4454.092,True,0.173541,,6877.05,
468.0,POWERMECH,HOLD / SELL,-52.1712,-62.7144,0.8319,1974.9,2436.743,True,0.431122,,3356.1,
469.0,JYOTHYLAB,HOLD / SELL,-52.4916,-58.0913,0.9036,236.65,278.1983,True,0.268519,,527.85,
470.0,SONATSOFTW,HOLD / SELL,-53.1785,-66.0634,0.805,244.8,335.884,True,0.404874,,683.15,
471.0,KPITTECH,HOLD / SELL,-53.4012,-76.1896,0.7009,682.75,1090.9195,True,0.403665,,1792.2,
472.0,SKIPPER,HOLD / SELL,-54.4137,-72.2326,0.7533,340.5,465.014,True,0.672384,,637.85,
473.0,ITC,HOLD / SELL,-54.6064,-64.0296,0.8528,309.0,367.95,True,0.187001,,465.0112,
474.0,KAYNES,HOLD / SELL,-55.3244,-81.6862,0.6773,3726.1,4696.79,True,0.364722,,7597.55,
475.0,PRINCEPIPE,HOLD / SELL,-55.5482,-67.5454,0.8224,262.05,287.8363,True,0.504153,,539.75,
476.0,BATAINDIA,HOLD / SELL,-55.5556,-60.7465,0.9145,718.7,941.7635,True,0.270001,,1464.95,
477.0,SUZLON,HOLD / SELL,-55.6848,-61.9347,0.8991,41.62,50.8997,True,0.28978,,73.01,
478.0,MOTILALOFS,HOLD / SELL,-55.9938,-62.0601,0.9023,699.05,866.2395,True,0.260635,,1091.3,
479.0,LEMONTREE,HOLD / SELL,-56.1302,-69.4878,0.8078,106.37,146.1642,True,0.247001,,177.93,
480.0,PREMIERENE,HOLD / SELL,-56.1621,-69.1388,0.8123,788.1,872.8435,True,0.38167,,1373.5,
481.0,RAYMONDLSL,HOLD / SELL,-56.9478,-65.4812,0.8697,798.85,1078.8375,True,0.409063,,2423.55,
482.0,BRIGADE,HOLD / SELL,-57.0556,-64.5238,0.8843,672.0,855.2565,True,0.26997,,1309.15,
483.0,FSL,HOLD / SELL,-57.1124,-75.0609,0.7609,218.0,315.7679,True,0.498196,,406.75,
484.0,SYNGENE,HOLD / SELL,-58.1683,-78.2914,0.743,408.15,579.0835,True,0.237219,,947.8,
485.0,NEULANDLAB,HOLD / SELL,-58.6093,-64.6396,0.9067,12828.0,15071.62,True,0.456687,,18113.0,
486.0,PNCINFRA,HOLD / SELL,-58.7,-64.5598,0.9092,202.06,254.385,True,0.43007,,459.2,
487.0,PATELENG,HOLD / SELL,-60.0162,-66.8895,0.8972,25.26,32.1947,True,0.483258,,56.4314,
488.0,ABREL,HOLD / SELL,-60.6783,-72.1008,0.8416,1183.0,1566.759,True,0.24644,,3052.8,
489.0,FIRSTCRY,HOLD / SELL,-61.6844,-71.5336,0.8623,224.86,289.175,True,0.572844,,694.25,
490.0,ROUTE,HOLD / SELL,-61.7672,-73.4604,0.8408,481.7,696.864,True,0.307561,,1567.6,
491.0,STYRENIX,HOLD / SELL,-62.3597,-78.7023,0.7923,2038.0,,False,0.428181,,3466.8,
492.0,DIXON,HOLD / SELL,-62.6576,-72.5173,0.864,10618.0,12862.8,True,0.553201,,18940.15,
493.0,AFCONS,HOLD / SELL,-63.2179,-68.8446,0.9183,280.3,375.6885,True,0.205859,,545.55,
494.0,RTNPOWER,HOLD / SELL,-63.7393,-68.528,0.9301,8.08,10.064,True,0.375469,,16.23,
495.0,OLECTRA,HOLD / SELL,-65.2715,-71.982,0.9068,900.55,1198.9545,True,0.378355,,1726.85,
496.0,OLAELEC,HOLD / SELL,-66.4579,-82.0275,0.8102,23.92,37.3255,True,0.402494,,98.54,
497.0,DEEPAKFERT,HOLD / SELL,-66.5896,-71.4198,0.9324,996.85,1229.7945,True,0.316263,,1743.5,
498.0,POLYMED,HOLD / SELL,-66.6227,-75.1213,0.8869,1333.4,1701.077,True,0.468055,,3128.9,
499.0,MAPMYINDIA,HOLD / SELL,-68.6979,-81.7874,0.84,990.0,1521.379,True,0.327569,,2155.65,
500.0,AWL,HOLD / SELL,-68.9301,-71.531,0.9636,179.4,234.4679,True,0.218196,,346.1,
501.0,PARADEEP,HOLD / SELL,-69.9555,-77.0282,0.9082,112.52,153.6203,True,0.52676,,231.57,
502.0,MANYAVAR,HOLD / SELL,-70.9064,-78.8705,0.899,364.4,551.2015,True,0.386441,,1434.2,
503.0,BLUEJET,HOLD / SELL,-71.081,-78.7228,0.9029,374.7,511.0195,True,0.723301,,1010.2,
504.0,OPTIEMUS,HOLD / SELL,-72.9839,-78.9919,0.9239,347.95,514.627,True,0.493944,,801.65,
505.0,FIVESTAR,HOLD / SELL,-73.2544,-76.4478,0.9582,380.6,528.384,True,0.281673,,897.75,
506.0,INOXWIND,HOLD / SELL,-73.9534,-78.8124,0.9383,82.26,122.4946,True,0.252768,,221.878,
507.0,REFEX,HOLD / SELL,-74.0358,-84.3679,0.8775,210.08,308.0321,True,0.558675,,563.45,
508.0,INTELLECT,HOLD / SELL,-74.6644,-81.4698,0.9165,662.25,938.5715,True,0.332354,,1224.8303,
509.0,RPOWER,HOLD / SELL,-77.4935,-83.1671,0.9318,22.86,34.3875,True,0.310302,,71.27,
510.0,RTNINDIA,HOLD / SELL,-78.9614,-85.705,0.9213,26.7,44.0679,True,0.743213,,75.54,
511.0,COHANCE,HOLD / SELL,-89.1439,-93.1406,0.9571,291.7,515.498,True,0.538793,,1334.2,
512.0,OSWALPUMPS,HOLD / SELL,-90.0747,-93.4217,0.9642,318.5,531.3215,True,0.49996,,873.8,
513.0,RELINFRA,HOLD / SELL,-90.3338,-95.1912,0.949,90.31,173.3289,True,0.610679,,417.4,
,3MINDIA,DISQUALIFIED,,,,33720.0,,,,,37635.0,Gap > 15% in last 90 days
,AGI,DISQUALIFIED,,,,,,,,,1284.45,"Insufficient data (1 pts, need 90)"
,ASKAUTOLTD,DISQUALIFIED,,,,,,,,,572.5,"Insufficient data (1 pts, need 90)"
,AARTIDRUGS,DISQUALIFIED,,,,,,,,,545.05,"Insufficient data (1 pts, need 90)"
,AARTIIND,DISQUALIFIED,,,,430.15,,,,,525.75,Gap > 15% in last 90 days
,AARTIPHARM,DISQUALIFIED,,,,,,,,,964.9,"Insufficient data (1 pts, need 90)"
,ACUTAAS,DISQUALIFIED,,,,,,,,,2250.7,"Insufficient data (1 pts, need 90)"
,ATGL,DISQUALIFIED,,,,566.9,,,,,812.35,Gap > 15% in last 90 days
,ADVENZYMES,DISQUALIFIED,,,,,,,,,499.4,"Insufficient data (1 pts, need 90)"
,AETHER,DISQUALIFIED,,,,,,,,,1038.0,"Insufficient data (1 pts, need 90)"
,AHLUCONT,DISQUALIFIED,,,,,,,,,1174.25,"Insufficient data (1 pts, need 90)"
,AJAXENGG,DISQUALIFIED,,,,,,,,,742.3,"Insufficient data (1 pts, need 90)"
,ALIVUS,DISQUALIFIED,,,,,,,,,1237.15,"Insufficient data (1 pts, need 90)"
,ALLCARGO,DISQUALIFIED,,,,,,,,,18.956,"Insufficient data (1 pts, need 90)"
,ABDL,DISQUALIFIED,,,,,,,,,683.8,"Insufficient data (1 pts, need 90)"
,ANURAS,DISQUALIFIED,,,,,,,,,1368.2,"Insufficient data (1 pts, need 90)"
,APARINDS,DISQUALIFIED,,,,9260.0,,,,,11666.0,Gap > 15% in last 90 days
,PARKHOTELS,DISQUALIFIED,,,,,,,,,204.62,"Insufficient data (1 pts, need 90)"
,ACI,DISQUALIFIED,,,,,,,,,717.0,"Insufficient data (1 pts, need 90)"
,ARVINDFASN,DISQUALIFIED,,,,,,,,,601.9,"Insufficient data (1 pts, need 90)"
,ARVIND,DISQUALIFIED,,,,,,,,,448.55,"Insufficient data (1 pts, need 90)"
,ASHOKA,DISQUALIFIED,,,,,,,,,313.19,"Insufficient data (1 pts, need 90)"
,ASTRAMICRO,DISQUALIFIED,,,,,,,,,1178.6,"Insufficient data (1 pts, need 90)"
,AURIONPRO,DISQUALIFIED,,,,,,,,,1864.4,"Insufficient data (1 pts, need 90)"
,AIIL,DISQUALIFIED,,,,453.15,,,,,667.9,Gap > 15% in last 90 days
,AVALON,DISQUALIFIED,,,,,,,,,1252.8,"Insufficient data (1 pts, need 90)"
,AVANTIFEED,DISQUALIFIED,,,,,,,,,1424.35,"Insufficient data (1 pts, need 90)"
,CCAVENUE,DISQUALIFIED,,,,,,,,,26.1322,"Insufficient data (1 pts, need 90)"
,AWFIS,DISQUALIFIED,,,,,,,,,792.85,"Insufficient data (1 pts, need 90)"
,AZAD,DISQUALIFIED,,,,,,,,,1885.45,"Insufficient data (1 pts, need 90)"
,BAJAJELEC,DISQUALIFIED,,,,,,,,,919.45,"Insufficient data (1 pts, need 90)"
,BALAMINES,DISQUALIFIED,,,,,,,,,2199.7,"Insufficient data (1 pts, need 90)"
,BALUFORGE,DISQUALIFIED,,,,,,,,,844.5,"Insufficient data (1 pts, need 90)"
,BANCOINDIA,DISQUALIFIED,,,,,,,,,875.05,"Insufficient data (1 pts, need 90)"
,BELRISE,DISQUALIFIED,,,,,,,,,197.2,"Insufficient data (1 pts, need 90)"
,BBL,DISQUALIFIED,,,,,,,,,4876.75,"Insufficient data (1 pts, need 90)"
,BIRLACORPN,DISQUALIFIED,,,,,,,,,1512.9,"Insufficient data (1 pts, need 90)"
,BLACKBUCK,DISQUALIFIED,,,,,,,,,733.5,"Insufficient data (1 pts, need 90)"
,BORORENEW,DISQUALIFIED,,,,,,,,,699.3,"Insufficient data (1 pts, need 90)"
,BOSCH-HCIL,DISQUALIFIED,,,,,,,,,2540.8,"Insufficient data (1 pts, need 90)"
,CIEINDIA,DISQUALIFIED,,,,,,,,,533.15,"Insufficient data (1 pts, need 90)"
,CMSINFO,DISQUALIFIED,,,,,,,,,583.7757,"Insufficient data (1 pts, need 90)"
,CSBBANK,DISQUALIFIED,,,,,,,,,557.45,"Insufficient data (1 pts, need 90)"
,CARTRADE,DISQUALIFIED,,,,,,,,,3268.0,"Insufficient data (1 pts, need 90)"
,CEIGALL,DISQUALIFIED,,,,,,,,,379.4,"Insufficient data (1 pts, need 90)"
,CELLO,DISQUALIFIED,,,,,,,,,876.0,"Insufficient data (1 pts, need 90)"
,CEMPRO,DISQUALIFIED,,,,,,,,,934.5,"Insufficient data (1 pts, need 90)"
,CIGNITITEC,DISQUALIFIED,,,,,,,,,1943.05,"Insufficient data (1 pts, need 90)"
,CYIENTDLM,DISQUALIFIED,,,,,,,,,731.95,"Insufficient data (1 pts, need 90)"
,DCBBANK,DISQUALIFIED,,,,,,,,,201.39,"Insufficient data (1 pts, need 90)"
,DATAMATICS,DISQUALIFIED,,,,,,,,,1083.8,"Insufficient data (1 pts, need 90)"
,DHANUKA,DISQUALIFIED,,,,,,,,,1910.2,"Insufficient data (1 pts, need 90)"
,DIACABS,DISQUALIFIED,,,,,,,,,184.465,"Insufficient data (1 pts, need 90)"
,DBL,DISQUALIFIED,,,,,,,,,575.45,"Insufficient data (1 pts, need 90)"
,DCAL,DISQUALIFIED,,,,,,,,,314.4,"Insufficient data (1 pts, need 90)"
,DODLA,DISQUALIFIED,,,,,,,,,1462.6,"Insufficient data (1 pts, need 90)"
,DUMMYALCAR,DISQUALIFIED,,,,,,,,,0.0,"Insufficient data (0 pts, need 90)"
,DYNAMATECH,DISQUALIFIED,,,,,,,,,10751.0,"Insufficient data (1 pts, need 90)"
,EPL,DISQUALIFIED,,,,,,,,,285.45,"Insufficient data (1 pts, need 90)"
,EASEMYTRIP,DISQUALIFIED,,,,,,,,,17.99,"Insufficient data (1 pts, need 90)"
,EDELWEISS,DISQUALIFIED,,,,,,,,,138.64,"Insufficient data (1 pts, need 90)"
,ELECON,DISQUALIFIED,,,,401.3,,,,,721.45,Gap > 15% in last 90 days
,EMIL,DISQUALIFIED,,,,,,,,,210.61,"Insufficient data (1 pts, need 90)"
,ELECTCAST,DISQUALIFIED,,,,,,,,,194.45,"Insufficient data (1 pts, need 90)"
,EMBDL,DISQUALIFIED,,,,,,,,,156.01,"Insufficient data (1 pts, need 90)"
,ENTERO,DISQUALIFIED,,,,,,,,,1549.55,"Insufficient data (1 pts, need 90)"
,EIEL,DISQUALIFIED,,,,,,,,,380.59,"Insufficient data (1 pts, need 90)"
,EPIGRAL,DISQUALIFIED,,,,,,,,,2214.15,"Insufficient data (1 pts, need 90)"
,EQUITASBNK,DISQUALIFIED,,,,,,,,,73.9,"Insufficient data (1 pts, need 90)"
,ETHOSLTD,DISQUALIFIED,,,,,,,,,3196.4,"Insufficient data (1 pts, need 90)"
,EUREKAFORB,DISQUALIFIED,,,,,,,,,652.8,"Insufficient data (1 pts, need 90)"
,FDC,DISQUALIFIED,,,,,,,,,551.5,"Insufficient data (1 pts, need 90)"
,FACT,DISQUALIFIED,,,,884.9,,,,,1063.05,Gap > 15% in last 90 days
,FIEMIND,DISQUALIFIED,,,,,,,,,2545.7,"Insufficient data (1 pts, need 90)"
,FINEORG,DISQUALIFIED,,,,,,,,,5456.5,"Insufficient data (1 pts, need 90)"
,GRINFRA,DISQUALIFIED,,,,,,,,,1648.1,"Insufficient data (1 pts, need 90)"
,GHCL,DISQUALIFIED,,,,,,,,,758.5,"Insufficient data (1 pts, need 90)"
,GMMPFAUDLR,DISQUALIFIED,,,,,,,,,1468.0,"Insufficient data (1 pts, need 90)"
,GMRP&UI,DISQUALIFIED,,,,,,,,,136.25,"Insufficient data (1 pts, need 90)"
,GABRIEL,DISQUALIFIED,,,,,,,,,1317.2,"Insufficient data (1 pts, need 90)"
,GALLANTT,DISQUALIFIED,,,,,,,,,784.85,"Insufficient data (1 pts, need 90)"
,GANESHHOU,DISQUALIFIED,,,,,,,,,1480.05,"Insufficient data (1 pts, need 90)"
,GANECOS,DISQUALIFIED,,,,,,,,,2399.05,"Insufficient data (1 pts, need 90)"
,GRWRHITECH,DISQUALIFIED,,,,,,,,,5294.3,"Insufficient data (1 pts, need 90)"
,GARFIBRES,DISQUALIFIED,,,,,,,,,974.73,"Insufficient data (1 pts, need 90)"
,GATEWAY,DISQUALIFIED,,,,,,,,,88.5775,"Insufficient data (1 pts, need 90)"
,GODFRYPHLP,DISQUALIFIED,,,,2122.8,,,,,3712.9629,Gap > 15% in last 90 days
,GOKEX,DISQUALIFIED,,,,,,,,,1249.9,"Insufficient data (1 pts, need 90)"
,GREAVESCOT,DISQUALIFIED,,,,,,,,,296.49,"Insufficient data (1 pts, need 90)"
,GREENPANEL,DISQUALIFIED,,,,,,,,,412.6,"Insufficient data (1 pts, need 90)"
,GAEL,DISQUALIFIED,,,,,,,,,147.11,"Insufficient data (1 pts, need 90)"
,GNFC,DISQUALIFIED,,,,,,,,,652.25,"Insufficient data (1 pts, need 90)"
,GPPL,DISQUALIFIED,,,,,,,,,209.83,"Insufficient data (1 pts, need 90)"
,GSFC,DISQUALIFIED,,,,,,,,,224.13,"Insufficient data (1 pts, need 90)"
,GULFOILLUB,DISQUALIFIED,,,,,,,,,1313.1,"Insufficient data (1 pts, need 90)"
,HGINFRA,DISQUALIFIED,,,,,,,,,1527.0,"Insufficient data (1 pts, need 90)"
,HAPPSTMNDS,DISQUALIFIED,,,,411.7,,,,,802.4,Gap > 15% in last 90 days
,HCG,DISQUALIFIED,,,,,,,,,771.5335,"Insufficient data (1 pts, need 90)"
,HEMIPROP,DISQUALIFIED,,,,,,,,,196.3,"Insufficient data (1 pts, need 90)"
,HERITGFOOD,DISQUALIFIED,,,,,,,,,641.15,"Insufficient data (1 pts, need 90)"
,HIKAL,DISQUALIFIED,,,,,,,,,444.75,"Insufficient data (1 pts, need 90)"
,HCC,DISQUALIFIED,,,,,,,,,39.5711,"Insufficient data (1 pts, need 90)"
,HINDCOPPER,DISQUALIFIED,,,,542.9,,,,,760.05,Gap > 15% in last 90 days
,IDFCFIRSTB,DISQUALIFIED,,,,66.16,,,,,86.07,Gap > 15% in last 90 days
,IFBIND,DISQUALIFIED,,,,,,,,,2329.8,"Insufficient data (1 pts, need 90)"
,IFCI,DISQUALIFIED,,,,53.61,,,,,71.76,Gap > 15% in last 90 days
,IIFLCAPS,DISQUALIFIED,,,,,,,,,444.55,"Insufficient data (1 pts, need 90)"
,IMAGICAA,DISQUALIFIED,,,,,,,,,79.99,"Insufficient data (1 pts, need 90)"
,INDIAGLYCO,DISQUALIFIED,,,,,,,,,1155.8,"Insufficient data (1 pts, need 90)"
,INDIASHLTR,DISQUALIFIED,,,,,,,,,1002.1,"Insufficient data (1 pts, need 90)"
,IMFA,DISQUALIFIED,,,,,,,,,1496.1,"Insufficient data (1 pts, need 90)"
,INDIGOPNTS,DISQUALIFIED,,,,,,,,,1683.0,"Insufficient data (1 pts, need 90)"
,ICIL,DISQUALIFIED,,,,,,,,,411.15,"Insufficient data (1 pts, need 90)"
,INGERRAND,DISQUALIFIED,,,,,,,,,4655.5,"Insufficient data (1 pts, need 90)"
,INNOVACAP,DISQUALIFIED,,,,,,,,,1240.0,"Insufficient data (1 pts, need 90)"
,INOXGREEN,DISQUALIFIED,,,,,,,,,272.2,"Insufficient data (1 pts, need 90)"
,IONEXCHANG,DISQUALIFIED,,,,,,,,,729.15,"Insufficient data (1 pts, need 90)"
,ISGEC,DISQUALIFIED,,,,,,,,,1610.35,"Insufficient data (1 pts, need 90)"
,JKIL,DISQUALIFIED,,,,,,,,,793.35,"Insufficient data (1 pts, need 90)"
,JKLAKSHMI,DISQUALIFIED,,,,,,,,,1008.35,"Insufficient data (1 pts, need 90)"
,JKPAPER,DISQUALIFIED,,,,,,,,,498.85,"Insufficient data (1 pts, need 90)"
,JSWCEMENT,DISQUALIFIED,,,,,,,,,159.17,"Insufficient data (1 pts, need 90)"
,JAIBALAJI,DISQUALIFIED,,,,,,,,,221.12,"Insufficient data (1 pts, need 90)"
,JISLJALEQS,DISQUALIFIED,,,,,,,,,81.46,"Insufficient data (1 pts, need 90)"
,JAMNAAUTO,DISQUALIFIED,,,,,,,,,148.25,"Insufficient data (1 pts, need 90)"
,JSFB,DISQUALIFIED,,,,,,,,,537.65,"Insufficient data (1 pts, need 90)"
,JINDALSAW,DISQUALIFIED,,,,198.04,,,,,366.3,Gap > 15% in last 90 days
,JINDWORLD,DISQUALIFIED,,,,,,,,,89.0,"Insufficient data (1 pts, need 90)"
,JWL,DISQUALIFIED,,,,274.85,,,,,561.1,Gap > 15% in last 90 days
,JUSTDIAL,DISQUALIFIED,,,,,,,,,1199.6,"Insufficient data (1 pts, need 90)"
,KPRMILL,DISQUALIFIED,,,,810.9,,,,,1306.25,Gap > 15% in last 90 days
,KNRCON,DISQUALIFIED,,,,,,,,,347.65,"Insufficient data (1 pts, need 90)"
,KPIGREEN,DISQUALIFIED,,,,,,,,,571.8362,"Insufficient data (1 pts, need 90)"
,KRBL,DISQUALIFIED,,,,,,,,,487.15,"Insufficient data (1 pts, need 90)"
,KRN,DISQUALIFIED,,,,,,,,,999.65,"Insufficient data (1 pts, need 90)"
,KALYANKJIL,DISQUALIFIED,,,,390.5,,,,,787.9,Gap > 15% in last 90 days
,KSL,DISQUALIFIED,,,,,,,,,1249.1,"Insufficient data (1 pts, need 90)"
,KANSAINER,DISQUALIFIED,,,,,,,,,285.5545,"Insufficient data (1 pts, need 90)"
,KTKBANK,DISQUALIFIED,,,,,,,,,228.73,"Insufficient data (1 pts, need 90)"
,KSCL,DISQUALIFIED,,,,,,,,,1568.8,"Insufficient data (1 pts, need 90)"
,KIRLPNU,DISQUALIFIED,,,,,,,,,1768.95,"Insufficient data (1 pts, need 90)"
,KITEX,DISQUALIFIED,,,,,,,,,308.98,"Insufficient data (1 pts, need 90)"
,LMW,DISQUALIFIED,,,,,,,,,17998.0,"Insufficient data (1 pts, need 90)"
,LTFOODS,DISQUALIFIED,,,,382.75,,,,,509.05,Gap > 15% in last 90 days
,LTM,DISQUALIFIED,,,,,,,,,6738.45,"Insufficient data (1 pts, need 90)"
,LXCHEM,DISQUALIFIED,,,,,,,,,282.3,"Insufficient data (1 pts, need 90)"
,IXIGO,DISQUALIFIED,,,,,,,,,335.55,"Insufficient data (1 pts, need 90)"
,LLOYDSENGG,DISQUALIFIED,,,,,,,,,81.78,"Insufficient data (1 pts, need 90)"
,LLOYDSENT,DISQUALIFIED,,,,,,,,,84.9186,"Insufficient data (1 pts, need 90)"
,LUMAXTECH,DISQUALIFIED,,,,,,,,,1784.2,"Insufficient data (1 pts, need 90)"
,LUXIND,DISQUALIFIED,,,,,,,,,2146.5,"Insufficient data (1 pts, need 90)"
,MOIL,DISQUALIFIED,,,,,,,,,393.9,"Insufficient data (1 pts, need 90)"
,MSTCLTD,DISQUALIFIED,,,,,,,,,788.3,"Insufficient data (1 pts, need 90)"
,MTARTECH,DISQUALIFIED,,,,,,,,,3806.8,"Insufficient data (1 pts, need 90)"
,MAHLIFE,DISQUALIFIED,,,,,,,,,473.7534,"Insufficient data (1 pts, need 90)"
,MANINFRA,DISQUALIFIED,,,,,,,,,255.26,"Insufficient data (1 pts, need 90)"
,MANORAMA,DISQUALIFIED,,,,,,,,,1687.0,"Insufficient data (1 pts, need 90)"
,MARKSANS,DISQUALIFIED,,,,,,,,,353.4,"Insufficient data (1 pts, need 90)"
,MASTEK,DISQUALIFIED,,,,,,,,,3270.85,"Insufficient data (1 pts, need 90)"
,MAXESTATES,DISQUALIFIED,,,,,,,,,623.8,"Insufficient data (1 pts, need 90)"
,MEDPLUS,DISQUALIFIED,,,,,,,,,977.2,"Insufficient data (1 pts, need 90)"
,MIDHANI,DISQUALIFIED,,,,,,,,,463.6,"Insufficient data (1 pts, need 90)"
,BECTORFOOD,DISQUALIFIED,,,,,,,,,382.97,"Insufficient data (1 pts, need 90)"
,NEOGEN,DISQUALIFIED,,,,,,,,,2356.25,"Insufficient data (1 pts, need 90)"
,NESCO,DISQUALIFIED,,,,,,,,,1578.1,"Insufficient data (1 pts, need 90)"
,NFL,DISQUALIFIED,,,,,,,,,125.52,"Insufficient data (1 pts, need 90)"
,NAZARA,DISQUALIFIED,,,,,,,,,357.6,"Insufficient data (1 pts, need 90)"
,NETWORK18,DISQUALIFIED,,,,,,,,,86.4,"Insufficient data (1 pts, need 90)"
,NEWGEN,DISQUALIFIED,,,,457.6,,,,,1755.9,Gap > 15% in last 90 days
,ONESOURCE,DISQUALIFIED,,,,1473.6,,,,,2197.8,Gap > 15% in last 90 days
,PGIL,DISQUALIFIED,,,,1488.5,,,,,1917.4,Gap > 15% in last 90 days
,PRAJIND,DISQUALIFIED,,,,313.95,,,,,844.6,Gap > 15% in last 90 days
,PRSMJOHNSN,DISQUALIFIED,,,,125.61,,,,,196.63,Gap > 15% in last 90 days
,RCF,DISQUALIFIED,,,,123.02,,,,,186.8,Gap > 15% in last 90 days
,RATNAMANI,DISQUALIFIED,,,,2372.0,,,,,3697.0,Gap > 15% in last 90 days
,REDINGTON,DISQUALIFIED,,,,247.3,,,,,329.7,Gap > 15% in last 90 days
,SAFARI,DISQUALIFIED,,,,1653.5,,,,,2723.75,Gap > 15% in last 90 days
,SANDUMA,DISQUALIFIED,,,,200.86,,,,,264.71,Gap > 15% in last 90 days
,SHAKTIPUMP,DISQUALIFIED,,,,528.2,,,,,1344.85,Gap > 15% in last 90 days
,SHAREINDIA,DISQUALIFIED,,,,134.35,,,,,319.6,Gap > 15% in last 90 days
,SHILPAMED,DISQUALIFIED,,,,336.0,,,,,492.9,Gap > 15% in last 90 days
,SCI,DISQUALIFIED,,,,240.05,,,,,274.34,Gap > 15% in last 90 days
,SHRIPISTON,DISQUALIFIED,,,,3039.7,,,,,3374.4,Gap > 15% in last 90 days
,SOUTHBANK,DISQUALIFIED,,,,39.43,,,,,45.96,Gap > 15% in last 90 days
,SWSOLAR,DISQUALIFIED,,,,,,,,,631.7,"Insufficient data (84 pts, need 90)"
,STLTECH,DISQUALIFIED,,,,,,,,,190.58,"Insufficient data (81 pts, need 90)"
,STAR,DISQUALIFIED,,,,,,,,,985.1,"Insufficient data (84 pts, need 90)"
,SUBROS,DISQUALIFIED,,,,698.2,,,,,1194.2,Gap > 15% in last 90 days
,SUDARSCHEM,DISQUALIFIED,,,,,,,,,1523.8,"Insufficient data (89 pts, need 90)"
,SPARC,DISQUALIFIED,,,,,,,,,230.71,"Insufficient data (87 pts, need 90)"
,SUNFLAG,DISQUALIFIED,,,,,,,,,316.35,"Insufficient data (8 pts, need 90)"
,SUNTECK,DISQUALIFIED,,,,,,,,,592.5,"Insufficient data (10 pts, need 90)"
,SUPRIYA,DISQUALIFIED,,,,,,,,,806.85,"Insufficient data (8 pts, need 90)"
,SURYAROSNI,DISQUALIFIED,,,,,,,,,348.475,"Insufficient data (9 pts, need 90)"
,SYMPHONY,DISQUALIFIED,,,,,,,,,1784.2,"Insufficient data (7 pts, need 90)"
,TARC,DISQUALIFIED,,,,,,,,,250.95,"Insufficient data (7 pts, need 90)"
,TDPOWERSYS,DISQUALIFIED,,,,,,,,,903.8,"Insufficient data (10 pts, need 90)"
,TSFINV,DISQUALIFIED,,,,,,,,,690.4,"Insufficient data (5 pts, need 90)"
,TVSSCS,DISQUALIFIED,,,,,,,,,192.6,"Insufficient data (6 pts, need 90)"
,TANLA,DISQUALIFIED,,,,,,,,,856.95,"Insufficient data (8 pts, need 90)"
,TTML,DISQUALIFIED,,,,38.97,,,,,85.39,Gap > 15% in last 90 days
,TEAMLEASE,DISQUALIFIED,,,,,,,,,3066.6,"Insufficient data (9 pts, need 90)"
,TEGA,DISQUALIFIED,,,,,,,,,2197.75,"Insufficient data (6 pts, need 90)"
,TEJASNET,DISQUALIFIED,,,,470.4,,,,,1410.2,Gap > 15% in last 90 days
,TEXRAIL,DISQUALIFIED,,,,,,,,,232.85,"Insufficient data (5 pts, need 90)"
,THANGAMAYL,DISQUALIFIED,,,,,,,,,3959.2,"Insufficient data (3 pts, need 90)"
,ANUP,DISQUALIFIED,,,,,,,,,3741.75,"Insufficient data (3 pts, need 90)"
,THOMASCOOK,DISQUALIFIED,,,,,,,,,219.55,"Insufficient data (1 pts, need 90)"
,THYROCARE,DISQUALIFIED,,,,,,,,,530.628,"Insufficient data (3 pts, need 90)"
,TI,DISQUALIFIED,,,,,,,,,528.1,"Insufficient data (4 pts, need 90)"
,TIMETECHNO,DISQUALIFIED,,,,,,,,,250.625,"Insufficient data (3 pts, need 90)"
,TIPSMUSIC,DISQUALIFIED,,,,,,,,,937.25,"Insufficient data (3 pts, need 90)"
,TARIL,DISQUALIFIED,,,,289.4,,,,,619.6,Gap > 15% in last 90 days
,TRANSRAILL,DISQUALIFIED,,,,,,,,,805.2,"Insufficient data (3 pts, need 90)"
,UJJIVANSFB,DISQUALIFIED,,,,,,,,,65.37,"Insufficient data (1 pts, need 90)"
,UNIMECH,DISQUALIFIED,,,,,,,,,1457.15,"Insufficient data (1 pts, need 90)"
,VMART,DISQUALIFIED,,,,,,,,,1120.3875,"Insufficient data (1 pts, need 90)"
,VIPIND,DISQUALIFIED,,,,,,,,,520.2,"Insufficient data (1 pts, need 90)"
,V2RETAIL,DISQUALIFIED,,,,,,,,,2495.6,"Insufficient data (1 pts, need 90)"
,VSTIND,DISQUALIFIED,,,,,,,,,374.8,"Insufficient data (1 pts, need 90)"
,WABAG,DISQUALIFIED,,,,,,,,,1905.9,"Insufficient data (1 pts, need 90)"
,VAIBHAVGBL,DISQUALIFIED,,,,,,,,,330.45,"Insufficient data (1 pts, need 90)"
,DBREALTY,DISQUALIFIED,,,,101.29,,,,,215.3418,Gap > 15% in last 90 days
,VARROC,DISQUALIFIED,,,,,,,,,669.95,"Insufficient data (1 pts, need 90)"
,VESUVIUS,DISQUALIFIED,,,,,,,,,619.0,"Insufficient data (1 pts, need 90)"
,VINATIORGA,DISQUALIFIED,,,,,,,,,2022.1,"Insufficient data (1 pts, need 90)"
,VIYASH,DISQUALIFIED,,,,,,,,,252.0,"Insufficient data (1 pts, need 90)"
,VOLTAMP,DISQUALIFIED,,,,,,,,,14102.3,"Insufficient data (1 pts, need 90)"
,WAAREERTL,DISQUALIFIED,,,,,,,,,1330.5,"Insufficient data (1 pts, need 90)"
,WEBELSOLAR,DISQUALIFIED,,,,,,,,,183.7,"Insufficient data (1 pts, need 90)"
,WELENT,DISQUALIFIED,,,,,,,,,651.2,"Insufficient data (1 pts, need 90)"
,WELSPUNLIV,DISQUALIFIED,,,,118.68,,,,,178.44,Gap > 15% in last 90 days
,WESTLIFE,DISQUALIFIED,,,,,,,,,880.6,"Insufficient data (1 pts, need 90)"
,WOCKPHARMA,DISQUALIFIED,,,,1305.4,,,,,1831.1,Gap > 15% in last 90 days
,YATHARTH,DISQUALIFIED,,,,,,,,,831.85,"Insufficient data (1 pts, need 90)"
,ZAGGLE,DISQUALIFIED,,,,,,,,,581.7,"Insufficient data (8 pts, need 90)"
,ZYDUSWELL,DISQUALIFIED,,,,,,,,,524.26,"Insufficient data (1 pts, need 90)"
,EMUDHRA,DISQUALIFIED,,,,,,,,,990.45,"Insufficient data (1 pts, need 90)"
