date,milt_nav,etf_nav,blended_nav
2022-01-21,150000.0,150000.0,300000.0
2022-01-28,150000.0,143408.86387121308,293408.86387121305
2022-02-04,150000.0,149964.78064471725,299964.7806447173
2022-02-11,150000.0,149848.11314264708,299848.1131426471
2022-02-18,150000.0,147721.20665973623,297721.2066597362
2022-02-25,150000.0,145180.80909208427,295180.8090920843
2022-03-04,150000.0,147551.2150903896,297551.2150903896
2022-03-11,150000.0,147591.64451120404,297591.64451120404
2022-03-18,150288.5,147623.99602370264,297912.49602370267
2022-03-25,150232.5,147664.44538668415,297896.94538668415
2022-04-01,150595.5,147700.2178682991,298295.7178682991
2022-04-08,151015.08,150113.04639138415,301128.12639138417
2022-04-15,152124.55,150964.42178052815,303088.97178052814
2022-04-22,154521.90000000002,150965.38136589932,305487.28136589937
2022-04-29,155089.44,148646.61878288435,303736.0587828844
2022-05-06,153649.98,148034.9863678313,301684.96636783134
2022-05-13,149337.87,148075.54834324753,297413.4183432475
2022-05-20,155859.92,148116.12143275162,303976.04143275163
2022-05-27,152709.0,148156.7056393889,300865.7056393889
2022-06-03,152422.48,148197.30096620554,300619.7809662055
2022-06-10,154986.77000000002,148237.90741624837,303224.67741624836
2022-06-17,149832.92,148278.52499256528,298111.4449925653
2022-06-24,149718.76,148319.15369820487,298037.9136982049
2022-07-01,150011.04,148359.79353621663,298370.83353621664
2022-07-08,150125.98,148400.44450965084,298526.42450965085
2022-07-15,150288.82,148441.10662155863,298729.9266215586
2022-07-22,151339.66,148481.77987499195,299821.43987499195
2022-07-29,150726.1,148522.46427300366,299248.56427300366
2022-08-05,151617.32,148826.58067696667,300443.90067696664
2022-08-12,152648.42,150279.9172489244,302928.3372489244
2022-08-19,153818.51,150932.0002010475,304750.5102010475
2022-08-26,154875.60000000003,151285.99668625323,306161.59668625327
2022-09-02,155543.06000000003,152501.54977589843,308044.60977589845
2022-09-09,155122.45,153847.91533558082,308970.36533558083
2022-09-16,154842.92000000004,152790.53188285613,307633.4518828562
2022-09-23,155243.03000000003,153791.3184997173,309034.3484997173
2022-09-30,154562.80000000005,151090.4602856762,305653.2602856762
2022-10-07,158585.44000000003,149376.11167915087,307961.5516791509
2022-10-14,155868.95000000004,147200.5889220237,303069.5389220237
2022-10-21,155989.20000000004,148923.97502739905,304913.1750273991
2022-10-28,158823.91000000003,149367.00745642156,308190.9174564216
2022-11-04,161086.77000000005,151943.22306533292,313029.993065333
2022-11-11,163208.12000000005,155996.95348348643,319205.0734834865
2022-11-18,162729.90000000002,157174.9487172227,319904.8487172227
2022-11-25,168560.28000000003,161496.99645927228,330057.2764592723
2022-12-02,172093.11000000004,162562.20177068052,334655.3117706806
2022-12-09,170979.10000000003,166091.73415559583,337070.83415559586
2022-12-16,177671.36000000004,165593.70957480895,343265.069574809
2022-12-23,163626.26000000004,156488.60327570818,320114.8632757082
2022-12-30,168101.46000000002,165010.87823108095,333112.33823108097
2023-01-06,168793.11000000002,163983.40252462914,332776.5125246291
2023-01-13,168100.04000000004,164170.87057427148,332270.9105742715
2023-01-20,168919.65000000002,163810.01933983056,332729.6693398306
2023-01-27,167102.04,157643.4474775208,324745.48747752083
2023-02-03,166196.16,156673.82861231806,322869.98861231806
2023-02-10,165995.98,156716.75765321887,322712.7376532189
2023-02-17,165861.26,156759.69845678977,322620.9584567898
2023-02-24,166562.98,156802.6510262537,323365.6310262537
2023-03-03,166756.43,156845.61536483458,323602.0453648346
2023-03-10,167782.31,156879.99531163048,324662.3053116305
2023-03-17,167964.89,156922.98084274892,324887.8708427489
2023-03-24,167236.13999999998,156965.97815201583,324202.11815201584
2023-03-31,168231.41,157000.38448186498,325231.794481865
2023-04-07,169021.85,157026.19417842387,326048.0441784239
2023-04-14,169273.71,157060.61370739102,326334.32370739104
2023-04-21,169825.06,157103.64872842468,326928.7087284247
2023-04-28,170072.49,157146.69554116722,327219.1855411672
2023-05-05,172105.16999999998,157646.8318492376,329752.0018492376
2023-05-12,171858.71999999997,158443.05822887638,330301.77822887636
2023-05-19,172419.96999999997,159180.8429199378,331600.8129199378
2023-05-26,171220.89999999997,160034.1410032719,331255.0410032719
2023-06-02,173472.16999999998,161274.8685501529,334747.0385501529
2023-06-09,175424.47999999998,160958.5323329858,336383.01233298576
2023-06-16,179857.17,162449.81869502392,342306.98869502393
2023-06-23,178585.77000000002,161422.65212411803,340008.4221241181
2023-06-30,184884.68,161845.01533744985,346729.69533744984
2023-07-07,187947.48,164081.81589673553,352029.2958967355
2023-07-14,191326.18,165417.6256273218,356743.8056273218
2023-07-21,190965.53,166518.97132630265,357484.50132630265
2023-07-28,194681.34,167851.2658769819,362532.60587698186
2023-08-04,196253.82,168100.05855318464,364353.8785531847
2023-08-11,197029.94,169280.10831801622,366310.0483180162
2023-08-18,196373.42,169096.27421972613,365469.69421972614
2023-08-25,197560.88,171497.26827470562,369058.1482747056
2023-09-01,205979.69,176006.04837712712,381985.7383771271
2023-09-08,213309.53,182012.14335278343,395321.67335278343
2023-09-15,219711.43,181318.6757221458,401030.10572214576
2023-09-22,223145.83,178550.74352668124,401696.5735266812
2023-09-29,223366.99,181160.98392137987,404527.9739213799
2023-10-06,231345.18,179726.6548986158,411071.8348986158
2023-10-13,236690.50999999995,180565.7176916405,417256.22769164044
2023-10-20,243947.11,178427.35340989844,422374.46340989845
2023-10-27,237418.65,173202.42530975983,410621.0753097598
2023-11-03,241300.96,175319.40748249018,416620.36748249014
2023-11-10,244367.44,177965.5274480993,422332.9674480993
2023-11-17,252181.79,181087.4764183691,433269.26641836914
2023-11-24,253552.84,181798.05388900163,435350.8938890016
2023-12-01,257727.07,185070.74846348332,442797.81846348336
2023-12-08,261061.61,190788.3940336124,451850.0040336124
2023-12-15,272047.09,197233.54497447383,469280.63497447385
2023-12-22,272872.06,195542.8270867219,468414.8870867219
2023-12-29,272679.08,200728.7402718222,473407.8202718222
2024-01-05,287476.14,204240.31301558303,491716.45301558304
2024-01-12,295687.75,205192.06292728687,500879.81292728684
2024-01-19,303888.55999999994,208813.5999725825,512702.1599725825
2024-01-26,313985.8,209206.12678603668,523191.9267860367
2024-02-02,324402.8,218210.1213366921,542612.9213366921
2024-02-09,328528.42000000004,219850.02348181396,548378.443481814
2024-02-16,319680.4,222943.2515258632,542623.6515258632
2024-02-23,336857.54,224482.0456881764,561339.5856881763
2024-03-01,343086.36,224348.15237257243,567434.5123725724
2024-03-08,341478.86,228340.6792856844,569819.5392856844
2024-03-15,307511.53,218662.50758913788,526174.0375891379
2024-03-22,307349.91000000003,222635.3130864268,529985.2230864268
2024-03-29,308777.29,227118.40244094332,535895.6924409433
2024-04-05,313288.78,233735.61381729256,547024.3938172925
2024-04-12,311348.62,235172.6238933212,546521.2438933211
2024-04-19,312233.24,230556.3880228417,542789.6280228416
2024-04-26,317349.9,235356.433963862,552706.333963862
2024-05-03,320814.65,237840.34811445096,558654.998114451
2024-05-10,316997.46,234190.91742668807,551188.3774266881
2024-05-17,323997.35,242346.19566287776,566343.5456628777
2024-05-24,327616.75,248758.4999087879,576375.2499087879
2024-05-31,323180.02,243882.5438460378,567062.5638460378
2024-06-07,325972.88,251287.1536832048,577260.0336832048
2024-06-14,333768.72,257675.819409847,591444.539409847
2024-06-21,332269.71,255257.6544429896,587527.3644429896
2024-06-28,332779.4,254793.92519559077,587573.3251955907
2024-07-05,341585.65,259187.31089400747,600772.9608940075
2024-07-12,337639.67,260023.31954533025,597662.9895453302
2024-07-19,333437.19,256290.17246867265,589727.3624686727
2024-07-26,339024.96,264549.43695802434,603574.3969580244
2024-08-02,340174.5,263939.1233332163,604113.6233332163
2024-08-09,336791.81,263157.0117037893,599948.8217037893
2024-08-16,340201.3,266335.9330170116,606537.2330170115
2024-08-23,345076.73,270887.80818987725,615964.5381898773
2024-08-30,342342.0299999999,273829.5560300501,616171.58603005
2024-09-06,347480.88,274562.94871798647,622043.8287179865
2024-09-13,352819.88,281942.11450777855,634761.9945077786
2024-09-20,347650.06,281787.2091235677,629437.2691235677
2024-09-27,353928.42,284594.57549099915,638522.9954909992
2024-10-04,351563.11,278463.2214586235,630026.3314586235
2024-10-11,352079.78,278126.4000895672,630206.1800895672
2024-10-18,356401.57,273293.985517676,629695.555517676
2024-10-25,350273.21,263906.4773381771,614179.6873381771
2024-11-01,356037.24,264986.06045042846,621023.3004504284
2024-11-08,356767.02,265058.667327582,621825.687327582
2024-11-15,354124.92000000004,265116.7671530653,619241.6871530653
2024-11-22,363638.17,265174.87971380365,628813.0497138037
2024-11-29,371311.71,265247.5383279317,636559.2483279317
2024-12-06,371874.78,265320.216850711,637194.9968507111
2024-12-13,376753.9700000001,265392.9152875966,642146.8852875966
2024-12-20,376645.01000000007,265465.633644045,642110.6436440451
2024-12-27,370546.2400000001,265523.8226749567,636070.0626749569
2025-01-03,367580.5900000001,265596.57690037333,633177.1669003734
2025-01-10,358022.01,265669.3510606391,623691.3610606391
2025-01-17,351587.43,265742.14516121603,617329.5751612161
2025-01-24,348304.58,265814.95920756785,614119.5392075679
2025-01-31,348304.58,265887.79320515983,614192.3732051598
2025-02-07,348304.58,265975.2203456043,614279.8003456043
2025-02-14,348304.58,266048.0982551694,614352.6782551694
2025-02-21,348304.58,266120.99613347324,614425.5761334733
2025-02-28,348304.58,266179.3288172851,614483.9088172851
2025-03-07,348304.58,266252.262653108,614556.8426531081
2025-03-14,348304.58,266310.6241100286,614615.2041100287
2025-03-21,348304.58,266383.59392110683,614688.1739211068
2025-03-28,348304.58,266456.5837261051,614761.1637261051
2025-04-04,348304.58,266514.9899694076,614819.5699694076
2025-04-11,348304.58,266573.4090151307,614877.9890151308
2025-04-18,348304.58,266617.2317026997,614921.8117026996
2025-04-25,348304.58,266690.2855250643,614994.8655250643
2025-05-02,347559.19,266744.05503029074,614303.2450302907
2025-05-09,347326.01,267483.11570528185,614809.1257052819
2025-05-16,348549.55,267350.90762482624,615900.4576248262
2025-05-23,349395.06,268616.9658165625,618012.0258165625
2025-05-30,352418.76,268714.65848368005,621133.4184836801
2025-06-06,359106.25,269142.6296013612,628248.8796013612
2025-06-13,358997.3,269485.15032791503,628482.450327915
2025-06-20,360093.25,268942.0194928178,629035.2694928178
2025-06-27,361728.16,267678.7540378532,629406.9140378532
2025-07-04,363312.53,268158.21144583216,631470.7414458322
2025-07-11,363781.5,268873.15351392824,632654.6535139282
2025-07-18,361377.92,270834.6961287012,632212.6161287013
2025-07-25,356507.12000000005,272085.10684632766,628592.2268463278
2025-08-01,357365.73000000004,270951.84478698287,628317.574786983
2025-08-08,355898.9900000001,275976.59551403305,631875.5855140332
2025-08-15,359259.63000000006,273895.8956640284,633155.5256640285
2025-08-22,360082.2300000001,272753.83695228334,632836.0669522835
2025-08-29,360743.76000000007,277895.9169381589,638639.6769381589
2025-09-05,359180.31000000006,280982.6855614425,640162.9955614426
2025-09-12,358874.8500000001,281059.675555928,639934.5255559281
2025-09-19,359462.5200000001,281136.68664587446,640599.2066458745
2025-09-26,359117.0800000001,281213.718837062,640330.7988370621
2025-10-03,363874.0500000001,281275.3597867909,645149.4097867911
2025-10-10,358813.1400000001,281352.4299747836,640165.5699747837
2025-10-17,358112.17000000004,281429.5212802103,639541.6912802104
2025-10-24,355380.69000000006,281491.20953299257,636871.8995329926
2025-10-31,356800.0900000001,281568.3388643831,638368.4288643831
2025-11-07,356074.31000000006,281099.4220957764,637173.7320957765
2025-11-14,358381.0000000001,292015.4000416402,650396.4000416403
2025-11-21,350521.4400000001,286666.8640342636,637188.3040342637
2025-11-28,355313.9100000001,293743.21138966107,649057.1213896612
2025-12-05,354552.78000000014,300264.3171150709,654817.097115071
2025-12-12,353925.6600000001,307673.27081573464,661598.9308157347
2025-12-19,355013.20000000007,308738.2724406527,663751.4724406528
2025-12-26,354970.3700000001,321698.80323788954,676669.1732378897
2026-01-02,360556.5900000001,320370.9952301253,680927.5852301253
2026-01-09,360556.2400000001,332414.0074045529,692970.247404553
2026-01-16,360886.5100000001,389418.1555676916,750304.6655676917
2026-01-23,355029.9700000001,425830.3415733174,780860.3115733175
2026-01-30,356911.14000000013,407706.49981543096,764617.6398154311
2026-02-06,357985.15000000014,316943.0229052288,674928.1729052289
2026-02-13,356532.53000000014,317029.8661266784,673562.3961266786
2026-02-20,358569.92000000016,317116.7331433989,675686.653143399
2026-02-27,359285.66000000015,317203.62396191026,676489.2839619104
2026-03-06,356489.3500000001,317273.15375839145,673762.5037583916
2026-03-13,354659.1900000001,317360.08743656264,672019.2774365628
2026-03-20,356887.2500000001,317447.04493479023,674334.2949347903
2026-03-27,356109.0600000001,317516.6280881987,673625.6880881989
2026-04-03,355872.6100000001,317568.82546243066,673441.4354624308
2026-04-10,360028.2600000001,317655.840155426,677684.1001554262
2026-04-17,362859.3900000001,317725.46907593205,680584.8590759321
2026-04-24,358283.17000000016,317812.5266896893,676095.6966896895
2026-05-01,364138.3900000001,317899.60815746145,682037.9981574615
2026-05-08,364364.54000000015,317986.7134857849,682351.2534857851
2026-05-15,359439.7300000001,318073.8426811971,677513.5726811972
2026-05-22,360082.8500000001,318160.995750238,678243.845750238
2026-05-29,366491.2000000002,318248.17269944894,684739.3726994491
2026-06-05,369284.6200000001,318335.37353537296,687619.9935353731
2026-06-12,366367.42000000016,318422.5982645554,684790.0182645556
2026-06-19,373723.2000000001,318509.8468935429,692233.0468935431
2026-06-26,373522.29000000015,318597.11942888406,692119.4094288843
2026-07-03,379294.47000000015,322102.3785732752,701396.8485732754
2026-07-10,384841.0100000001,320032.6198325189,704873.629832519
2026-07-17,378119.0900000001,319882.8667877029,698001.956787703
2026-07-24,372616.60000000015,318752.3616469105,691368.9616469106
2026-07-31,373235.6900000002,316348.75960835995,689584.4496083602
2026-08-07,376253.9500000002,321187.8630824594,697441.8130824596
