date,nav,n_positions,invested_frac
2022-01-05,1500000.0,4,0.1589332333333334
2022-01-06,1498975.2499999998,13,0.5176510953066104
2022-01-07,1504433.53,25,0.985531550868851
2022-01-10,1533842.23,25,0.9858089576787831
2022-01-11,1541680.0,25,0.9905077058793006
2022-01-12,1530981.4900000002,25,0.9904413736576267
2022-01-13,1534743.5099999993,25,0.9904648041157054
2022-01-14,1548598.08,25,0.9932116214427957
2022-01-17,1567556.5799999998,25,0.9932937221315483
2022-01-18,1531703.1699999995,22,0.8846949046922715
2022-01-19,1536614.3599999996,24,0.9673613163422475
2022-01-20,1550208.1699999997,24,0.9676475256868244
2022-01-21,1516504.0199999996,21,0.8668568250811497
2022-01-24,1432122.5,10,0.4289113256722104
2022-01-25,1451824.7399999998,12,0.5164337535672522
2022-01-27,1459942.0899999999,19,0.7947554618416406
2022-01-28,1456494.0199999998,21,0.8742563323397649
2022-01-31,1464418.11,24,0.9902205661742329
2022-02-01,1464232.2000000002,24,0.9929457773159203
2022-02-02,1499423.4300000002,24,0.997754990396542
2022-02-03,1506419.3099999998,24,0.9999496288984773
2022-02-04,1525228.34,24,0.9999502500720647
2022-02-07,1535504.3,24,0.9999505830104156
2022-02-08,1509573.79,22,0.9174028452097065
2022-02-09,1521846.98,24,0.9977448915396212
2022-02-10,1530115.9899999998,24,0.9884680703192965
2022-02-11,1509835.6799999997,24,0.991324446644419
2022-02-14,1428779.3299999998,5,0.25536043414065906
2022-02-15,1433336.0499999998,4,0.21690619586383808
2022-02-16,1428323.63,5,0.2541443566259561
2022-02-17,1415989.54,4,0.16695434769948944
2022-02-18,1415002.95,4,0.1663735188679289
2022-02-21,1407101.19,6,0.24034216757360571
2022-02-22,1404326.2999999998,6,0.2388411154871912
2022-02-23,1404824.67,5,0.1975739150423661
2022-02-24,1395744.21,2,0.07982429674560503
2022-02-25,1400150.43,2,0.08272005458727748
2022-02-28,1404037.44,2,0.08525949991760906
2022-03-02,1402607.5199999998,6,0.24384079303952397
2022-03-03,1398469.29,11,0.4387454014095656
2022-03-04,1377158.0099999998,10,0.39374669141996277
2022-03-07,1374178.5599999998,9,0.361489230336995
2022-03-08,1367543.2499999998,10,0.3983532074762536
2022-03-09,1362496.0299999998,10,0.4027164027773351
2022-03-10,1357198.7499999998,11,0.44181565153961433
2022-03-11,1370218.7199999995,18,0.7259676396772626
2022-03-14,1386180.9400000002,24,0.9681546479783515
2022-03-15,1357895.2799999998,23,0.9301279845379538
2022-03-16,1378802.8199999996,24,0.9711614529480004
2022-03-17,1384379.6599999995,24,0.9712776262546362
2022-03-21,1390224.2599999998,24,0.9780451464715486
2022-03-22,1405740.8299999996,24,0.9804083943410823
2022-03-23,1407866.0699999998,24,0.9831168812811862
2022-03-24,1404779.1199999994,24,0.9830797812541521
2022-03-25,1397624.2599999995,24,0.9845348992439501
2022-03-28,1440675.4699999997,24,0.9875201179069151
2022-03-29,1464837.1199999999,24,0.9877259664200756
2022-03-30,1445557.4699999997,24,0.9875622655113119
2022-03-31,1456312.0599999994,24,0.9830593245241684
2022-04-01,1485938.67,24,0.9833970873104745
2022-04-04,1509594.13,24,0.9836572562719228
2022-04-05,1531507.1099999999,24,0.9838910901301662
2022-04-06,1548084.9399999992,24,0.9840635940816014
2022-04-07,1519040.5999999999,24,0.9796564423623703
2022-04-08,1528146.7299999995,24,0.970562146214847
2022-04-11,1538652.4799999995,24,0.9707631446445921
2022-04-12,1521339.4899999995,24,0.9755065057832688
2022-04-13,1536548.8199999998,24,0.9757489514716495
2022-04-18,1545876.2899999996,24,0.9792445746095247
2022-04-19,1538290.4699999995,24,0.98778670194843
2022-04-20,1570830.2899999996,24,0.9945125007743518
2022-04-21,1579849.7699999998,24,0.9945438293161256
2022-04-22,1581932.8599999994,23,0.9606182085376243
2022-04-25,1559365.5999999992,19,0.8148581897664027
2022-04-26,1555296.6099999999,23,0.9741263436560826
2022-04-27,1538085.3199999998,23,0.9817924729949313
2022-04-28,1517258.1699999995,23,0.9912692313925721
2022-04-29,1525683.0799999996,23,0.9913174432005895
2022-05-02,1535079.8899999997,22,0.9538266376481553
2022-05-04,1491082.6799999997,18,0.8018641930707694
2022-05-05,1509155.3,19,0.8442232750996536
2022-05-06,1469336.3299999998,13,0.5955088036242867
2022-05-09,1451888.2699999996,12,0.5513154121701115
2022-05-10,1425736.5099999995,9,0.42714374341160705
2022-05-11,1400874.3499999996,6,0.24914926881201027
2022-05-12,1394698.7299999995,3,0.12344154066878664
2022-05-13,1400906.6899999995,3,0.12732591062149903
2022-05-16,1405772.3399999994,4,0.1703449151659934
2022-05-17,1405002.6699999995,4,0.16989042447869518
2022-05-18,1404720.4299999995,6,0.24932256449064397
2022-05-19,1397104.8399999994,5,0.20951395458625718
2022-05-20,1400555.7299999995,7,0.29137392483482266
2022-05-23,1395361.7399999993,9,0.3678716101245546
2022-05-24,1392925.5599999996,11,0.4465992066367139
2022-05-25,1371527.8599999994,9,0.35978825832965594
2022-05-26,1371449.2199999995,11,0.43829442697120075
2022-05-27,1377744.4399999995,11,0.44117353868617326
2022-05-30,1381879.3599999994,17,0.678726122662401
2022-05-31,1389581.0299999998,20,0.8040641213992394
2022-06-01,1399238.74,22,0.8814511882368268
2022-06-02,1401551.39,24,0.9615694576850302
2022-06-03,1375363.8599999999,23,0.9239996316320253
2022-06-06,1370607.9099999997,24,0.9618396701066758
2022-06-07,1372551.9999999995,22,0.8881224317912911
2022-06-08,1358829.5699999996,22,0.890363741495558
2022-06-09,1371049.6199999996,24,0.971012894485905
2022-06-10,1363299.8699999994,23,0.9338788978245852
2022-06-13,1320836.1899999995,16,0.6661764544776746
2022-06-14,1318206.4299999997,14,0.5904884260047194
2022-06-15,1324219.4599999995,14,0.5923479405747445
2022-06-16,1297150.6799999997,9,0.38856740220804586
2022-06-17,1308818.4299999997,9,0.39401815269364765
2022-06-20,1300805.2399999998,5,0.23076177030160192
2022-06-21,1303977.7599999998,7,0.3124179817299953
2022-06-22,1302908.4099999997,6,0.2727915387390892
2022-06-23,1307187.4799999997,7,0.31516629886938646
2022-06-24,1316725.5299999998,10,0.43625865597061836
2022-06-27,1317964.3599999999,10,0.4380812012245916
2022-06-28,1322204.8399999999,13,0.5595709965787148
2022-06-29,1316965.0299999998,13,0.5535241433100164
2022-06-30,1314101.3699999999,13,0.5525511932157867
2022-07-01,1323047.7899999998,15,0.6353687722799493
2022-07-04,1331586.5599999998,20,0.8356118583834311
2022-07-05,1331233.74,22,0.9090635953983559
2022-07-06,1354815.64,24,0.9905616383347924
2022-07-07,1370190.0699999996,24,0.9906675429343903
2022-07-08,1369903.44,24,0.9906655902696326
2022-07-11,1377480.9699999997,24,0.9907169389062415
2022-07-12,1368219.2699999998,24,0.9906541003475271
2022-07-13,1360357.5499999998,24,0.9906000889251507
2022-07-14,1358227.1999999997,24,0.9905853453678444
2022-07-15,1372661.4699999995,24,0.9930118093866219
2022-07-18,1398003.71,24,0.9931384874507954
2022-07-19,1400419.3399999999,24,0.9968435168854496
2022-07-20,1399087.4900000002,24,0.996840512096924
2022-07-21,1413644.4,24,0.9968730467152843
2022-07-22,1421089.6400000001,24,0.9968894291566295
2022-07-25,1436368.98,24,0.996922517778127
2022-07-26,1415927.2699999998,23,0.9630972782945272
2022-07-27,1416005.82,23,0.9630993253968406
2022-07-28,1430231.97,23,0.9634663669278769
2022-07-29,1446972.5099999998,23,0.9642409377908638
2022-08-01,1461549.05,23,0.9645975754286181
2022-08-02,1468684.2299999995,23,0.9682491450187357
2022-08-03,1461461.67,24,0.9916095575739596
2022-08-04,1463604.6099999999,24,0.9979451280902977
2022-08-05,1462481.6199999996,23,0.9623004356116286
2022-08-08,1466882.4499999997,23,0.9652531939420232
2022-08-10,1465173.3199999998,23,0.9652126616665394
2022-08-11,1465925.8499999999,23,0.9652305196746481
2022-08-12,1469263.0599999996,24,0.9994589804769204
2022-08-16,1477281.6799999997,24,0.9918197252672897
2022-08-17,1475706.8599999996,24,0.9918109955794339
2022-08-18,1471973.0299999998,24,0.9917902232216851
2022-08-19,1456335.1300000001,24,0.9917020679161946
2022-08-22,1445873.9499999997,23,0.9601483172167257
2022-08-23,1460833.8599999999,23,0.96055642494486
2022-08-24,1476528.2599999998,24,0.9998052864900806
2022-08-25,1472269.6199999999,24,0.9998047232680114
2022-08-26,1484261.2599999998,23,0.9640595753337928
2022-08-29,1485621.4099999995,23,0.963862192858408
2022-08-30,1504974.8199999998,23,0.9643269114628776
2022-09-01,1500621.7399999995,23,0.9642234291501068
2022-09-02,1510199.46,23,0.9644503249921703
2022-09-05,1515500.6599999995,24,0.9851768787748336
2022-09-06,1505257.29,24,0.9850760065078311
2022-09-07,1528491.9799999997,24,0.9853028669473295
2022-09-08,1545510.7199999995,24,0.9854647077439879
2022-09-09,1534269.06,24,0.9894566080867199
2022-09-12,1553904.74,24,0.9895898380488884
2022-09-13,1542158.8699999996,24,0.9895105489358564
2022-09-14,1541266.0100000002,24,0.9895044723655458
2022-09-15,1557973.5,24,0.9894920228104008
2022-09-16,1525327.6899999997,24,0.9742328351752405
2022-09-19,1545864.2299999993,24,0.9745751475212027
2022-09-20,1551686.7699999996,24,0.9746705515830365
2022-09-21,1544936.6499999994,24,0.9858831428460192
2022-09-22,1560446.0399999996,24,0.9860234513460012
2022-09-23,1516150.7899999996,22,0.9091000110879475
2022-09-26,1486721.3199999998,11,0.4653692327490132
2022-09-27,1488203.4499999997,9,0.3918200700314194
2022-09-28,1486609.2999999998,9,0.38709330689643884
2022-09-29,1486628.4699999997,11,0.4670125011126688
2022-09-30,1506631.3399999996,15,0.6238250559689008
2022-10-03,1492063.1400000001,21,0.8587769147624679
2022-10-04,1506629.1399999997,24,0.9773015142930266
2022-10-06,1512779.8099999998,24,0.9773938019439856
2022-10-07,1524768.8099999998,24,0.9813902017053983
2022-10-10,1519658.6199999996,24,0.9844973537543585
2022-10-11,1484068.4,21,0.8691858744516089
2022-10-12,1496819.9399999997,22,0.9126400868230017
2022-10-13,1492100.6500000001,23,0.9588277439594977
2022-10-14,1483505.6900000002,23,0.9613584899697959
2022-10-17,1486753.0199999998,23,0.956213507472815
2022-10-18,1498103.49,24,0.9965303598618545
2022-10-19,1493955.0599999996,24,0.9989114933617884
2022-10-20,1500382.5399999993,24,0.999117091831794
2022-10-21,1492464.2899999996,23,0.9620744828675266
2022-10-24,1509361.2999999998,23,0.9637446117109272
2022-10-25,1530376.28,23,0.9642424672185851
2022-10-27,1533347.7199999995,24,0.995545883095584
2022-10-28,1520884.14,24,0.9989075038944125
2022-10-31,1513068.1699999995,23,0.9619488988391054
2022-11-01,1521242.3399999996,24,0.9890872679759888
2022-11-02,1538085.8399999994,24,0.9910818566537225
2022-11-03,1547605.1899999995,24,0.9911367123290665
2022-11-04,1567784.17,24,0.9912507918739863
2022-11-07,1575764.3699999996,24,0.9951515022515709
2022-11-09,1573015.7000000002,24,0.998201397481284
2022-11-10,1562288.4899999995,23,0.9616698257823049
2022-11-11,1561372.9099999997,23,0.9650712397719262
2022-11-14,1582703.9600000002,23,0.9655419956111061
2022-11-15,1578054.1600000001,23,0.9654404637164039
2022-11-16,1566751.8399999996,23,0.9696278192977902
2022-11-17,1564293.7699999998,23,0.971570282479614
2022-11-18,1552204.9999999995,24,0.9975171449647438
2022-11-21,1554184.7399999993,24,0.994189423066913
2022-11-22,1557240.3300000003,24,0.9962235694216834
2022-11-23,1555661.3099999998,24,0.9992270104088403
2022-11-24,1559439.7399999998,24,0.9992288833167738
2022-11-25,1563903.4599999997,24,0.9992310842511981
2022-11-28,1572642.0899999996,24,0.9992353568509668
2022-11-29,1565295.5199999998,24,0.9942536154450887
2022-11-30,1563167.8599999999,24,0.9966918524028509
2022-12-01,1581530.29,24,0.9967302618023207
2022-12-02,1586288.5799999998,24,0.9967400698301694
2022-12-05,1579206.5899999996,24,0.9998580299744065
2022-12-06,1579618.4199999997,24,0.9998580669881023
2022-12-07,1575987.5099999998,24,0.9999921001912003
2022-12-08,1593523.9999999998,23,0.9659304786121828
2022-12-09,1576397.5499999998,23,0.962372359688075
2022-12-12,1609838.77,23,0.9631539995772372
2022-12-13,1655353.8399999996,23,0.9659801495975024
2022-12-14,1656684.2699999998,23,0.9639963745173968
2022-12-15,1659275.9999999995,23,0.9671476173945747
2022-12-16,1666940.9799999997,23,0.9609677362422275
2022-12-19,1667699.9399999997,23,0.9715289850043408
2022-12-20,1690225.4499999997,24,0.9908467476927413
2022-12-21,1630665.15,20,0.8435774199258506
2022-12-22,1589713.9599999997,17,0.7047047067511442
2022-12-23,1524318.7099999995,5,0.2005181121210538
2022-12-26,1527293.2799999993,6,0.24207241977781765
2022-12-27,1538152.8999999994,9,0.36738421778485103
2022-12-28,1537076.5499999993,12,0.4868765970048793
2022-12-29,1535704.3799999994,12,0.48641811518438216
2022-12-30,1543139.2199999995,16,0.6473178356519252
2023-01-02,1562211.92,24,0.9699050177520091
2023-01-03,1548734.8599999999,24,0.9696431318140538
2023-01-04,1538148.7999999998,24,0.9694342055853116
2023-01-05,1545389.5999999994,24,0.9700737406282534
2023-01-06,1536653.2199999997,23,0.9343002971093246
2023-01-09,1539619.74,24,0.9775063159426627
2023-01-10,1525984.4499999995,24,0.9791709410931418
2023-01-11,1542166.27,24,0.9793894986433599
2023-01-12,1545296.0999999996,24,0.9794312429831411
2023-01-13,1545853.7199999997,23,0.9390320773688731
2023-01-16,1546677.1599999995,24,0.9790552024444458
2023-01-17,1539342.1199999996,24,0.9789553994663645
2023-01-18,1548771.1400000001,24,0.9836923549595585
2023-01-19,1566786.34,24,0.9838798632875496
2023-01-20,1568455.9299999995,24,0.984766891091419
2023-01-23,1557655.1500000001,24,0.9857681913740665
2023-01-24,1535919.7099999995,23,0.9523767033369214
2023-01-25,1525997.0599999996,19,0.7999174192380162
2023-01-27,1491833.3499999996,11,0.48208971866730305
2023-01-30,1492898.5899999999,11,0.4828488986649792
2023-01-31,1511200.1699999995,16,0.6879904863959884
2023-02-01,1492588.5299999998,15,0.638519076654033
2023-02-02,1500245.5899999996,21,0.8661915813396927
2023-02-03,1493645.17,23,0.9451812239984683
2023-02-06,1482961.0099999995,24,0.9738539788042034
2023-02-07,1484187.8899999997,24,0.9738755919912541
2023-02-08,1494742.26,24,0.9706969481146537
2023-02-09,1500140.69,24,0.9708023985403664
2023-02-10,1502461.41,24,0.9708474975074403
2023-02-13,1490016.7599999995,23,0.9356713410391438
2023-02-14,1487534.4999999998,24,0.9790874295688606
2023-02-15,1502645.0699999994,24,0.9825182469736519
2023-02-16,1518188.5799999991,24,0.9826972285616852
2023-02-17,1512641.0799999996,24,0.9826337719189805
2023-02-20,1511373.5099999998,24,0.9845625585961211
2023-02-21,1510453.2799999998,24,0.9845531534745651
2023-02-22,1500873.28,24,0.9887144103198374
2023-02-23,1499980.6399999997,24,0.9905620181871149
2023-02-24,1497512.1299999997,24,0.9980519490015752
2023-02-27,1472605.4599999995,22,0.9106712669665099
2023-02-28,1472379.4499999997,23,0.9489328922649662
2023-03-01,1488226.48,24,0.9906146274188053
2023-03-02,1481945.76,24,0.99057485072868
2023-03-03,1492441.88,24,0.9906411363905174
2023-03-06,1514223.6599999997,24,0.9907757616203146
2023-03-08,1520181.2,24,0.9908119111063867
2023-03-09,1517828.3499999994,24,0.99895483570326
2023-03-10,1513282.0399999993,24,0.9989516957460226
2023-03-13,1485716.2199999997,20,0.8297521043419721
2023-03-14,1485014.0399999996,18,0.7500290300285647
2023-03-15,1481053.1999999995,19,0.7951008106933636
2023-03-16,1474560.2099999997,20,0.8307222666750246
2023-03-17,1483473.9899999995,20,0.8280098797013625
2023-03-20,1472272.3099999996,17,0.7135714384250019
2023-03-21,1468874.0999999996,17,0.7149097529869988
2023-03-22,1468587.0599999996,17,0.714511211885525
2023-03-23,1470256.9699999995,17,0.7188343409111676
2023-03-24,1448627.1099999996,15,0.6374670497502979
2023-03-27,1435945.7699999996,15,0.6371194853688661
2023-03-28,1433523.7599999998,12,0.5172502198359099
2023-03-29,1447295.9299999997,12,0.5218439673218732
2023-03-31,1452606.1099999996,13,0.565309621339814
2023-04-03,1459540.85,23,0.9637467358313406
2023-04-05,1468715.2399999998,23,0.9639731933332429
2023-04-06,1479882.7099999995,23,0.9642450583127634
2023-04-10,1473611.7899999996,23,0.9682199611065817
2023-04-11,1470830.4099999995,24,0.9996072762732723
2023-04-12,1478549.5499999998,24,0.9996093265863158
2023-04-13,1490620.1999999993,24,0.999612490156782
2023-04-17,1508965.3599999994,24,0.9996172012855221
2023-04-18,1506076.4099999997,24,0.9996164670024945
2023-04-19,1517439.1999999995,24,0.999619338949462
2023-04-20,1535596.63,24,0.9996238400184562
2023-04-21,1546500.7299999995,24,0.9996264922551963
2023-04-24,1557466.5799999996,24,0.9996291220579515
2023-04-25,1556871.6699999992,23,0.9628577415118617
2023-04-26,1560210.0899999996,23,0.9629372157181733
2023-04-27,1562684.1999999995,23,0.9686043475706739
2023-04-28,1572568.7099999995,23,0.9688016875269001
2023-05-02,1565881.5699999998,23,0.9705811532094348
2023-05-03,1564132.3899999992,23,0.9698728954778568
2023-05-04,1564173.8199999996,23,0.969873693449236
2023-05-05,1558621.2699999993,24,0.995551998337608
2023-05-08,1567901.3199999998,24,0.995578325044079
2023-05-09,1547815.6299999997,24,0.9934646479826544
2023-05-10,1561432.98,24,0.9935216431767698
2023-05-11,1573936.6899999992,24,0.9974673441280542
2023-05-12,1584245.8699999994,23,0.9610458823541073
2023-05-15,1599227.71,23,0.9614108112221245
2023-05-16,1601832.279999999,23,0.9652146665442405
2023-05-17,1599070.5499999993,23,0.9638654404585216
2023-05-18,1597576.4499999995,23,0.9645722243840039
2023-05-19,1594238.1899999995,23,0.9658654771028916
2023-05-22,1589075.2399999995,23,0.971994529346515
2023-05-23,1596487.2299999997,23,0.9721245499721287
2023-05-24,1612922.5799999998,23,0.9750070087058986
2023-05-25,1603472.4399999995,23,0.9618376353259931
2023-05-26,1603744.8499999996,23,0.9656780690519445
2023-05-29,1587330.3,24,0.9997337479162342
2023-05-30,1596496.7399999998,24,0.9997352766282507
2023-05-31,1619012.3799999994,24,0.999890451733297
2023-06-01,1617722.0999999996,24,0.9998903643586252
2023-06-02,1640100.1199999999,24,0.9990335590000448
2023-06-05,1635386.7399999995,24,0.9990307736016011
2023-06-06,1646853.3699999992,24,0.9990375220837059
2023-06-07,1653745.6899999995,24,0.9979013036762626
2023-06-08,1637792.3699999994,24,0.9941202742323195
2023-06-09,1630139.2199999997,24,0.9967805387812217
2023-06-12,1653932.9899999993,24,0.9968268545148257
2023-06-13,1649423.0699999994,24,0.9968181783706958
2023-06-14,1657297.0799999996,24,0.9971585480618842
2023-06-15,1653307.3999999994,24,0.9912436610396835
2023-06-16,1665869.4,24,0.991309690903741
2023-06-19,1667714.6199999996,24,0.9915957683455461
2023-06-20,1678052.59,24,0.991647544252472
2023-06-21,1686262.4499999995,24,0.9904724083727301
2023-06-22,1666255.9799999997,24,0.9903580120984775
2023-06-23,1641281.5899999999,24,0.9830555279670201
2023-06-26,1668496.3299999996,24,0.9842437172157282
2023-06-27,1696680.02,24,0.9845054461123438
2023-06-28,1689540.1799999997,24,0.9844399675656132
2023-06-30,1706950.8199999996,24,0.9845986775412782
2023-07-03,1716760.5499999996,24,0.9816914129346695
2023-07-04,1712176.9399999997,24,0.9816423996459154
2023-07-05,1731984.799999999,24,0.9818523465102006
2023-07-06,1764353.5099999998,24,0.9821852821320374
2023-07-07,1761462.6399999994,24,0.9902119752026081
2023-07-10,1769444.0699999994,24,0.9902561260385023
2023-07-11,1797894.1999999997,24,0.991406796907182
2023-07-12,1827788.9799999995,24,0.9915473448143891
2023-07-13,1833230.9399999997,24,0.997207645862665
2023-07-14,1849460.7399999995,24,0.9972321499509097
2023-07-17,1855648.8599999999,24,0.9996263948342039
2023-07-18,1843748.7499999995,24,0.9996122356693126
2023-07-19,1880001.1399999994,24,0.9996197129965573
2023-07-20,1898549.7999999996,24,0.9996234283662195
2023-07-21,1896590.4399999997,23,0.9676483078761067
2023-07-24,1903558.3799999994,23,0.9709541821354596
2023-07-25,1920430.5199999996,23,0.9727973704562873
2023-07-26,1941382.9699999997,23,0.9755227532463626
2023-07-27,1957141.1799999995,23,0.9786273568675309
2023-07-28,1929759.9699999995,23,0.9823084784995308
2023-07-31,1961231.4299999997,23,0.9671211061511493
2023-08-01,1992437.1899999995,23,0.9676360588310442
2023-08-02,1956758.5099999998,23,0.9616581148789793
2023-08-03,1987759.3099999996,23,0.9622560892445275
2023-08-04,2009808.5399999996,23,0.9689150440170785
2023-08-07,2011544.9099999997,23,0.968941876619598
2023-08-08,2035942.19,23,0.9693140550321816
2023-08-09,2063166.5599999996,23,0.9697189692721659
2023-08-10,2067993.15,23,0.9833072077632368
2023-08-11,2056717.7799999998,23,0.9832156942796499
2023-08-14,2065456.3999999997,23,0.9791751982757905
2023-08-16,2080549.4299999995,23,0.9793262686385684
2023-08-17,2088549.1999999995,23,0.9794054552317947
2023-08-18,2083504.4999999998,23,0.9874915028981222
2023-08-21,2087948.6699999995,23,0.9928834984243172
2023-08-22,2099048.359999999,23,0.9938327909700949
2023-08-23,2094817.7399999998,24,0.9954064547878043
2023-08-24,2117303.2899999996,24,0.9954552377803183
2023-08-25,2110318.4199999995,24,0.9884829513074147
2023-08-28,2118588.0499999993,24,0.9916126591953545
2023-08-29,2110305.1799999997,24,0.9827337437516978
2023-08-30,2100699.04,24,0.9860013312520962
2023-08-31,2129787.1199999996,24,0.9861925214384808
2023-09-01,2173923.25,24,0.9864728481099783
2023-09-04,2209836.0699999994,24,0.9921931675230555
2023-09-05,2220736.2599999993,24,0.9922314863269719
2023-09-06,2182756.6499999994,24,0.9949092950879341
2023-09-07,2182087.6599999997,24,0.9970581887622243
2023-09-08,2205202.1999999997,23,0.9606895050258886
2023-09-11,2270270.899999999,23,0.9618161911866996
2023-09-12,2144706.369999999,10,0.4437166659788493
2023-09-13,2143338.849999999,24,0.9994839406750832
2023-09-14,2154491.889999999,24,0.9994866121310864
2023-09-15,2152682.269999999,24,0.992764324667384
2023-09-18,2154125.279999999,24,0.9804042502114829
2023-09-20,2142958.8899999997,24,0.982289632257015
2023-09-21,2098372.6799999992,23,0.9445404521755405
2023-09-22,2118094.359999999,24,0.9902271115060243
2023-09-25,2123251.949999999,24,0.9902508508234272
2023-09-26,2131678.2799999993,24,0.9906001669257525
2023-09-27,2141511.579999999,24,0.9916616187524891
2023-09-28,2125326.1399999997,24,0.9915981177364152
2023-09-29,2146626.6499999994,24,0.9916814877892254
2023-10-03,2155007.139999999,24,0.9933492192513111
2023-10-04,2118287.149999999,23,0.9454957558516092
2023-10-05,2136570.109999999,24,0.9831013876722262
2023-10-06,2153201.3499999987,24,0.9871735822569501
2023-10-09,2102445.3299999987,23,0.9501319542040129
2023-10-10,2147004.2099999986,24,0.9910967384642442
2023-10-11,2158103.2399999993,24,0.9911425275465511
2023-10-12,2169167.6399999987,24,0.9911877073733227
2023-10-13,2166356.369999999,24,0.9911762717045492
2023-10-16,2204926.7399999993,24,0.9954769517648467
2023-10-17,2232819.4499999997,24,0.999591046199459
2023-10-18,2197847.369999999,23,0.9690753048060843
2023-10-19,2217894.639999999,23,0.9693548292266944
2023-10-20,2203582.909999999,23,0.969155796366201
2023-10-23,2103202.829999999,12,0.530395710812162
2023-10-25,2086536.1999999993,13,0.5638540467210683
2023-10-26,2087604.4299999992,12,0.49706786165423134
2023-10-27,2114310.8899999987,17,0.7028121157716785
2023-10-30,2123580.579999999,21,0.8635288329864086
2023-10-31,2120072.7399999993,24,0.9831758225427685
2023-11-01,2127755.499999999,24,0.9832365701792339
2023-11-02,2151443.0699999994,24,0.9834211369580887
2023-11-03,2175164.3199999994,24,0.9836019377147566
2023-11-06,2211781.249999999,24,0.983873414244741
2023-11-07,2230412.049999999,24,0.9809965113845225
2023-11-08,2248733.0599999987,24,0.9811513377225846
2023-11-09,2254743.0499999993,24,0.981201578601163
2023-11-10,2282486.8299999987,24,0.9814300746699165
2023-11-13,2327903.189999999,24,0.9817923656868227
2023-11-15,2359004.8199999984,24,0.9820324190774655
2023-11-16,2355135.959999999,24,0.9830089851797775
2023-11-17,2369454.549999999,24,0.9857669943489741
2023-11-20,2345595.749999999,24,0.985622219856086
2023-11-21,2333123.749999999,24,0.9780735248183903
2023-11-22,2325563.4099999988,24,0.9836222096390831
2023-11-23,2315281.0399999986,24,0.9835494744085155
2023-11-24,2316389.619999999,24,0.982575858719312
2023-11-28,2323964.3199999994,24,0.9888380601299425
2023-11-29,2341995.1499999994,24,0.9889239949963179
2023-11-30,2351637.839999999,24,0.988969411208318
2023-12-01,2351155.9699999997,24,0.9889671504864055
2023-12-04,2395706.229999999,24,0.9891723160063748
2023-12-05,2408229.849999999,24,0.9892286236714493
2023-12-06,2400075.879999999,24,0.9954839177834665
2023-12-07,2430480.1199999996,24,0.9956528589092104
2023-12-08,2424153.0799999987,24,0.998090318619648
2023-12-11,2455690.7199999993,24,0.9979754290882367
2023-12-12,2425689.3599999994,24,0.9955054508710881
2023-12-13,2431369.829999999,24,0.9980915120592743
2023-12-14,2464131.6499999994,24,0.9981168863278879
2023-12-15,2463248.5299999993,24,0.9981162111969273
2023-12-18,2467698.2499999995,24,0.9981196080193357
2023-12-19,2486952.619999999,23,0.9649032155666886
2023-12-20,2379327.7699999986,13,0.5812204974180587
2023-12-21,2416620.779999999,23,0.9866001607418111
2023-12-22,2440082.0599999987,23,0.9867289995976615
2023-12-26,2501331.2699999996,23,0.9870539618688735
2023-12-27,2509416.409999999,23,0.9870956729736221
2023-12-28,2535930.2999999993,23,0.9872305914716981
2023-12-29,2570107.079999999,23,0.9874003965624657
2024-01-01,2605552.9799999995,23,0.9875718013609537
2024-01-02,2594490.5199999986,23,0.9875188096659535
2024-01-03,2588001.4199999995,23,0.9874875145934042
2024-01-04,2629333.819999998,23,0.98768420740125
2024-01-05,2648252.269999999,23,0.9877721883346109
2024-01-08,2640909.859999999,23,0.9938918096962238
2024-01-09,2661488.959999999,23,0.9634908498737493
2024-01-10,2703701.489999999,23,0.964060862355038
2024-01-11,2743443.0299999984,23,0.9645814770208664
2024-01-12,2766930.179999999,23,0.9648821279617548
2024-01-15,2798961.579999999,23,0.9636354636922172
2024-01-16,2869635.4999999986,23,0.9645310562961745
2024-01-17,2889082.149999999,23,0.9699776345923569
2024-01-18,2873358.6799999992,23,0.9655849996423004
2024-01-19,2913922.769999998,25,0.996373678771178
2024-01-23,2801780.5399999986,24,0.9761406901626924
2024-01-24,2877795.1699999995,24,0.9767709145192571
2024-01-25,2923499.059999999,24,0.9771340614010668
2024-01-29,2983679.329999998,24,0.9775952632282374
2024-01-30,3007766.179999999,24,0.9825119384778775
2024-01-31,3058660.3999999985,24,0.9828029290208227
2024-02-01,3060760.6499999994,24,0.9828147294039477
2024-02-02,3071293.7699999977,24,0.9922627264665734
2024-02-05,3077357.4299999992,23,0.9676850082377337
2024-02-06,3108465.2299999995,23,0.9692586299252255
2024-02-07,3146520.319999999,23,0.969630426540516
2024-02-08,3177334.729999999,23,0.9786099023945144
2024-02-09,3130739.7599999993,24,0.9967003261874443
2024-02-12,3000517.339999999,24,0.9869426017048117
2024-02-13,2964543.879999999,24,0.9818280476927874
2024-02-14,3020968.589999998,24,0.9821674577556601
2024-02-15,3065236.6699999985,24,0.9824249949352202
2024-02-16,3080216.0799999987,24,0.9825104640061489
2024-02-19,3158653.1799999992,24,0.9829447720499663
2024-02-20,3160183.5999999996,24,0.982953031589684
2024-02-21,3130640.329999999,24,0.9892444910782839
2024-02-22,3157169.939999999,24,0.9893348693165377
2024-02-23,3193941.8099999987,24,0.9894576570260061
2024-02-26,3174414.2399999993,24,0.9893928052691703
2024-02-27,3189401.0799999987,24,0.9952515567593653
2024-02-28,3145349.6199999982,24,0.9951850535458125
2024-02-29,3183649.469999998,24,0.9867923744758248
2024-03-01,3197149.7599999993,24,0.9929173508594108
2024-03-04,3202614.939999999,23,0.9618660150258342
2024-03-05,3194800.5199999996,23,0.9675800509760781
2024-03-06,3162222.9799999986,19,0.8004454891413131
2024-03-07,3192977.2799999984,23,0.9621365454877276
2024-03-11,3168483.689999999,24,0.9907782072250467
2024-03-12,3100901.749999999,17,0.6972973168208251
2024-03-13,3004191.009999999,8,0.33967939342179193
2024-03-14,3038476.2699999986,10,0.4264650189287147
2024-03-15,3039509.8999999985,8,0.34433793092761444
2024-03-18,3047233.509999999,8,0.34599979179147333
2024-03-19,3025370.039999999,7,0.3006161983411459
2024-03-20,3012136.459999999,8,0.3375035837519793
2024-03-21,3044649.6399999987,11,0.4640858676928096
2024-03-22,3058558.5399999986,14,0.5863073982556503
2024-03-26,3063879.6999999993,21,0.8650184176617642
2024-03-27,3060528.8899999997,24,0.9809598464532059
2024-03-28,3062395.8899999987,24,0.9809714543471388
2024-04-01,3088037.8499999987,24,0.9811294605731599
2024-04-02,3095175.759999999,24,0.9811729786873236
2024-04-03,3112286.11,24,0.9789363549227165
2024-04-04,3116156.289999999,24,0.9789625153878275
2024-04-05,3121619.7699999996,24,0.9789993353354501
2024-04-08,3158555.0599999996,24,0.9814158724844267
2024-04-09,3159102.5199999996,24,0.984414652678002
2024-04-10,3156557.7399999993,24,0.984402087952936
2024-04-12,3130528.7599999984,24,0.9846039523367934
2024-04-15,3106973.449999999,23,0.947117040861743
2024-04-16,3124141.2999999993,24,0.9859299129652045
2024-04-18,3130050.0299999993,24,0.985956473673362
2024-04-19,3153915.769999999,24,0.9899166172088358
2024-04-22,3209667.2999999993,24,0.9900917643395628
2024-04-23,3239078.369999999,24,0.9901817318486187
2024-04-24,3264245.589999999,24,0.9892702895556338
2024-04-25,3280015.2199999993,24,0.9955461273743726
2024-04-26,3267957.369999999,24,0.9980037775094969
2024-04-29,3284854.499999999,24,0.9980140459798145
2024-04-30,3255110.4899999993,24,0.9979958990577923
2024-05-02,3286816.039999999,24,0.9998421085957707
2024-05-03,3276233.5399999986,23,0.9643281229579259
2024-05-06,3236952.6799999992,23,0.974990576630858
2024-05-07,3158036.9699999993,19,0.8089796333194924
2024-05-08,3176385.979999998,24,0.9861969136383107
2024-05-09,3090754.8199999984,19,0.782098956655514
2024-05-10,3144380.3899999987,23,0.9439684649604372
2024-05-13,3154733.1699999995,24,0.9839293032824076
2024-05-14,3185348.7499999995,24,0.9894964060057791
2024-05-15,3212828.089999999,24,0.9895862433149982
2024-05-16,3217983.2999999993,24,0.9896029261556457
2024-05-17,3256342.9599999986,24,0.9897254034937404
2024-05-21,3292916.7699999996,24,0.9898395215133242
2024-05-22,3337475.389999999,24,0.9899751740191861
2024-05-23,3331905.579999999,24,0.9899584159284613
2024-05-24,3339108.5599999987,24,0.9899800771976102
2024-05-27,3324792.149999998,24,0.9973722838584064
2024-05-28,3306206.2299999995,24,0.9948215783260445
2024-05-29,3328735.6099999994,24,0.997345757958831
2024-05-30,3295392.5699999994,24,0.9977837238371879
2024-05-31,3334299.149999998,24,0.9906793156216955
2024-06-03,3379513.2799999984,24,0.9958126307466386
2024-06-04,3180166.5899999985,12,0.5272270878111454
2024-06-05,3279452.809999999,23,0.9851942312290817
2024-06-06,3290025.5799999977,23,0.9852418107946752
2024-06-07,3319129.7499999977,23,0.9660466783499504
2024-06-10,3337559.919999999,23,0.9662341702617286
2024-06-11,3337605.699999999,23,0.9662346334080151
2024-06-12,3315409.3799999985,24,0.9882430868914298
2024-06-13,3298359.4299999983,24,0.9904435884963578
2024-06-14,3315252.669999998,24,0.9904922842577791
2024-06-18,3302395.919999999,24,0.9922592503687448
2024-06-19,3268483.4799999986,24,0.9911709757211321
2024-06-20,3274781.1599999983,24,0.9903021855665011
2024-06-21,3289207.149999998,24,0.9948148659472547
2024-06-24,3285745.589999999,24,0.9948094033658892
2024-06-25,3272873.3999999985,24,0.9947889887827623
2024-06-26,3284787.609999999,24,0.9998582648087867
2024-06-27,3240273.7399999993,23,0.9618887353634514
2024-06-28,3260065.9499999983,23,0.9621201129382064
2024-07-01,3313782.0099999993,23,0.9627341419479796
2024-07-02,3344722.0299999984,23,0.966285560058933
2024-07-03,3375528.969999999,23,0.966593256641492
2024-07-04,3392005.719999999,23,0.9699525830988285
2024-07-05,3416312.8199999984,23,0.9701663707716326
2024-07-08,3416952.4399999976,23,0.963278710428876
2024-07-09,3412764.889999998,24,0.9997172790886282
2024-07-10,3394370.569999999,23,0.9604849184159646
2024-07-11,3444330.8699999982,23,0.9630868680162545
2024-07-12,3440356.8499999987,23,0.9630442289729338
2024-07-15,3408048.689999998,23,0.9626938897988577
2024-07-16,3397691.7299999986,24,0.9963811519769633
2024-07-18,3361584.6099999985,24,0.9978814961316715
2024-07-19,3287106.8499999987,19,0.8042004354072035
2024-07-22,3307884.9199999985,19,0.8060934326578693
2024-07-23,3319559.189999999,19,0.8059744251766154
2024-07-24,3338236.049999998,23,0.9629780045063026
2024-07-25,3373667.9899999984,23,0.9633668279254716
2024-07-26,3414219.8799999985,23,0.9628134202065514
2024-07-29,3410101.2999999984,23,0.9627685077859715
2024-07-30,3437089.969999999,23,0.964328611974042
2024-07-31,3450937.929999999,23,0.9678132576554345
2024-08-01,3413349.339999999,23,0.967458809826949
2024-08-02,3386250.089999999,23,0.9707508018109794
2024-08-05,3274034.0399999986,16,0.6781110070559929
2024-08-06,3266133.079999998,16,0.6513624576497663
2024-08-07,3304900.0299999993,23,0.9350545922564568
2024-08-08,3318404.649999998,24,0.9750155364566528
2024-08-09,3349592.339999999,24,0.9752481640795732
2024-08-12,3385700.589999999,24,0.9814927196500862
2024-08-13,3366827.6699999985,24,0.9813889761693688
2024-08-14,3349816.0799999987,24,0.9849302890682887
2024-08-16,3415248.5199999986,24,0.9866045912231305
2024-08-19,3484018.069999999,24,0.9868689974963308
2024-08-20,3492877.6899999985,24,0.986902304042602
2024-08-21,3525886.7299999977,24,0.9870249235147726
2024-08-22,3549047.349999999,24,0.9871095971711963
2024-08-23,3549807.559999998,24,0.9871123577189073
2024-08-26,3521793.829999999,24,0.9870098443553698
2024-08-27,3530664.899999998,24,0.9870424831311523
2024-08-28,3538685.109999998,24,0.9870718505382926
2024-08-29,3517670.6499999985,24,0.9869946181573314
2024-08-30,3542868.269999998,24,0.9870871151526053
2024-09-02,3539710.049999998,24,0.9901152835950509
2024-09-03,3578219.7099999986,24,0.9902216652872894
2024-09-04,3602463.979999998,24,0.9902874726314409
2024-09-05,3638707.959999999,24,0.9903842159402102
2024-09-06,3656294.709999999,23,0.9688261781282946
2024-09-09,3656069.879999999,23,0.9667634005945207
2024-09-10,3695243.7899999986,23,0.9671157474565437
2024-09-11,3688719.3099999987,23,0.9701875093336938
2024-09-12,3725488.2299999986,24,0.9983967041012505
2024-09-13,3786879.149999998,24,0.9984226959025089
2024-09-16,3797440.229999999,23,0.9640127871084363
2024-09-17,3799353.359999998,23,0.9640309081438009
2024-09-18,3771824.6699999995,23,0.9629404035898629
2024-09-19,3735980.529999998,24,0.9796303461999042
2024-09-20,3809280.7299999986,24,0.9800223098810577
2024-09-23,3810840.809999998,24,0.9803765694426898
2024-09-24,3822793.0899999985,24,0.9746510136126676
2024-09-25,3813164.559999998,24,0.9773527135687009
2024-09-26,3788758.269999998,24,0.9768471663408607
2024-09-27,3755625.3099999987,24,0.9844299510272502
2024-09-30,3688219.099999998,24,0.9770514474045215
2024-10-01,3667788.5999999978,24,0.9809105001307877
2024-10-03,3595460.259999998,23,0.9333334614578668
2024-10-04,3555192.039999998,18,0.7291913884910705
2024-10-07,3472034.8899999983,14,0.5645849255852383
2024-10-08,3508034.2699999986,12,0.4889178206346317
2024-10-09,3511769.9299999983,20,0.8046369427168031
2024-10-10,3508048.8599999985,24,0.9639493048566039
2024-10-11,3513675.389999998,24,0.9640070336719414
2024-10-14,3507800.4299999983,24,0.966543991785759
2024-10-15,3516610.709999997,24,0.9715024896799003
2024-10-16,3519791.0399999977,24,0.9752182589793745
2024-10-17,3455834.4299999983,23,0.9423702280783173
2024-10-18,3424045.7899999986,23,0.9439139100999002
2024-10-21,3383756.819999998,20,0.829072433166164
2024-10-22,3286508.4799999977,9,0.3744054511004946
2024-10-23,3299574.799999998,13,0.536455139613747
2024-10-24,3297857.259999998,13,0.534925177446886
2024-10-25,3258157.4799999977,11,0.4565411491405262
2024-10-28,3277520.1899999976,13,0.5393801372738458
2024-10-29,3302655.799999997,19,0.7825675899983286
2024-10-30,3307870.9299999974,23,0.9413884567739171
2024-10-31,3366905.659999998,24,0.9854228526260526
2024-11-01,3390606.299999997,24,0.9855247481844184
2024-11-04,3382937.389999998,24,0.9889893144017077
2024-11-05,3402747.1299999976,24,0.9897706474591905
2024-11-06,3448081.3299999973,24,0.9947204174560472
2024-11-07,3460239.229999997,24,0.9947389678025246
2024-11-08,3398738.909999998,24,0.9875263145764858
2024-11-11,3334681.9299999983,24,0.9899566253384778
2024-11-12,3312669.9099999974,23,0.9498457001410088
2024-11-13,3206807.389999998,15,0.6154562996688122
2024-11-14,3234500.7399999974,16,0.653643579008735
2024-11-18,3244181.6899999976,18,0.7473244231274857
2024-11-19,3259810.669999998,23,0.947072183796491
2024-11-21,3276056.8399999975,24,0.9914272274958461
2024-11-22,3296628.539999997,24,0.9914807235151833
2024-11-25,3318478.4899999984,24,0.9915368172237279
2024-11-26,3317970.5899999966,24,0.9970158716807682
2024-11-27,3333235.819999997,24,0.999646049645537
2024-11-28,3323149.0799999973,24,0.9996449753015602
2024-11-29,3359937.079999997,23,0.9649193787878916
2024-12-02,3407691.9599999967,23,0.965410993310558
2024-12-03,3396263.689999997,23,0.9652946029052304
2024-12-04,3410780.319999997,23,0.9654423126259866
2024-12-05,3418692.8599999975,23,0.9744901623013897
2024-12-06,3419661.609999998,23,0.9744973889390192
2024-12-09,3447691.359999997,23,0.9747047253092871
2024-12-10,3472114.7099999976,23,0.9748826558786137
2024-12-11,3494296.6799999974,23,0.9791947488557275
2024-12-12,3456122.989999998,23,0.9789649499712979
2024-12-13,3469762.599999997,23,0.97984143065004
2024-12-16,3488230.129999997,23,0.9799481549687785
2024-12-17,3491095.469999998,23,0.9799646126549506
2024-12-18,3477784.069999997,23,0.9798879261644333
2024-12-19,3507626.9699999974,23,0.9759388040057186
2024-12-20,3424244.219999997,18,0.7684346795801855
2024-12-23,3432415.3099999977,19,0.803566774674479
2024-12-24,3451313.7599999974,22,0.9244379131730992
2024-12-26,3508151.5299999975,23,0.9694408439649135
2024-12-27,3484871.6599999974,23,0.9692367006709229
2024-12-30,3466895.229999997,23,0.9679919055413746
2024-12-31,3459762.7799999975,23,0.9694263894011839
2025-01-01,3505474.929999997,23,0.9698250758849393
2025-01-02,3536788.3099999973,23,0.9700922331989958
2025-01-03,3554965.0199999977,23,0.970245153073265
2025-01-06,3486612.2699999977,19,0.8056127101279323
2025-01-07,3536476.9099999983,23,0.9680136523215706
2025-01-08,3509750.4899999974,22,0.9321968098079823
2025-01-09,3475816.169999997,22,0.9387182061472493
2025-01-10,3407741.2099999976,17,0.7335868206963996
2025-01-13,3284745.189999998,5,0.2246652623913274
2025-01-14,3295537.859999998,5,0.2272044327234646
2025-01-15,3300922.769999998,6,0.26834299428338354
2025-01-16,3322539.099999998,8,0.35232547300948264
2025-01-17,3313159.589999998,8,0.3504919151811823
2025-01-20,3281962.3999999976,11,0.4543586879605936
2025-01-21,3263927.609999998,12,0.4924498831026467
2025-01-22,3251464.469999998,12,0.49050440031411474
2025-01-23,3265427.0199999977,13,0.5326011481340658
2025-01-24,3233418.069999998,11,0.44679728656307066
2025-01-27,3213747.889999998,7,0.2914769677219455
2025-01-28,3194618.509999998,5,0.2084350566165098
2025-01-29,3203507.1199999982,7,0.290370417531646
2025-01-30,3217650.899999998,9,0.37326238840888576
2025-01-31,3236063.899999998,14,0.5758313981377194
2025-02-01,3249459.079999998,21,0.8552545305478971
2025-02-03,3254759.7799999984,23,0.9372320036472866
2025-02-04,3279312.3799999976,24,0.9783844014274728
2025-02-05,3268307.579999998,21,0.8637885850388665
2025-02-06,3279742.8099999987,23,0.9439930321853505
2025-02-07,3260987.9799999977,24,0.9836312674786375
2025-02-10,3210040.299999998,23,0.9446809811079325
2025-02-11,3098273.8799999976,13,0.548309363793236
2025-02-12,3119968.679999998,13,0.5514502087886347
2025-02-13,3110938.449999998,11,0.4714824782213229
2025-02-14,3099140.459999998,10,0.42091260361913413
2025-02-17,3113711.089999998,10,0.42393383709854754
2025-02-18,3108846.569999998,11,0.46227485584790406
2025-02-19,3116715.509999998,10,0.42446976496741623
2025-02-20,3106947.4099999983,10,0.41923210409280826
2025-02-21,3093577.8099999977,9,0.3827253273451689
2025-02-24,3090470.3099999977,8,0.3429782731030348
2025-02-25,3097605.0199999977,9,0.3844540935047945
2025-02-27,3105322.089999998,10,0.4259167331656733
2025-02-28,3062239.0599999977,8,0.3320694172061147
2025-03-03,3079880.899999998,8,0.33448614198036053
2025-03-04,3087692.479999998,8,0.33616983126506195
2025-03-05,3096015.499999998,9,0.3728485047959226
2025-03-06,3101882.839999998,12,0.4939668159742619
2025-03-07,3105906.589999998,13,0.5343142595927204
2025-03-10,3090388.919999998,16,0.6512596608714224
2025-03-11,3101432.2899999972,17,0.6924645096798167
2025-03-12,3101275.3299999977,18,0.7323610348391743
2025-03-13,3088392.479999997,18,0.7312446117599669
2025-03-17,3122498.0599999977,17,0.6979483919999623
2025-03-18,3127508.3599999975,17,0.6984322817285775
2025-03-19,3178908.719999998,24,0.98404937528373
2025-03-20,3194251.489999998,24,0.984125990029671
2025-03-21,3206917.079999998,24,0.9841886837934711
2025-03-24,3219430.9799999986,24,0.9842501422409751
2025-03-25,3188682.269999997,24,0.9890088453372314
2025-03-26,3171915.829999998,24,0.9940593158803971
2025-03-27,3209544.2899999986,24,0.9823202782473526
2025-03-28,3198362.869999998,24,0.9822584702529397
2025-04-01,3159608.569999999,24,0.9800797065188368
2025-04-02,3181092.8199999984,24,0.9849357397876878
2025-04-03,3171816.6199999987,24,0.986196225934399
2025-04-04,3003836.179999998,22,0.9302597686935117
2025-04-07,2935909.3999999985,10,0.4294303836487601
2025-04-08,2962030.689999998,10,0.43242248445440684
2025-04-09,2967572.3099999977,12,0.5101863954243464
2025-04-11,2974970.3099999977,14,0.5910003653112091
2025-04-15,2997188.7699999977,24,0.9934537890317807
2025-04-16,3020045.8599999985,24,0.993503333754012
2025-04-17,3043961.199999998,24,0.9935543757916502
2025-04-21,3059091.5499999975,24,0.993586256024277
2025-04-22,3062769.5899999975,24,0.996298889071836
2025-04-23,3066033.069999997,24,0.9963028285275483
2025-04-24,3060116.1299999976,24,0.997054154281394
2025-04-25,2992730.8899999973,24,0.9989951685899838
2025-04-28,3021878.589999998,24,0.9994309731682511
2025-04-29,3020366.469999998,24,0.9956137210065117
2025-04-30,2989703.269999997,24,0.9955687341506645
2025-05-02,2963750.8099999977,21,0.8770396658280465
2025-05-05,3000848.8099999977,24,0.9967406855129107
2025-05-06,2953211.159999998,24,0.9966881101722515
2025-05-07,2984808.9199999967,24,0.9967231704735063
2025-05-08,2914899.229999997,23,0.9617129886167634
2025-05-09,2928465.0999999978,22,0.9161625282814544
2025-05-12,2953671.829999997,24,0.9938659299195072
2025-05-13,2968659.8599999966,24,0.9971400765327162
2025-05-14,2992722.3299999977,24,0.9971630712562641
2025-05-15,3025639.3899999973,24,0.9971939352627224
2025-05-16,3013282.419999997,24,0.9971824280579723
2025-05-19,3021704.989999997,24,0.9971902816363296
2025-05-20,2984131.2899999972,24,0.997924474696957
2025-05-21,3026609.8299999973,24,0.9979536047432988
2025-05-22,3033051.5199999968,24,0.997957950941764
2025-05-23,3035815.5599999973,24,0.997150617411027
2025-05-26,3047060.659999997,24,0.997161132985125
2025-05-27,3073910.7699999977,24,0.9971859300262
2025-05-28,3115400.4699999974,24,0.9972234067230537
2025-05-29,3155345.509999998,24,0.9972585569559393
2025-05-30,3171733.9899999965,24,0.9972727221049211
2025-06-02,3196133.499999997,24,0.9972935423379539
2025-06-03,3184614.5799999987,23,0.9632013554368649
2025-06-04,3206670.4099999974,23,0.9634544605412073
2025-06-05,3196931.6499999976,23,0.9633431324689103
2025-06-06,3196935.4799999977,23,0.9632578133857123
2025-06-09,3197042.879999998,24,0.9958955007822737
2025-06-10,3213321.859999997,24,0.9959162945476002
2025-06-11,3208189.5699999966,24,0.9951172897803551
2025-06-12,3145142.869999998,24,0.9893273433394149
2025-06-13,3147602.189999997,24,0.9924316960778333
2025-06-16,3182039.509999998,24,0.9925136033273209
2025-06-17,3137741.0999999978,23,0.9521691926717607
2025-06-18,3105221.149999997,23,0.9576509518492757
2025-06-19,3055123.2899999977,20,0.8345989762004014
2025-06-20,3061676.8599999975,20,0.8409371490628185
2025-06-23,3094244.969999998,21,0.8853211838621821
2025-06-24,3100585.579999997,22,0.9255008565188523
2025-06-25,3153206.8299999973,23,0.9666267087211664
2025-06-26,3146612.5099999974,24,0.9851440144436476
2025-06-27,3174965.5399999977,24,0.9852766811447039
2025-06-30,3204812.8099999977,24,0.9854138033104038
2025-07-01,3144454.0299999975,24,0.9645736369693414
2025-07-02,3150414.5199999977,24,0.9663560812943441
2025-07-03,3194333.9499999983,24,0.9699876213631333
2025-07-04,3210419.5799999977,24,0.9701379967287648
2025-07-07,3226516.8899999983,24,0.9686575978221524
2025-07-08,3204372.0199999977,24,0.9667989267987687
2025-07-09,3212395.6999999974,24,0.9668818539384804
2025-07-10,3249424.5399999977,24,0.9705056852928188
2025-07-11,3243752.5999999973,24,0.9763666316598875
2025-07-14,3274581.4199999976,24,0.9650870858480601
2025-07-15,3278844.009999998,24,0.9633090840451427
2025-07-16,3277204.209999997,24,0.963290725175775
2025-07-17,3291274.4699999974,24,0.9706005892604886
2025-07-18,3279272.5999999978,24,0.9838703314875387
2025-07-21,3289349.4199999967,24,0.983919744227113
2025-07-22,3299925.669999997,24,0.9919382062929928
2025-07-23,3324278.4499999965,24,0.996338348251183
2025-07-24,3312236.9099999974,24,0.9887523745999203
2025-07-25,3259824.489999998,24,0.9805407008277315
2025-07-28,3278957.9999999977,23,0.9523141863970208
2025-07-29,3321328.719999998,24,0.9946205354825591
2025-07-30,3347072.839999997,24,0.994661911809485
2025-07-31,3370978.979999998,24,0.9946997681961228
2025-08-01,3322502.6599999974,20,0.841451494880068
2025-08-04,3367428.839999997,23,0.9629519030905498
2025-08-05,3358900.759999997,23,0.9628578398368646
2025-08-06,3305903.0599999973,17,0.7361565647360518
2025-08-07,3302808.4899999974,21,0.8998531307517627
2025-08-08,3257826.5499999975,20,0.8427150856143653
2025-08-11,3280862.3899999983,23,0.9635787924649905
2025-08-12,3273381.819999998,24,0.9859815406441044
2025-08-13,3292442.5699999984,24,0.9842348624474268
2025-08-14,3271769.5299999975,24,0.9826869070450701
2025-08-18,3328777.839999998,24,0.982983409310368
2025-08-19,3374348.029999998,24,0.9832132164505872
2025-08-20,3365745.5999999973,24,0.9831703115054218
2025-08-21,3382310.509999998,24,0.9863348235286661
2025-08-22,3361614.389999998,23,0.9509687724772031
2025-08-25,3396149.9299999974,24,0.9924432782624537
2025-08-26,3382423.5099999974,24,0.9924126118671646
2025-08-28,3352950.979999998,23,0.947671331598174
2025-08-29,3368394.6799999983,22,0.9041948789682812
2025-09-01,3416247.239999998,24,0.9850282206155555
2025-09-02,3404617.179999998,24,0.984977077510959
2025-09-03,3432600.6099999975,24,0.9897637465023938
2025-09-04,3429653.409999998,24,0.9893755532574361
2025-09-05,3456145.839999998,24,0.992778374769047
2025-09-08,3465815.539999997,24,0.9880381718179966
2025-09-09,3481448.1499999976,24,0.9914687455563578
2025-09-10,3477562.0699999975,24,0.9914592121140782
2025-09-11,3490366.529999998,24,0.9940138177980988
2025-09-12,3483235.449999999,24,0.9940015625415166
2025-09-15,3506649.469999997,24,0.9828949341777246
2025-09-16,3524981.8399999975,24,0.9829838924787205
2025-09-17,3530618.9399999967,24,0.9830110609444593
2025-09-18,3532161.8499999973,24,0.9886711533334754
2025-09-19,3514388.9599999976,24,0.988613861341063
2025-09-22,3538557.1699999976,24,0.9925622425368368
2025-09-23,3555326.109999997,24,0.9905143244370352
2025-09-24,3542360.9999999967,24,0.992429433363794
2025-09-25,3527260.3599999975,24,0.9946771862341351
2025-09-26,3489657.409999998,21,0.8838284500827267
2025-09-29,3493151.5299999975,21,0.8869335250394942
2025-09-30,3491073.889999998,22,0.9304445572763291
2025-10-01,3551057.0599999973,23,0.9715822392332953
2025-10-03,3581467.8699999973,23,0.9745263580990893
2025-10-06,3590381.8199999975,23,0.9745896022835818
2025-10-07,3603886.6499999985,23,0.9703196436547199
2025-10-08,3593705.2799999984,23,0.9686762182123076
2025-10-09,3616161.339999998,23,0.9718217329318616
2025-10-10,3611572.5599999973,23,0.9751065807189547
2025-10-13,3611622.879999998,24,0.9929991832369836
2025-10-14,3563841.379999998,22,0.9049682761133444
2025-10-15,3596826.7399999984,24,0.98836350677264
2025-10-16,3594118.999999997,24,0.9833670810565822
2025-10-17,3561084.5399999972,24,0.9863640586302965
2025-10-20,3633960.4499999974,24,0.9879328268418558
2025-10-21,3654619.5499999975,24,0.9880010410385952
2025-10-23,3600297.909999997,24,0.9848631470610727
2025-10-24,3609417.359999997,24,0.9799630846791302
2025-10-27,3629698.1899999976,24,0.9838968457044089
2025-10-28,3643620.3399999975,24,0.9839583753119576
2025-10-29,3659847.6099999985,24,0.9840295017092262
2025-10-30,3645468.3299999973,24,0.9839665072608113
2025-10-31,3650214.209999997,24,0.9857527101128684
2025-11-03,3710518.629999998,24,0.9843331038604709
2025-11-04,3674825.699999998,24,0.984935241962633
2025-11-06,3627640.909999997,23,0.9527158133190207
2025-11-07,3668486.2299999977,24,0.9931874488731561
2025-11-10,3690097.0699999975,24,0.9932273461846906
2025-11-11,3671584.929999997,24,0.9855412060425911
2025-11-12,3695225.979999998,24,0.9869332781644934
2025-11-13,3661816.0999999978,24,0.9885066729593555
2025-11-14,3669073.5799999977,24,0.9931980895297288
2025-11-17,3707456.449999998,24,0.9932685089261136
2025-11-18,3684153.649999998,24,0.9932259312800383
2025-11-19,3700726.8199999975,24,0.9912997441945748
2025-11-20,3672521.289999998,24,0.9853432000117832
2025-11-21,3628534.8299999973,21,0.8589638066117178
2025-11-24,3610929.669999998,24,0.9780268858019608
2025-11-25,3638562.4899999984,24,0.9781937591512966
2025-11-26,3645290.5399999972,24,0.9782340065546605
2025-11-27,3615541.959999998,23,0.9432675509593594
2025-11-28,3608431.799999998,24,0.9831433560695265
2025-12-01,3621514.0599999973,24,0.9849355051240647
2025-12-02,3615931.609999997,24,0.9835274096901414
2025-12-03,3580680.9399999976,23,0.9388127359931718
2025-12-04,3571501.419999998,24,0.9871697265067872
2025-12-05,3535820.8299999977,24,0.9900893564225093
2025-12-08,3521095.739999998,23,0.9521881049448552
2025-12-09,3553744.949999998,23,0.9537581193045388
2025-12-10,3547473.369999997,21,0.8785756776519515
2025-12-11,3562570.8799999976,21,0.8790902512513666
2025-12-12,3588601.3599999985,22,0.917706156138781
2025-12-15,3622078.589999998,23,0.9584553464920821
2025-12-16,3592215.2299999977,23,0.961482085247994
2025-12-17,3575673.279999998,23,0.9629575664138984
2025-12-18,3612121.4299999974,23,0.9633313434869775
2025-12-19,3653427.669999997,23,0.9637459252067256
2025-12-22,3717183.839999998,23,0.9643677456641483
2025-12-23,3730986.989999998,23,0.9644995706618645
2025-12-24,3746019.169999998,23,0.9646420282467487
2025-12-26,3755587.179999998,23,0.9624586294386067
2025-12-29,3748327.1399999973,23,0.9662610318479306
2025-12-30,3803096.2699999977,23,0.9685125904004535
2025-12-31,3805931.0099999974,23,0.9706422240165626
2026-01-01,3824936.9099999983,23,0.9707881011820407
2026-01-02,3806709.9299999983,23,0.968891911341404
2026-01-05,3823165.6899999976,23,0.9690258075108438
2026-01-06,3846077.439999998,23,0.9724357292192229
2026-01-07,3830220.599999999,23,0.9723216151048851
2026-01-08,3739554.8399999975,20,0.8402914610018133
2026-01-09,3692851.1999999983,19,0.8052133321808368
2026-01-12,3699109.8299999977,17,0.7236233561629614
2026-01-13,3682419.4499999983,22,0.9216307419840514
2026-01-14,3727576.8499999978,23,0.9654888188287793
2026-01-15,3727576.8499999978,23,0.9654888188287793
2026-01-16,3701292.089999998,23,0.9621618136060162
2026-01-19,3674566.9299999974,20,0.8410293590706217
2026-01-20,3596835.309999997,12,0.5025826689851978
2026-01-21,3589554.0299999975,11,0.4612135090218997
2026-01-22,3629291.7999999975,12,0.5070475677927031
2026-01-23,3595833.3199999975,10,0.4224492252049106
2026-01-27,3591161.869999997,12,0.5025391851801996
2026-01-28,3602991.349999997,19,0.7859536520952243
2026-01-29,3635529.8299999963,24,0.9866517392872013
2026-01-30,3554464.6299999966,24,0.9881892424401486
2026-02-02,3526315.049999997,12,0.4946113308849139
2026-02-03,3553452.5099999965,24,0.9753764543767613
2026-02-04,3632498.8099999963,24,0.9759122839189597
2026-02-05,3616835.1399999973,24,0.9769435219543909
2026-02-06,3611949.3899999973,24,0.9769123343115289
2026-02-09,3713593.449999997,24,0.9775442624178483
2026-02-10,3731523.1399999973,24,0.9776521605598305
2026-02-11,3709809.8999999966,24,0.9775213603263074
2026-02-12,3770357.919999997,24,0.9778823438598112
2026-02-13,3734444.2199999974,23,0.9497535700238691
2026-02-16,3729848.919999997,24,0.9911783397382227
2026-02-17,3753780.9399999967,24,0.9912345817388062
2026-02-18,3750317.879999997,24,0.9912264877130903
2026-02-19,3703843.899999996,23,0.9586845547135512
2026-02-20,3735778.879999998,24,0.9988827604271918
2026-02-23,3746061.689999997,23,0.9620308548629382
2026-02-24,3761607.379999997,23,0.9621877709097867
2026-02-25,3812781.0699999966,23,0.9626952721940583
2026-02-26,3818200.529999996,23,0.9627482216079424
2026-02-27,3763638.909999997,23,0.9660949461275504
2026-03-02,3696443.7799999965,19,0.8190319453472121
2026-03-04,3599441.7699999963,15,0.6359701743417846
2026-03-05,3644277.799999997,18,0.7601288902838313
2026-03-06,3660523.2599999965,20,0.8463328190953778
2026-03-09,3582508.319999997,15,0.652485038750727
2026-03-10,3603730.3899999973,18,0.7740603758096349
2026-03-11,3590548.9099999964,19,0.8084273833217335
2026-03-12,3596328.179999997,21,0.8889338041446492
2026-03-13,3487265.209999997,17,0.7207497418872831
2026-03-16,3459109.7899999972,13,0.5511702015101411
2026-03-17,3465199.189999997,13,0.5342627879351437
2026-03-18,3465685.979999997,18,0.7338279851886645
2026-03-19,3454339.2299999967,18,0.7329536682475746
2026-03-20,3484274.219999997,17,0.6929899564564129
2026-03-23,3412695.0699999966,12,0.4911823692469545
2026-03-24,3448539.5399999972,11,0.45737869660615854
2026-03-25,3441177.2799999975,13,0.5395278007879913
2026-03-27,3430832.1099999966,16,0.6576458764693099
2026-03-30,3409851.179999997,13,0.5307398048967057
2026-04-01,3454693.2499999963,16,0.6559090188398063
2026-04-02,3460650.849999997,17,0.6963954656101763
2026-04-06,3486619.759999997,20,0.8181979528504717
2026-04-07,3482183.199999997,24,0.9778374067165688
2026-04-08,3494193.179999996,24,0.9779135823280393
2026-04-09,3501235.9899999965,24,0.9810734237311445
2026-04-10,3539946.669999997,24,0.9812803931308951
2026-04-13,3578010.369999997,24,0.9850612981873508
2026-04-15,3668790.2199999965,24,0.9854309385942495
2026-04-16,3717778.569999997,24,0.985622911910002
2026-04-17,3753077.789999997,24,0.9857581342591898
2026-04-20,3739491.039999997,24,0.9857063890705307
2026-04-21,3744738.289999997,24,0.9857264177465398
2026-04-22,3797632.499999997,24,0.9859252231488969
2026-04-23,3818483.9799999967,24,0.9860020808572315
2026-04-24,3792674.759999996,24,0.9826231791096169
2026-04-27,3835651.7499999967,24,0.982817879647182
2026-04-28,3832243.6299999957,24,0.9828025991134607
2026-04-29,3879061.9299999974,24,0.9886236077700371
2026-04-30,3873807.6499999966,24,0.9857741439485265
2026-05-01,3873807.6499999966,24,0.9857741439485265
2026-05-04,3897745.1799999964,24,0.9903944900779796
2026-05-05,3892834.4199999967,24,0.9747415277940342
2026-05-06,3901814.4699999965,24,0.9795034718808666
2026-05-07,3951340.5099999965,24,0.9776999856689149
2026-05-08,3939465.3199999975,24,0.9838986271365382
2026-05-11,3903136.289999997,24,0.9944126983072895
2026-05-12,3808671.839999997,20,0.8281308268343756
2026-05-13,3853603.619999998,24,0.984780417037288
2026-05-14,3907540.2099999976,24,0.9849904961054778
2026-05-15,3884088.4499999974,24,0.9848998701355535
2026-05-18,3826385.869999997,24,0.9917697479893745
2026-05-19,3866978.089999998,24,0.9792256542110387
2026-05-20,3883823.249999997,24,0.9793157579969693
2026-05-21,3903460.669999997,24,0.9794198156990789
2026-05-22,3874732.2899999977,24,0.977564400971816
2026-05-25,3921663.6799999974,24,0.9842651218882703
2026-05-26,3929825.469999998,24,0.9898869707310444
2026-05-27,3926819.7299999967,24,0.9948098890702077
2026-05-28,3926819.7299999967,24,0.9948098890702077
2026-05-29,3949028.7099999967,24,0.9987604470973833
2026-06-01,3937906.6899999976,23,0.9687661136531406
2026-06-02,3966088.0399999972,23,0.9721660666917527
2026-06-03,3970385.9199999976,23,0.9736052131677928
2026-06-04,4036909.7299999967,23,0.9740401700783146
2026-06-05,4046114.149999996,23,0.974099225549532
2026-06-08,3986719.5199999968,22,0.9170610351841363
2026-06-09,4047944.6899999967,24,0.9982340074908491
2026-06-10,3993537.8699999973,24,0.9936009871868331
2026-06-11,3963377.429999997,21,0.8799503609223516
2026-06-12,3983488.6099999975,24,0.9996388994319235
2026-06-15,3991289.7899999977,24,0.998601406990296
2026-06-16,3987338.0399999972,23,0.9628689144199077
2026-06-17,4037562.529999997,23,0.9660280704061326
2026-06-18,4013180.7299999977,23,0.9637561824931823
2026-06-19,4063055.019999997,23,0.964201077936671
2026-06-22,4114133.529999998,23,0.9646455349736796
2026-06-23,4126786.909999998,23,0.9648362144291096
2026-06-24,4131036.579999997,23,0.9718217818347188
2026-06-25,4118608.5099999974,23,0.9681623418002413
2026-06-26,4118608.5099999974,23,0.9681623418002413
2026-06-29,4172605.239999997,23,0.9685743456526941
2026-06-30,4227519.519999997,23,0.9689825559930242
2026-07-01,4215977.279999997,23,0.9742518417936072
2026-07-02,4268833.249999998,23,0.9745706511258089
2026-07-03,4242363.0699999975,23,0.9690702450886653
2026-07-06,4284259.149999998,23,0.9676848983330064
2026-07-07,4250234.969999996,23,0.9736749542578825
2026-07-08,4205388.249999998,18,0.7707494926300805
2026-07-09,4248509.299999997,23,0.969629086136166
2026-07-10,4274558.749999998,23,0.9698141685384492
2026-07-13,4237453.839999996,24,0.9987170550511537
2026-07-14,4232457.129999997,24,0.9987155404454157
2026-07-15,4267123.469999998,24,0.9987259754637479
2026-07-16,4233122.599999997,23,0.9615057971625963
2026-07-17,4199183.489999997,23,0.9689480061277348
2026-07-20,4226945.609999998,23,0.9726864193078658
2026-07-21,4268826.709999996,23,0.9715049009333064
2026-07-22,4235859.759999997,23,0.9706909276902035
2026-07-23,4211300.219999997,23,0.9674549728492173
2026-07-24,4195579.589999997,24,0.9980438745532182
2026-07-27,4231107.919999997,23,0.9625877848088551
2026-07-28,4214767.119999997,23,0.9650447875753578
2026-07-29,4198386.459999997,24,0.9933158035194318
2026-07-30,4185982.739999997,24,0.99284673591368
2026-07-31,4205279.739999997,24,0.9900651936177741
2026-08-03,4278206.639999997,24,0.9902345436965623
2026-08-04,4313688.639999997,24,0.9903148689006918
2026-08-05,4366363.489999998,24,0.9894481437229136
2026-08-06,4361488.939999997,24,0.9894363506055348
2026-08-07,4387948.189999997,24,0.989352075736337
2026-08-10,4430070.789999997,24,0.9894533197741526
