ticker,reason,entry_date,entry_price,exit_date,exit_price,shares,hold_days,pnl_pct,pnl_rs
ANUP,hard_stop_20pct,2022-01-14,579.43,2022-01-24,463.55,105,7,-20.0,-12167.4
GVT&D,hard_stop_20pct,2022-01-17,139.18,2022-02-11,106.88,439,19,-23.21,-14179.7
MFSL,hard_stop_20pct,2022-01-12,1066.0,2022-02-15,834.0,56,24,-21.76,-12992.0
NEWGEN,hard_stop_20pct,2022-01-11,316.57,2022-02-23,249.79,190,31,-21.09,-12688.2
SPARC,hard_stop_20pct,2022-01-10,332.0,2022-02-25,261.9,180,34,-21.11,-12618.0
UPL,hard_stop_20pct,2022-01-11,782.2,2022-02-25,624.58,77,33,-20.15,-12136.74
AVANTIFEED,hard_stop_20pct,2022-01-13,570.15,2022-02-25,466.83,106,31,-18.12,-10951.92
EXIDEIND,hard_stop_20pct,2022-01-18,177.45,2022-02-25,141.78,347,28,-20.1,-12377.49
ASHAPURMIN,hard_stop_20pct,2022-01-18,122.16,2022-02-25,95.2,504,28,-22.07,-13587.84
STARCEMENT,signal_reversal,2022-01-10,101.33,2022-05-02,90.91,592,76,-10.28,-6168.64
EICHERMOT,signal_reversal,2022-01-06,2608.94,2022-05-11,2274.99,22,84,-12.8,-7346.9
GREAVESCOT,hard_stop_20pct,2022-01-10,169.92,2022-05-11,136.39,353,82,-19.73,-11836.09
REDINGTON,hard_stop_20pct,2022-01-11,145.45,2022-05-11,117.07,415,81,-19.51,-11777.7
SBILIFE,signal_reversal,2022-01-14,1247.36,2022-05-11,1071.01,48,78,-14.14,-8464.8
ALKEM,hard_stop_20pct,2022-01-11,3553.31,2022-05-12,2797.14,17,82,-21.28,-12854.89
MAPMYINDIA,hard_stop_20pct,2022-05-02,1456.39,2022-05-12,1149.29,42,8,-21.09,-12898.2
CMSINFO,signal_reversal,2022-05-13,222.21,2022-05-16,225.98,247,2,1.7,931.19
LUMAXTECH,signal_reversal,2022-01-11,170.63,2022-05-17,138.59,354,85,-18.78,-11342.16
NMDC,hard_stop_20pct,2022-02-11,32.82,2022-06-13,25.68,1794,82,-21.76,-12809.16
POLYCAB,hard_stop_20pct,2022-01-14,2612.78,2022-06-17,2063.83,23,105,-21.01,-12625.85
JKLAKSHMI,hard_stop_20pct,2022-05-23,473.98,2022-06-17,372.48,124,20,-21.41,-12586.0
360ONE,hard_stop_20pct,2022-01-17,374.48,2022-06-21,295.07,163,106,-21.21,-12943.83
COALINDIA,signal_reversal,2022-03-03,138.2,2022-06-23,131.42,392,77,-4.91,-2657.76
CIPLA,signal_reversal,2022-03-14,1002.69,2022-07-08,904.1,53,81,-9.83,-5225.27
COHANCE,signal_reversal,2022-01-14,533.02,2022-07-20,463.08,114,128,-13.12,-7973.16
CONCOR,signal_reversal,2022-01-17,651.23,2022-07-26,631.88,93,131,-2.97,-1799.55
SHARDACROP,signal_reversal,2022-01-13,350.09,2022-07-29,506.12,172,136,44.57,26837.16
LINDEINDIA,signal_reversal,2022-01-24,2816.03,2022-08-01,3638.91,20,130,29.22,16457.6
HCG,signal_reversal,2022-03-15,267.05,2022-08-02,267.7,202,97,0.24,131.3
VGUARD,signal_reversal,2022-05-31,229.88,2022-09-20,239.04,251,78,3.98,2299.16
BAYERCROP,signal_reversal,2022-01-13,4551.97,2022-09-22,4356.2,13,172,-4.3,-2545.01
CHENNPETRO,signal_reversal,2022-03-10,107.6,2022-09-28,194.75,498,138,80.99,43400.7
LLOYDSENGG,hard_stop_20pct,2022-07-29,14.99,2022-10-18,12.21,4024,54,-18.55,-11186.72
GNFC,hard_stop_20pct,2022-07-29,638.9,2022-11-21,501.07,94,76,-21.57,-12956.02
JKPAPER,signal_reversal,2022-03-15,258.24,2022-12-08,380.54,209,183,47.36,25560.7
KANSAINER,signal_reversal,2022-08-02,292.43,2022-12-12,282.9,213,89,-3.26,-2029.89
MAHSEAMLES,signal_reversal,2022-07-20,343.43,2022-12-20,312.09,174,104,-9.13,-5453.16
RAIN,signal_reversal,2022-08-01,178.35,2022-12-23,164.01,341,99,-8.04,-4889.94
TDPOWERSYS,signal_reversal,2022-05-16,82.15,2023-01-03,126.69,679,161,54.22,30242.66
MANYAVAR,signal_reversal,2022-06-28,944.2,2023-01-04,1292.19,59,131,36.86,20531.41
SYRMA,signal_reversal,2023-01-04,274.74,2023-01-11,268.79,236,6,-2.17,-1404.2
AWL,signal_reversal,2022-06-20,575.99,2023-01-12,580.87,96,143,0.85,468.48
TVSMOTOR,signal_reversal,2022-05-30,721.99,2023-02-07,1038.96,80,175,43.9,25357.6
DEEPAKFERT,signal_reversal,2022-01-07,405.98,2023-02-09,621.35,147,272,53.05,31659.39
MARUTI,signal_reversal,2022-06-28,8036.21,2023-02-16,8535.86,7,161,6.22,3497.55
SHAREINDIA,signal_reversal,2022-09-20,254.1,2023-02-20,232.66,255,106,-8.44,-5467.2
SMLMAH,hard_stop_20pct,2023-01-03,842.9,2023-02-28,669.22,77,40,-20.61,-13373.36
KIMS,signal_reversal,2022-09-28,275.93,2023-03-02,270.87,223,108,-1.83,-1128.38
ENDURANCE,signal_reversal,2022-07-01,1390.95,2023-03-09,1239.6,40,172,-10.88,-6054.0
FIEMIND,signal_reversal,2022-06-27,573.78,2023-03-10,788.64,97,177,37.45,20841.42
MFSL,hard_stop_20pct,2023-01-11,772.4,2023-03-21,617.2,82,48,-20.09,-12726.4
PRUDENT,signal_reversal,2022-09-27,597.45,2023-03-28,879.25,102,126,47.17,28743.6
GOKULAGRO,signal_reversal,2022-10-20,53.69,2023-03-28,51.8,1206,110,-3.52,-2279.34
AUBANK,signal_reversal,2022-01-12,652.0,2023-03-29,560.68,93,302,-14.01,-8492.76
GODREJCP,signal_reversal,2022-12-08,861.13,2023-03-29,912.28,77,78,5.94,3938.55
UJJIVANSFB,signal_reversal,2022-07-26,16.16,2023-04-03,24.12,3734,171,49.26,29722.64
FIVESTAR,signal_reversal,2023-03-28,535.69,2023-04-05,544.13,113,5,1.58,953.72
ACI,hard_stop_20pct,2023-03-28,649.41,2023-05-16,519.96,93,31,-19.93,-12038.85
PTC,signal_reversal,2022-11-22,59.4,2023-05-19,69.7,1077,122,17.34,11093.1
SHREECEM,signal_reversal,2023-02-21,26063.3,2023-06-15,25899.31,2,77,-0.63,-327.98
KIRLOSENG,signal_reversal,2023-03-09,385.6,2023-07-03,384.82,165,77,-0.2,-128.7
TRITURBINE,signal_reversal,2023-03-02,336.35,2023-08-30,382.68,187,122,13.77,8663.71
BRIGADE,signal_reversal,2023-02-09,370.92,2023-09-26,442.87,173,155,19.4,12447.35
AETHER,signal_reversal,2023-04-03,936.55,2023-10-13,950.7,66,132,1.51,933.9
ULTRACEMCO,signal_reversal,2023-04-05,7299.86,2023-10-20,8263.56,8,136,13.2,7709.6
ITC,signal_reversal,2022-03-15,192.71,2023-11-10,372.87,281,412,93.49,50624.96
ALIVUS,signal_reversal,2023-03-22,380.44,2023-11-21,621.89,160,164,63.47,38632.0
CARBORUNIV,signal_reversal,2023-02-07,989.66,2023-11-22,1086.76,64,195,9.81,6214.4
ASHOKLEY,signal_reversal,2023-05-16,69.89,2023-12-08,82.17,1022,142,17.57,12550.16
PRICOLLTD,signal_reversal,2022-12-20,215.27,2023-12-26,377.12,307,251,75.18,49687.95
TDPOWERSYS,signal_reversal,2023-01-06,144.88,2023-12-28,260.5,442,240,79.8,51104.04
LLOYDSENGG,signal_reversal,2022-12-12,13.98,2024-02-05,49.62,4699,284,254.94,167472.36
CRAFTSMAN,signal_reversal,2023-05-19,3551.43,2024-03-12,4046.31,20,202,13.93,9897.6
CGPOWER,signal_reversal,2023-01-12,297.04,2024-03-15,465.59,213,289,56.74,35901.15
CHOLAFIN,signal_reversal,2023-02-09,790.93,2024-04-12,1187.47,81,287,50.14,32119.74
SONACOMS,signal_reversal,2023-12-29,627.99,2024-05-02,637.35,180,82,1.49,1684.8
BANCOINDIA,signal_reversal,2022-05-31,65.35,2024-05-09,285.14,886,479,336.33,194733.94
PFOCUS,signal_reversal,2023-11-22,111.55,2024-05-28,100.7,957,124,-9.73,-10383.45
OLECTRA,signal_reversal,2023-11-21,1314.37,2024-06-19,1804.99,81,140,37.33,39740.22
SAMHI,signal_reversal,2024-02-05,207.0,2024-06-24,191.7,618,93,-7.39,-9455.4
ZAGGLE,signal_reversal,2024-02-05,228.0,2024-07-01,285.3,561,98,25.13,32145.3
SRF,signal_reversal,2023-08-30,2364.99,2024-07-19,2391.54,39,216,1.12,1035.45
APLAPOLLO,signal_reversal,2024-03-12,1587.44,2024-09-10,1409.1,79,122,-11.23,-14088.86
SCHAEFFLER,signal_reversal,2023-02-20,2873.35,2024-10-04,3820.96,22,398,32.98,20847.42
APOLLO,hard_stop_20pct,2024-07-19,125.23,2024-10-08,97.41,1407,56,-22.22,-39142.74
AZAD,signal_reversal,2024-05-13,1274.0,2024-10-11,1490.0,105,105,16.95,22680.0
CELLO,signal_reversal,2024-03-18,745.6,2024-10-23,839.15,163,148,12.55,15248.65
TITAGARH,signal_reversal,2024-05-02,1058.21,2024-10-25,1171.55,132,122,10.71,14960.88
FACT,signal_reversal,2024-06-19,882.77,2024-10-28,791.44,178,91,-10.35,-16256.74
RVNL,signal_reversal,2023-04-05,73.77,2024-11-07,471.05,846,393,538.54,336098.88
VOLTAMP,signal_reversal,2022-05-30,2076.0,2024-11-14,9690.97,27,610,366.81,205604.19
JBCHEPHARM,signal_reversal,2023-12-26,1587.38,2024-11-18,1654.47,71,221,4.23,4763.39
JPPOWER,hard_stop_20pct,2024-10-04,20.5,2024-11-22,16.33,9401,34,-20.34,-39202.17
IXIGO,signal_reversal,2024-10-24,150.0,2024-11-22,143.1,1346,20,-4.6,-9287.4
ZFCVINDIA,hard_stop_20pct,2024-05-28,2821.35,2024-11-28,2077.18,52,127,-26.38,-38696.84
EMCURE,signal_reversal,2024-11-18,1355.0,2025-01-08,1412.08,144,36,4.21,8219.52
RATEGAIN,hard_stop_20pct,2024-11-07,835.0,2025-01-15,669.9,245,47,-19.77,-40449.5
NTPC,signal_reversal,2023-03-10,164.14,2025-01-20,315.35,385,458,92.12,58215.85
WABAG,signal_reversal,2023-11-10,555.71,2025-02-05,1344.2,184,306,141.89,145082.16
EUREKAFORB,signal_reversal,2025-01-20,554.95,2025-02-06,556.05,362,15,0.2,398.2
BANCOINDIA,hard_stop_20pct,2024-11-19,463.98,2025-02-11,348.46,423,60,-24.9,-48864.96
EIHOTEL,hard_stop_20pct,2024-10-11,428.84,2025-02-13,340.35,468,88,-20.63,-41413.32
PRUDENT,signal_reversal,2023-07-03,987.59,2025-02-19,1999.83,79,406,102.5,79966.96
GODFRYPHLP,hard_stop_20pct,2025-02-18,2222.94,2025-02-28,1722.1,81,8,-22.53,-40568.04
WESTLIFE,hard_stop_20pct,2025-02-05,858.51,2025-03-03,681.87,229,18,-20.58,-40450.56
INDUSINDBK,hard_stop_20pct,2025-02-06,1060.38,2025-03-12,628.98,188,24,-40.68,-81103.2
LLOYDSENT,hard_stop_20pct,2025-02-21,50.63,2025-03-17,39.56,3553,15,-21.86,-39331.71
NEULANDLAB,signal_reversal,2023-04-05,1885.15,2025-03-25,11977.83,33,487,535.38,333058.44
SKYGOLD,signal_reversal,2023-09-26,31.75,2025-04-07,311.25,2938,377,880.31,821171.0
CRISIL,hard_stop_20pct,2024-10-29,5045.25,2025-04-08,4059.42,39,111,-19.54,-38447.37
KIRLPNU,hard_stop_20pct,2025-03-25,1357.22,2025-04-08,1100.56,133,10,-18.91,-34135.78
PERSISTENT,signal_reversal,2024-07-01,4180.84,2025-04-09,4474.75,39,195,7.03,11462.49
EIEL,signal_reversal,2025-04-08,210.84,2025-04-21,216.9,796,7,2.87,4823.76
POWERINDIA,signal_reversal,2023-10-20,4629.03,2025-04-24,13670.04,21,370,195.31,189861.21
VIJAYA,signal_reversal,2024-05-13,791.32,2025-05-06,1019.85,169,243,28.88,38621.57
SRF,signal_reversal,2025-01-10,2511.24,2025-06-02,2810.86,83,96,11.93,24868.46
ORIENTCEM,hard_stop_20pct,2025-04-16,357.07,2025-06-19,253.67,506,45,-28.96,-52320.4
INDHOTEL,signal_reversal,2024-11-22,780.22,2025-07-15,724.27,259,161,-7.17,-14491.05
CHOLAHLDNG,signal_reversal,2025-03-25,1798.79,2025-07-16,2067.94,100,77,14.96,26915.0
CHAMBLFERT,hard_stop_20pct,2025-04-16,640.7,2025-07-29,511.41,282,73,-20.18,-36459.78
KSCL,signal_reversal,2025-03-20,1164.99,2025-08-01,1102.81,152,92,-5.34,-9451.36
RAINBOW,signal_reversal,2025-04-09,1478.57,2025-08-01,1521.42,116,79,2.9,4970.6
MARICO,signal_reversal,2025-04-07,640.66,2025-08-05,726.73,271,83,13.43,23324.97
KITEX,hard_stop_20pct,2025-04-16,240.08,2025-08-07,179.73,753,80,-25.14,-45443.55
KAYNES,signal_reversal,2023-03-29,948.0,2025-08-08,6090.0,63,583,542.41,323946.0
TRITURBINE,hard_stop_20pct,2025-07-16,654.51,2025-08-08,516.37,305,18,-21.11,-42132.7
BALUFORGE,hard_stop_20pct,2025-06-02,735.83,2025-08-13,569.72,257,53,-22.57,-42690.27
GLAXO,signal_reversal,2025-02-19,2392.13,2025-09-24,2689.54,74,147,12.43,22008.34
TARC,signal_reversal,2025-04-07,134.35,2025-09-25,167.2,1293,118,24.45,42475.05
WIPRO,signal_reversal,2025-06-23,249.54,2025-10-09,235.16,755,76,-5.76,-10856.9
NH,signal_reversal,2025-03-04,1532.98,2025-10-17,1768.08,111,155,15.34,26096.1
TARIL,hard_stop_20pct,2025-08-05,563.0,2025-11-03,445.6,343,61,-20.85,-40268.2
INDIASHLTR,signal_reversal,2025-03-04,729.14,2025-11-11,840.91,235,170,15.33,26265.95
SHREECEM,signal_reversal,2024-12-03,26539.57,2025-11-12,27174.37,7,235,2.39,4443.6
RAMCOCEM,signal_reversal,2024-11-26,971.17,2025-11-13,1005.7,215,241,3.56,7423.95
BOSCHLTD,signal_reversal,2025-05-06,29870.35,2025-11-26,35690.14,6,142,19.48,34918.74
EIHOTEL,signal_reversal,2025-08-14,406.41,2025-12-04,375.15,464,76,-7.69,-14504.64
SARDAEN,signal_reversal,2025-08-05,516.7,2025-12-19,512.9,374,94,-0.74,-1421.2
NUVOCO,signal_reversal,2025-07-18,410.0,2025-12-24,362.65,485,109,-11.55,-22964.75
WELCORP,hard_stop_20pct,2025-11-03,966.79,2026-01-09,763.32,213,48,-21.05,-43339.11
LLOYDSENT,hard_stop_20pct,2025-12-23,74.15,2026-01-16,59.36,2673,18,-19.95,-39533.67
PGIL,hard_stop_20pct,2025-11-13,1788.88,2026-01-21,1377.6,115,49,-22.99,-47297.2
SAFARI,hard_stop_20pct,2025-11-26,2469.86,2026-01-21,1962.59,80,40,-20.54,-40581.6
BANCOINDIA,signal_reversal,2025-04-24,399.31,2026-01-23,568.6,464,190,42.4,78550.56
AVALON,hard_stop_20pct,2025-09-24,1013.0,2026-01-27,800.15,193,85,-21.01,-41080.05
LLOYDSME,hard_stop_20pct,2025-12-24,1390.57,2026-01-28,1100.04,141,24,-20.89,-40964.73
BLACKBUCK,signal_reversal,2025-08-07,563.7,2026-02-10,627.95,333,127,11.4,21395.25
BHARTIARTL,signal_reversal,2025-04-21,1859.26,2026-02-17,2002.79,98,209,7.72,14065.94
PIIND,hard_stop_20pct,2025-11-11,3799.99,2026-02-17,3052.11,54,69,-19.68,-40385.52
PVRINOX,signal_reversal,2025-08-12,1075.2,2026-02-18,1041.95,174,130,-3.09,-5785.5
HBLENGINE,signal_reversal,2025-08-12,690.41,2026-02-26,710.8,271,136,2.95,5525.69
CARTRADE,signal_reversal,2024-11-07,1200.1,2026-03-06,1778.3,170,330,48.18,98294.0
PRIVISCL,signal_reversal,2025-10-17,2732.33,2026-03-09,2869.95,74,97,5.04,10183.88
INDIACEM,hard_stop_20pct,2026-01-09,470.0,2026-03-10,372.0,412,41,-20.85,-40376.0
SIGNATURE,hard_stop_20pct,2026-02-17,1085.0,2026-03-12,845.0,168,17,-22.12,-40320.0
INDIAGLYCO,signal_reversal,2025-04-16,678.66,2026-03-13,877.13,266,228,29.24,52793.02
HOMEFIRST,hard_stop_20pct,2026-01-28,1236.22,2026-03-16,978.23,144,33,-20.87,-37150.56
ENGINERSIN,hard_stop_20pct,2026-02-17,229.46,2026-03-24,188.0,794,25,-18.07,-32919.24
BSOFT,hard_stop_20pct,2025-12-04,415.86,2026-03-30,326.18,477,79,-21.56,-42777.36
SOLARINDS,hard_stop_20pct,2026-03-09,15241.0,2026-04-01,12412.67,11,16,-18.56,-31111.63
SANDUMA,signal_reversal,2025-09-25,169.8,2026-05-01,210.61,1154,147,24.03,47094.74
UBL,hard_stop_20pct,2026-03-09,1710.93,2026-05-18,1357.84,104,47,-20.64,-36721.36
BEL,signal_reversal,2026-01-29,452.32,2026-05-21,420.0,400,76,-7.15,-12928.0
OIL,signal_reversal,2026-01-15,451.1,2026-05-25,492.5,423,87,9.18,17512.2
ULTRACEMCO,signal_reversal,2026-01-29,12502.8,2026-06-02,10919.12,14,84,-12.67,-22171.52
JINDALSTEL,signal_reversal,2026-01-30,1141.8,2026-06-19,1131.9,161,96,-0.87,-1593.9
MEDPLUS,hard_stop_20pct,2026-05-18,942.0,2026-07-23,717.15,206,49,-23.87,-46319.1
DMART,signal_reversal,2026-04-02,4228.4,2026-08-04,4023.0,39,87,-4.86,-8010.6
NTPC,signal_reversal,2025-09-25,343.76,2026-08-11,339.6,570,219,-1.21,-2371.2
NTPCGREEN,signal_reversal,2026-03-13,98.3,2026-08-11,91.85,1790,104,-6.56,-11545.5
MCX,open_at_backtest_end,2025-04-24,1227.31,2026-08-11,2759.3,151,326,124.83,231330.49
ACUTAAS,open_at_backtest_end,2025-08-01,1350.52,2026-08-11,3282.0,143,256,143.02,276201.64
BHARATFORG,open_at_backtest_end,2025-11-12,1404.13,2026-08-11,2093.1,145,188,49.07,99900.65
JINDALSAW,open_at_backtest_end,2026-01-22,189.73,2026-08-11,271.4,937,138,43.05,76524.79
AMBER,open_at_backtest_end,2026-02-10,7299.0,2026-08-11,7095.0,25,126,-2.79,-5100.0
CGPOWER,open_at_backtest_end,2026-02-19,710.65,2026-08-11,879.0,257,119,23.69,43265.95
POLYCAB,open_at_backtest_end,2026-02-26,8309.07,2026-08-11,9218.0,22,114,10.94,19996.46
ASTERDM,open_at_backtest_end,2026-03-09,666.43,2026-08-11,869.7,268,108,30.5,54476.36
GLENMARK,open_at_backtest_end,2026-03-12,2273.2,2026-08-11,2251.3,77,105,-0.96,-1686.3
AUROPHARMA,open_at_backtest_end,2026-03-13,1304.3,2026-08-11,1648.0,134,104,26.35,46055.8
PIRAMALFIN,open_at_backtest_end,2026-03-17,1779.9,2026-08-11,2109.7,95,102,18.53,31331.0
UTLSOLAR,open_at_backtest_end,2026-04-01,202.56,2026-08-11,389.95,825,93,92.51,154596.75
CEMPRO,open_at_backtest_end,2026-05-01,813.17,2026-08-11,1208.1,232,73,48.57,91623.76
VIYASH,open_at_backtest_end,2026-05-21,256.8,2026-08-11,273.65,749,59,6.56,12620.65
SUPRIYA,open_at_backtest_end,2026-05-25,775.8,2026-08-11,923.45,246,57,19.03,36321.9
NSLNISP,open_at_backtest_end,2026-06-02,50.7,2026-08-11,44.67,3846,51,-11.89,-23191.38
NYKAA,open_at_backtest_end,2026-06-19,299.2,2026-08-11,323.7,661,38,8.19,16194.5
ASKAUTOLTD,open_at_backtest_end,2026-07-27,512.13,2026-08-11,655.6,387,12,28.01,55522.89
APLAPOLLO,open_at_backtest_end,2026-08-11,2027.0,2026-08-11,2027.0,100,1,0.0,0.0
M&M,open_at_backtest_end,2026-08-11,3505.4,2026-08-11,3505.4,57,1,0.0,0.0
