ticker,close,rsi,roc_12m_pct
UTLSOLAR,423.85,69.8,
GMMPFAUDLR,1048.25,83.7,-19.8
GRWRHITECH,7088.5,53.0,149.0
GOKEX,783.65,44.5,11.7
GOKULAGRO,231.65,59.5,47.5
GREAVESCOT,194.37,36.0,-8.4
GAEL,172.81,57.9,67.3
GNFC,568.95,69.8,17.0
HAPPSTMNDS,420.2,67.8,-26.4
HCG,714.3,63.2,6.4
HEMIPROP,132.34,38.2,-2.0
HERITGFOOD,358.0,66.0,-23.3
HCC,19.82,29.7,-22.3
IFBIND,1383.6,55.7,8.0
IIFLCAPS,335.2,44.4,11.4
INOXINDIA,1943.0,51.9,74.7
INDIAGLYCO,1061.1,40.5,25.4
INDIGOPNTS,1148.7,64.3,4.8
ICIL,378.4,36.5,57.8
INOXGREEN,187.07,51.7,17.9
IONEXCHANG,372.95,36.6,-16.5
JKPAPER,379.9,48.7,9.1
JAIBALAJI,70.6,63.6,-32.2
JSFB,577.75,62.6,25.5
JAYNECOIND,88.93,48.0,48.2
JLHL,315.75,54.3,11.4
JUSTDIAL,681.0,49.7,-18.1
JYOTHYLAB,199.36,45.6,-38.4
KNRCON,132.43,53.4,-34.3
KPIGREEN,319.0,15.9,-38.0
KRN,1468.3,77.4,62.9
KSB,801.25,36.0,1.9
KANSAINER,204.75,48.9,-11.0
KTKBANK,309.65,65.1,84.9
KSCL,779.95,38.7,-28.6
KIRLOSBROS,1905.5,51.0,1.8
KIRLPNU,1524.7,45.4,17.1
LXCHEM,176.05,51.0,-3.3
IXIGO,174.03,38.7,-31.0
LLOYDSENGG,93.53,56.6,38.5
LLOYDSENT,76.49,44.9,7.0
LUMAXTECH,2025.7,78.0,94.8
MSTCLTD,623.4,54.4,34.8
MTARTECH,7056.0,58.1,381.9
MANORAMA,1737.1,64.2,28.7
MARKSANS,333.0,76.3,78.3
MASTEK,1832.2,57.5,-26.4
MEDPLUS,668.95,27.3,-19.3
METROPOLIS,545.5,41.5,4.7
MIDHANI,416.7,50.2,7.9
BECTORFOOD,240.37,72.5,-15.7
NEOGEN,2204.9,60.3,52.5
NESCO,1038.0,40.8,-23.5
NAZARA,355.9,78.3,0.2
OPTIEMUS,561.1,47.4,-1.2
ACI,503.3,38.6,-19.2
IDEA,14.11,65.2,118.1
PCJEWELLER,9.64,50.9,-28.1
YESBANK,22.67,41.1,21.1
CCAVENUE,15.43,39.6,2.7
JPPOWER,17.39,44.9,-7.9
SOUTHBANK,45.74,48.9,56.8
NSLNISP,44.5,54.3,24.1
UCOBANK,26.0,44.6,-6.7
UJJIVANSFB,72.47,63.6,67.9
IFCI,76.94,55.9,45.8
RTNINDIA,30.05,36.0,-40.6
MAHABANK,80.12,47.8,48.3
TTML,38.59,36.5,-34.7
IDFCFIRSTB,85.69,61.8,24.4
RBA,99.08,78.7,26.5
OLAELEC,38.73,45.0,-2.7
NIVABUPA,82.72,35.5,3.9
GMRAIRPORT,101.51,31.9,15.0
IDBI,82.45,44.1,-6.7
NBCC,89.0,29.0,-16.0
PNB,118.0,69.0,13.9
J&KBANK,155.48,41.7,51.5
HFCL,223.11,59.8,210.3
MOTHERSON,168.3,72.5,87.4
ZEEL,102.28,51.5,-7.8
CANHLIFE,148.71,52.5,
PWL,117.12,36.5,
JSWCEMENT,130.02,40.7,
ABLBL,88.77,31.4,-33.7
AEQUS,249.64,59.7,
SAIL,169.51,48.3,40.5
WELSPUNLIV,164.06,53.1,44.3
WEBELSOLAR,85.1,30.0,-40.2
URBANCO,144.39,62.5,
BANDHANBNK,173.05,40.5,5.7
SAMMAANCAP,152.39,35.7,27.5
RAIN,208.69,46.8,34.4
DEVYANI,143.76,74.2,-6.3
PTC,161.47,49.4,-0.6
ADANIPOWER,205.25,37.0,73.5
CESC,167.83,56.7,5.3
UNIONBANK,187.38,70.0,42.3
GROWW,196.17,49.1,
LOTUSDEV,172.45,50.1,-12.3
ASHOKLEY,171.64,58.1,47.2
CGCL,226.52,44.6,24.1
BELRISE,255.35,64.4,91.3
NIACL,179.08,53.5,-1.4
DBREALTY,111.91,44.8,-39.7
PARKHOSPS,281.35,47.8,
THOMASCOOK,105.88,52.5,-32.7
SPARC,197.98,34.4,39.5
PARADEEP,147.85,55.7,-29.6
TEXRAIL,104.85,38.4,-25.0
MEESHO,191.16,54.5,
CASTROLIND,186.82,66.9,-5.3
SAMHI,163.37,39.9,-25.3
V2RETAIL,216.4,42.3,25.0
ENGINERSIN,243.68,58.3,23.3
TIMETECHNO,193.27,41.9,-12.0
VIYASH,255.65,43.4,46.7
ITCHOTELS,164.93,45.1,-27.1
HUDCO,188.49,36.0,-6.7
STLTECH,647.75,63.1,416.1
SANDUMA,198.01,39.4,27.0
EMMVEE,321.5,47.7,
PPLPHARMA,206.64,63.7,9.1
NYKAA,331.0,56.3,61.7
AEGISVOPAK,269.1,44.7,9.1
FEDERALBNK,351.3,53.6,81.0
NLCINDIA,275.4,31.5,17.0
CUB,208.64,46.1,34.6
SCI,292.25,49.7,50.1
RITES,221.06,50.5,-8.3
RELIGARE,234.75,38.5,-7.8
NCC,140.65,47.7,-35.3
BHEL,421.7,58.9,89.8
ACMESOLAR,374.1,53.7,31.0
SHAREINDIA,174.47,54.2,8.8
MANAPPURAM,348.0,48.4,38.3
LTF,306.3,45.7,56.5
REDINGTON,334.05,61.7,44.8
VAIBHAVGBL,228.3,34.9,6.5
RBLBANK,385.0,58.9,52.9
KARURVYSYA,331.75,54.1,55.3
JSWINFRA,339.15,56.5,14.3
APOLLO,393.55,49.4,109.9
JIOFIN,249.05,50.6,-23.7
HONASA,502.8,74.4,88.8
SURYAROSNI,222.98,30.4,-28.2
PNCINFRA,217.92,39.6,-28.8
PFOCUS,269.6,45.5,78.1
ETERNAL,318.5,65.0,4.1
SAPPHIRE,234.72,73.6,-27.3
APTUS,250.5,32.0,-26.1
TATACAP,364.2,53.9,
ABCAPITAL,401.0,48.5,49.6
ADVENZYMES,304.3,41.3,1.9
M&MFIN,390.1,58.3,55.2
FSL,267.1,45.0,-25.6
CROMPTON,248.3,41.7,-20.8
BIOCON,417.0,42.3,17.6
STYL,408.3,63.6,
NATIONALUM,376.0,52.5,110.7
PURVA,218.21,54.1,-15.7
VGUARD,326.75,64.2,-9.5
KOTAKBANK,391.15,51.1,0.0
JAINREC,293.4,29.4,
THELEELA,510.05,59.5,19.3
EXIDEIND,476.1,63.0,27.1
NUVOCO,331.55,44.4,-26.4
USHAMART,487.95,42.7,40.4
DELHIVERY,459.7,41.3,-0.8
AARTIIND,534.1,68.9,43.9
SKYGOLD,773.4,66.6,183.0
PCBL,309.8,45.6,-17.2
SHILPAMED,822.0,80.4,89.2
TMPV,334.5,43.4,-48.4
TRIVENI,266.42,40.6,-20.8
TMCV,474.3,71.9,
BLS,278.12,75.5,-26.8
LTFOODS,419.8,62.7,-7.6
SWSOLAR,202.01,37.0,-27.0
STARHEALTH,585.15,51.3,31.5
ZYDUSWELL,510.3,38.5,31.7
TI,568.75,84.9,15.5
THYROCARE,624.05,61.0,41.2
AADHARHFC,498.2,45.7,-1.6
POONAWALLA,497.9,61.7,11.4
AARTIDRUGS,416.35,52.3,-14.5
APOLLOTYRE,444.1,59.6,0.7
LENSKART,611.85,76.4,
VTL,590.6,39.6,49.5
REFEX,297.25,41.4,-26.7
ASKAUTOLTD,644.7,69.7,37.2
SAREGAMA,527.3,55.2,9.6
SENCO,341.85,37.5,1.6
HSCL,781.05,61.3,66.7
TENNIND,538.25,41.8,
AVL,624.65,50.6,48.6
BERGEPAINT,545.1,60.1,2.2
MINDACORP,720.05,56.4,57.3
BALRAMCHIN,624.85,54.4,12.3
HEG,701.0,72.4,39.5
SKIPPER,525.35,46.4,2.4
LICHSGFIN,500.0,32.9,-11.2
WEWORK,708.5,48.0,
WELENT,561.7,37.2,26.7
VBL,435.0,36.8,-15.1
SUMICHEM,564.95,64.9,-4.7
GRANULES,858.4,54.2,95.3
ELGIEQUIP,609.5,62.1,18.1
IIFL,631.15,69.3,41.5
AKUMS,726.6,61.2,52.0
VARROC,847.9,84.4,62.7
PRICOLLTD,792.05,74.2,91.0
SONATSOFTW,325.9,56.9,-10.5
ABDL,599.45,43.1,23.7
RELAXO,396.25,45.9,-8.5
INDGN,555.8,60.7,-2.8
CONCOR,527.0,62.5,-0.9
JSWENERGY,560.0,50.3,5.4
SONACOMS,792.0,65.3,81.0
TSFINV,415.45,36.5,-10.3
BORORENEW,577.05,51.0,-1.7
BBOX,795.85,48.3,60.3
ELECON,432.35,40.0,-20.4
TMB,849.4,54.2,101.4
NAVA,572.65,48.2,-6.6
ASTERDM,822.35,50.6,37.0
HINDZINC,561.9,50.7,35.1
RATEGAIN,942.6,53.9,97.7
PICCADIL,641.9,37.0,6.7
HINDCOPPER,529.05,57.0,122.6
BLUESTONE,845.25,62.9,
JUBLFOOD,504.1,70.2,-20.1
PNGJL,610.7,44.6,5.2
SUDEEPPHRM,1105.55,77.5,
AWFIS,266.55,36.4,-53.6
KALYANKJIL,608.25,63.2,16.7
KIMS,809.1,52.7,10.0
CGPOWER,890.15,51.3,35.5
SUPRIYA,791.65,36.5,19.7
MARICO,865.2,54.8,23.4
ATGL,654.05,39.0,6.9
YATHARTH,844.7,48.6,19.1
TRITURBINE,592.4,40.2,15.8
BALUFORGE,493.75,64.7,-13.9
FIVESTAR,550.2,54.5,-3.9
PRAJIND,335.25,56.1,-18.0
CHOICEIN,804.35,49.4,5.1
CELLO,377.6,55.8,-33.5
BAJAJELEC,362.4,60.7,-36.4
JUBLINGREA,736.95,53.4,6.5
HDBFS,686.95,45.5,-7.0
ANTHEM,890.1,73.5,20.0
WESTLIFE,582.9,65.3,-14.0
JBMA,622.95,34.3,3.8
SPLPETRO,726.55,53.9,1.1
INDHOTEL,720.0,44.2,-3.2
HEXT,569.85,53.8,-16.5
DLF,665.0,55.9,-11.1
RUBICON,1619.1,64.1,
ASHAPURMIN,603.45,32.8,11.4
ATHERENERG,1511.5,70.0,276.8
CEMPRO,1298.8,44.9,71.6
ANANTRAJ,629.95,63.4,17.6
TATATECH,867.9,68.8,33.7
AEGISLOG,1265.4,48.2,79.8
AARTIPHARM,851.2,70.6,-0.1
SYRMA,1465.2,59.2,118.0
LICI,413.5,49.3,-7.6
RKFORGE,732.6,73.3,25.5
SHYAMMETL,999.6,49.0,6.0
TDPOWERSYS,1484.6,73.7,201.2
ARVIND,571.85,62.6,95.4
BLUEJET,584.5,51.3,-24.6
HDFCBANK,727.0,33.9,-25.0
VMART,807.5,59.7,6.9
PGEL,601.0,51.3,16.7
SCHNEIDER,1369.2,51.0,62.2
SFL,699.95,41.2,5.6
HINDALCO,1029.5,55.8,55.1
ZYDUSLIFE,1135.2,50.7,18.9
CAMS,762.25,41.9,2.9
FACT,807.7,35.4,-14.7
SAILIFE,1449.9,70.1,65.4
WELCORP,1873.3,74.0,114.4
INDUSINDBK,1020.8,54.5,30.6
MOTILALOFS,903.7,52.0,-0.0
BAJFINANCE,1087.0,53.8,28.2
CHENNPETRO,1321.9,59.2,110.4
HBLENGINE,678.5,33.4,-1.6
APLLTD,831.25,58.0,-11.0
SHRIRAMFIN,1122.0,60.4,85.5
PNBHOUSING,1150.5,62.7,51.1
LAURUSLABS,1787.3,61.6,115.5
TATACHEM,670.65,41.5,-28.0
CCL,1133.4,41.9,31.6
ASTRAMICRO,1739.3,49.7,77.5
SUBROS,758.25,37.0,-3.5
QPOWER,1249.3,59.6,51.7
TATACONSUM,1079.5,46.4,4.0
AETHER,1625.1,67.0,121.0
INTELLECT,700.6,39.4,-24.1
SBIN,1067.7,56.2,32.5
JUBLPHARMA,865.8,29.6,-21.1
ALIVUS,1386.7,73.5,50.3
VIJAYA,1474.1,63.9,40.7
AVALON,1940.8,62.0,119.8
ADANIENSOL,1616.0,47.3,105.4
JSWSTEEL,1270.0,49.6,21.9
MAXHEALTH,1008.6,31.2,-19.8
KPRMILL,1110.0,56.0,16.7
KAJARIACER,1253.4,62.9,0.7
BRIGADE,591.55,60.1,-18.5
GABRIEL,1459.0,55.2,37.8
ADANIGREEN,1348.0,38.2,44.8
FINCABLES,1246.85,72.2,49.1
NESTLEIND,1499.1,53.8,38.8
TITAGARH,831.35,46.0,4.1
KPIL,1352.2,56.0,10.1
TEJASNET,538.5,52.2,-2.3
GODREJIND,1252.5,44.2,14.3
UNOMINDA,1240.0,61.2,16.2
PAYTM,1603.0,75.9,43.1
PREMIERENE,1017.3,43.9,0.1
ATLANTAELE,1680.8,54.3,
AUROPHARMA,1622.1,55.6,54.1
TRAVELFOOD,1364.9,55.2,18.0
DRREDDY,1200.0,49.4,-1.0
AXISBANK,1217.4,36.1,13.9
MEDANTA,1422.6,55.9,2.6
MANYAVAR,528.75,82.1,-28.5
JYOTICNC,826.9,55.3,-7.1
DCMSHRIRAM,1024.7,50.7,-24.3
UTIAMC,908.05,47.9,-29.3
CARBORUNIV,1151.6,58.8,36.2
BATAINDIA,755.7,68.4,-32.6
CREDITACC,1549.4,54.3,19.0
HOMEFIRST,1176.5,46.8,-7.8
ROUTE,505.25,35.9,-40.3
ICICIBANK,1417.0,50.2,0.5
NATCOPHARM,903.15,42.7,2.3
BIRLACORPN,904.9,42.5,-28.4
LODHA,1243.9,61.4,3.1
SUDARSCHEM,1118.1,61.5,-22.6
MGL,1138.7,56.1,-12.8
CLEAN,821.5,63.8,-28.7
ACE,1085.6,55.5,15.3
RRKABEL,2785.6,67.4,131.4
ADANIPORTS,1700.0,42.5,28.3
PVRINOX,1174.0,66.5,7.7
PIDILITIND,1693.0,64.9,10.0
KIRLOSENG,2100.1,42.9,131.1
LLOYDSME,1918.6,47.2,39.0
CORONA,2137.1,60.1,
NUVAMA,1670.1,40.0,24.2
CIPLA,1450.0,50.7,-3.8
OLECTRA,1316.9,40.6,-8.1
RAINBOW,1461.8,43.3,-2.6
UNITDSPR,1536.0,65.1,19.8
LGEINDIA,1729.7,74.0,
TECHNOE,968.4,39.5,-28.7
SOBHA,1328.2,37.2,-11.9
LALPATHLAB,1916.3,64.1,18.9
DEEPAKFERT,1496.4,42.9,4.1
IPCALAB,1734.2,48.6,30.2
NEWGEN,535.15,50.4,-37.2
HAVELLS,1298.0,67.2,-10.7
TBOTEK,1633.3,62.2,13.0
TECHM,1632.8,62.5,12.2
NAUKRI,1343.0,69.2,2.4
CHOLAFIN,1894.4,57.6,30.7
WOCKPHARMA,1932.7,51.3,27.5
ASTRAL,1556.3,66.1,23.1
AXISCADES,1484.8,37.2,22.8
PRESTIGE,1592.5,47.8,-2.1
SUNPHARMA,1930.0,47.2,20.1
PIRAMALFIN,2057.7,44.8,
AZAD,2717.8,70.9,84.9
WABAG,1904.6,44.4,24.4
PGIL,2474.6,75.2,93.6
BHARATFORG,2065.0,41.2,77.9
PHOENIXLTD,1890.0,40.3,33.6
WHIRLPOOL,778.9,42.9,-37.1
CDSL,1344.4,51.6,-12.0
TATACOMM,1718.1,37.7,6.6
COFORGE,1812.0,70.3,12.5
HCLTECH,1360.0,67.1,-5.2
BALAMINES,2133.8,49.7,39.2
MAPMYINDIA,989.7,41.8,-45.2
GLAND,2970.2,78.1,56.0
TEGA,1703.8,63.2,-6.1
JBCHEPHARM,2408.9,61.1,45.1
IKS,1840.0,54.9,15.8
AFFLE,1668.8,58.6,-15.7
CHOLAHLDNG,1597.2,52.5,-13.8
BAJAJFINSV,2008.3,57.5,5.3
ONESOURCE,1559.2,42.4,-17.9
POLICYBZR,1741.0,66.6,-6.4
AAVAS,1397.4,46.8,-19.1
CPPLUS,3519.0,47.4,231.6
GLENMARK,2318.4,61.3,12.9
APLAPOLLO,2083.3,73.3,32.1
OBEROIRLTY,1846.0,55.3,15.2
CONCORDBIO,1451.3,67.7,-10.9
COCHINSHIP,1496.5,59.2,-9.7
BEML,1874.4,58.8,-4.0
LUPIN,2235.0,30.2,15.8
SANSERA,3924.6,69.6,208.5
ALKYLAMINE,1916.9,56.7,-7.0
GRAVITA,1794.3,57.5,0.7
ECLERX,1897.0,59.1,-7.3
ACUTAAS,3235.6,46.7,148.4
ZENTEC,1857.2,62.8,32.6
ADANIENT,3035.1,49.8,32.7
CAPLIPOINT,2480.5,45.0,18.1
SKFINDUS,2664.7,46.3,
INDIAMART,1789.9,43.3,-27.0
SHAILY,3365.0,65.0,91.6
DEEPAKNTR,1723.2,53.5,-6.2
HYUNDAI,2199.0,65.2,0.7
MCX,2911.5,58.9,78.6
ABREL,1402.9,51.8,-22.7
BALKRISIND,2363.6,54.6,-1.5
GRASIM,3248.7,54.9,18.9
POLYMED,1786.2,58.3,-6.9
MANKIND,2425.2,43.2,-0.5
GODREJPROP,1990.0,44.6,2.6
ENDURANCE,2899.0,58.2,16.0
PRUDENT,3257.1,56.6,23.0
AJANTPHARM,3672.8,72.2,41.5
CARTRADE,2797.8,53.6,19.7
POWERMECH,2455.2,39.6,-20.5
RADICO,4650.0,74.7,63.2
PRIVISCL,3482.2,38.6,38.4
GLAXO,2688.8,69.0,6.5
DATAPATTNS,4455.8,51.5,76.8
BSE,3447.0,39.4,45.9
ENRIN,3536.3,56.9,12.5
ANANDRATHI,2174.7,68.0,58.5
GODFRYPHLP,2149.0,48.1,-31.3
SHRIPISTON,4492.4,61.9,84.3
ANUP,1852.8,31.3,-19.7
M&M,3428.3,60.1,7.0
ESCORTS,3113.7,63.4,-6.4
TVSMOTOR,4307.0,63.8,45.8
AIAENG,4482.8,40.6,45.9
GVT&D,4350.0,46.7,55.7
SIEMENS,3940.0,62.4,27.1
THANGAMAYL,5427.0,45.3,175.2
CEATLTD,3688.8,57.1,19.5
TCS,2361.0,53.2,-19.0
NETWEB,5007.2,61.9,139.6
TORNTPHARM,4833.0,45.4,34.5
FLUOROCHEM,4737.8,67.0,38.0
TITAN,5056.2,68.5,45.5
THERMAX,4044.9,37.6,24.1
HAL,5029.9,75.0,15.6
SMLMAH,5134.5,57.8,31.2
CUMMINSIND,5400.0,45.4,45.5
KEI,5700.0,68.7,51.6
SUNDARMFIN,4470.5,45.7,0.2
PFIZER,4874.8,58.6,-2.1
INDIGO,5310.0,53.3,-9.5
HEROMOTOCO,5790.0,71.1,28.9
NAVINFLUOR,8235.0,59.0,71.1
CRISIL,4475.9,56.4,-11.2
LTM,4715.0,65.2,-6.1
DIVISLAB,8477.0,72.4,42.1
TRENT,2978.0,47.6,-44.4
LINDEINDIA,6696.0,39.9,7.8
KAYNES,3660.2,54.0,-37.0
ATUL,6729.0,54.5,4.8
BLUEDART,5141.0,54.2,-13.4
CERA,5872.0,37.8,-7.0
APOLLOHOSP,8920.5,54.7,23.7
CRAFTSMAN,10251.0,59.4,57.4
EICHERMOT,8066.5,66.5,44.1
AMBER,7222.0,43.7,5.5
POLYCAB,9240.0,51.1,36.5
BAJAJ-AUTO,11700.0,66.6,44.8
VOLTAMP,10141.0,60.8,28.4
APARINDS,16691.0,61.4,89.4
OFSS,11828.0,59.6,45.1
ULTRACEMCO,11619.0,46.1,-4.8
BAJAJHLDNG,11475.0,63.2,-15.4
SOLARINDS,19969.0,67.0,34.2
NEULANDLAB,23320.0,72.6,80.0
DIXON,14130.0,57.4,-10.7
PTCIL,19050.0,64.1,33.6
POWERINDIA,35700.0,62.1,72.6
ABBOTINDIA,27060.0,44.7,-14.9
3MINDIA,35340.0,51.1,13.4
BOSCHLTD,47100.0,79.0,22.5
HONAUT,37205.0,43.0,3.1
PAGEIND,36750.0,30.0,-16.9
CUPID,293.88,84.8,788.4
DATAMATICS,866.25,57.2,-17.7
DIACABS,368.5,80.6,145.9
AGARWALEYE,506.5,52.0,14.0
DYNAMATECH,11188.0,59.3,66.2
EDELWEISS,121.98,55.8,30.8
EMIL,189.44,81.8,55.3
ELLEN,332.6,71.4,-34.3
EMBDL,61.62,46.9,-34.2
ENTERO,1416.6,69.3,19.5
EIEL,196.73,32.9,-18.8
EQUITASBNK,74.52,44.7,35.7
ETHOSLTD,2747.4,54.9,-1.1
FIEMIND,2350.4,47.8,32.1
FINPIPE,159.24,39.4,-14.3
