TYPE,REASON,TICKER,NAME,ENTRY_DATE,EXIT_DATE,ENTRY_PRICE,EXIT_PRICE,SHARES,NET_PNL,REGIME
BUY,NEW BUY (rank=2),SETFNN50,SETFNN50,2017-09-11,,295.35,,686.8486,,BULL
BUY,NEW BUY (rank=4),BANKBEES,BANKBEES,2017-09-11,,250.35,,810.3085,,BULL
BUY,NEW BUY (rank=13),SETFGOLD,SETFGOLD,2017-09-11,,27.59,,7352.691,,BULL
BUY,NEW BUY (rank=16),MIDSELIETF,MIDSELIETF,2017-09-11,,7.05,,28774.5738,,BULL
BUY,NEW BUY (rank=1),NIFTY1,NIFTY1,2017-09-11,,100.99,,2008.7211,,BULL
SELL,Regime slot reduction / sector cap / rank cut,SETFGOLD,SETFGOLD,2017-09-11,2017-10-02,27.59,27.11,7352.691,-3549.29,PARTIAL
SELL,TSL 5.7% >= 5%,SETFNN50,SETFNN50,2017-09-11,2017-10-02,295.35,281.0,686.8486,-9876.28,PARTIAL
BUY,NEW BUY (rank=2),LICNETFSEN,LICNETFSEN,2017-10-09,,356.0,,560.5268,,BULL
BUY,NEW BUY (rank=4),HNGSNGBEES,HNGSNGBEES,2017-10-09,,280.45,,711.5263,,BULL
SELL,Rank 48 > 40,NIFTY1,NIFTY1,2017-09-11,2017-10-30,100.99,100.99,2008.7211,-20.0,BULL
BUY,NEW BUY (rank=1),QNIFTY,QNIFTY,2017-10-30,,111.59,,1797.6332,,BULL
SELL,TSL 10.0% >= 5%,LICNETFSEN,LICNETFSEN,2017-10-09,2017-12-11,356.0,331.3,560.5268,-13865.01,BULL
BUY,NEW BUY (rank=3),CONSUMBEES,CONSUMBEES,2017-12-11,,51.37,,3933.1194,,BULL
SELL,TSL 10.3% >= 5%,MIDSELIETF,MIDSELIETF,2017-09-11,2018-02-05,7.05,7.09,28774.5738,1130.98,PARTIAL
SELL,TSL 5.2% >= 5%,CONSUMBEES,CONSUMBEES,2017-12-11,2018-02-05,51.37,50.95,3933.1194,-1671.91,PARTIAL
SELL,TSL 5.9% >= 5%,BANKBEES,BANKBEES,2017-09-11,2018-02-12,250.35,261.59,810.3085,9087.87,BEAR
SELL,Regime slot reduction / sector cap / rank cut,QNIFTY,QNIFTY,2017-10-30,2018-02-12,111.59,113.68,1797.6332,3737.05,BEAR
SELL,Regime slot reduction / sector cap / rank cut,HNGSNGBEES,HNGSNGBEES,2017-10-09,2018-02-12,280.45,325.0,711.5263,31678.49,BEAR
BUY,NEW BUY (rank=2),NEXT50BETA,NEXT50BETA,2018-04-09,,30.3,,6819.7463,,PARTIAL
BUY,NEW BUY (rank=3),CONSUMBEES,CONSUMBEES,2018-04-09,,51.46,,4015.5133,,PARTIAL
BUY,NEW BUY (rank=1),HNGSNGBEES,HNGSNGBEES,2018-04-09,,353.3,,584.8806,,PARTIAL
BUY,NEW BUY (rank=2),GOLDBETA,GOLDBETA,2018-04-23,,28.22,,7367.4657,,BULL
BUY,NEW BUY (rank=3),LOWVOLIETF,LOWVOLIETF,2018-04-23,,8.55,,24316.9454,,BULL
SELL,Regime slot reduction / sector cap / rank cut,CONSUMBEES,CONSUMBEES,2018-04-09,2018-05-21,51.46,51.49,4015.5133,100.47,BEAR
SELL,Regime slot reduction / sector cap / rank cut,GOLDBETA,GOLDBETA,2018-04-23,2018-05-21,28.22,27.96,7367.4657,-1935.54,BEAR
SELL,TSL 6.4% >= 5%,NEXT50BETA,NEXT50BETA,2018-04-09,2018-05-21,30.3,28.56,6819.7463,-11886.36,BEAR
SELL,Regime slot reduction / sector cap / rank cut,LOWVOLIETF,LOWVOLIETF,2018-04-23,2018-05-21,8.55,8.46,24316.9454,-2208.53,BEAR
SELL,Regime slot reduction / sector cap / rank cut,HNGSNGBEES,HNGSNGBEES,2018-04-09,2018-05-21,353.3,360.0,584.8806,3898.7,BEAR
BUY,NEW BUY (rank=1),LOWVOLIETF,LOWVOLIETF,2018-06-04,,8.52,,23986.9505,,PARTIAL
BUY,NEW BUY (rank=2),HNGSNGBEES,HNGSNGBEES,2018-06-04,,368.82,,554.1153,,PARTIAL
BUY,NEW BUY (rank=3),HDFCGOLD,HDFCGOLD,2018-06-04,,28.25,,7234.2945,,PARTIAL
BUY,NEW BUY (rank=18),SENSEXBETA,SENSEXBETA,2018-06-11,,371.5,,558.5097,,BULL
BUY,NEW BUY (rank=12),NIFTYBEES,NIFTYBEES,2018-06-11,,112.25,,1848.4308,,BULL
SELL,Regime slot reduction / sector cap / rank cut,HDFCGOLD,HDFCGOLD,2018-06-04,2018-07-02,28.25,27.83,7234.2945,-3058.4,BEAR
SELL,Regime slot reduction / sector cap / rank cut,NIFTYBEES,NIFTYBEES,2018-06-11,2018-07-02,112.25,111.0,1848.4308,-2330.54,BEAR
SELL,Regime slot reduction / sector cap / rank cut,SENSEXBETA,SENSEXBETA,2018-06-11,2018-07-02,371.5,363.15,558.5097,-4683.56,BEAR
SELL,Regime slot reduction / sector cap / rank cut,LOWVOLIETF,LOWVOLIETF,2018-06-04,2018-07-02,8.52,8.45,23986.9505,-1699.09,BEAR
SELL,TSL 11.9% >= 5%,HNGSNGBEES,HNGSNGBEES,2018-06-04,2018-07-02,368.82,340.86,554.1153,-15513.06,BEAR
BUY,NEW BUY (rank=4),NV20BEES,NV20BEES,2018-07-16,,52.19,,3813.4186,,BULL
BUY,NEW BUY (rank=5),IVZINGOLD,IVZINGOLD,2018-07-16,,28.9,,6886.5853,,BULL
BUY,NEW BUY (rank=2),SENSEXBETA,SENSEXBETA,2018-07-16,,380.5,,523.0547,,BULL
BUY,NEW BUY (rank=3),NIF100IETF,NIF100IETF,2018-07-16,,11.65,,17083.4605,,BULL
BUY,NEW BUY (rank=1),HNGSNGBEES,HNGSNGBEES,2018-07-16,,333.16,,597.3776,,BULL
SELL,Regime slot reduction / sector cap / rank cut,IVZINGOLD,IVZINGOLD,2018-07-16,2018-07-30,28.9,27.52,6886.5853,-9523.49,BULL
BUY,NEW BUY (rank=4),CONSUMBEES,CONSUMBEES,2018-07-30,,55.14,,3663.5046,,BULL
SELL,Regime slot reduction / sector cap / rank cut,HNGSNGBEES,HNGSNGBEES,2018-07-16,2018-09-03,333.16,342.5,597.3776,5559.51,BULL
BUY,NEW BUY (rank=9),BANKNIFTY1,BANKNIFTY1,2018-09-03,,28.6,,7324.6486,,BULL
SELL,TSL 9.2% >= 5%,CONSUMBEES,CONSUMBEES,2018-07-30,2018-09-24,55.14,51.6,3663.5046,-12988.81,BEAR
SELL,Regime slot reduction / sector cap / rank cut,NV20BEES,NV20BEES,2018-07-16,2018-09-24,52.19,55.95,3813.4186,14318.45,BEAR
SELL,TSL 5.8% >= 5%,SENSEXBETA,SENSEXBETA,2018-07-16,2018-09-24,380.5,381.22,523.0547,356.6,BEAR
SELL,TSL 10.4% >= 5%,BANKNIFTY1,BANKNIFTY1,2018-09-03,2018-09-24,28.6,25.62,7324.6486,-21847.45,BEAR
SELL,TSL 5.8% >= 5%,NIF100IETF,NIF100IETF,2018-07-16,2018-09-24,11.65,11.89,17083.4605,4080.03,BEAR
BUY,NEW BUY (rank=3),NV20IETF,NV20IETF,2018-12-31,,5.26,,37210.7097,,PARTIAL
BUY,NEW BUY (rank=1),PSUBANK,PSUBANK,2018-12-31,,30.81,,6352.7534,,PARTIAL
BUY,NEW BUY (rank=2),LICNETFGSC,LICNETFGSC,2018-12-31,,17.85,,10965.1727,,PARTIAL
SELL,Regime slot reduction / sector cap / rank cut,NV20IETF,NV20IETF,2018-12-31,2019-01-07,5.26,5.22,37210.7097,-1508.43,BEAR
SELL,Regime slot reduction / sector cap / rank cut,PSUBANK,PSUBANK,2018-12-31,2019-01-07,30.81,31.0,6352.7534,1187.02,BEAR
SELL,Regime slot reduction / sector cap / rank cut,LICNETFGSC,LICNETFGSC,2018-12-31,2019-01-07,17.85,17.92,10965.1727,747.56,BEAR
BUY,NEW BUY (rank=8),PSUBANK,PSUBANK,2019-01-14,,31.63,,6192.7499,,PARTIAL
BUY,NEW BUY (rank=10),LICNETFGSC,LICNETFGSC,2019-01-14,,17.95,,10912.3499,,PARTIAL
BUY,NEW BUY (rank=1),QGOLDHALF,QGOLDHALF,2019-01-14,,28.38,,6901.9267,,PARTIAL
SELL,TSL 8.1% >= 5%,PSUBANK,PSUBANK,2019-01-14,2019-01-28,31.63,29.07,6192.7499,-15873.44,BEAR
SELL,Regime slot reduction / sector cap / rank cut,LICNETFGSC,LICNETFGSC,2019-01-14,2019-01-28,17.95,17.75,10912.3499,-2202.47,BEAR
SELL,Regime slot reduction / sector cap / rank cut,QGOLDHALF,QGOLDHALF,2019-01-14,2019-01-28,28.38,28.79,6901.9267,2809.79,BEAR
BUY,NEW BUY (rank=12),SETF10GILT,SETF10GILT,2019-03-11,,168.25,,1148.1231,,PARTIAL
BUY,NEW BUY (rank=3),LICNETFGSC,LICNETFGSC,2019-03-11,,17.9,,10791.7156,,PARTIAL
BUY,NEW BUY (rank=1),GOLD1,GOLD1,2019-03-11,,28.4,,6801.8207,,PARTIAL
BUY,NEW BUY (rank=5),PSUBANK,PSUBANK,2019-03-18,,30.93,,6238.0475,,BULL
BUY,NEW BUY (rank=1),SETFNIFBK,SETFNIFBK,2019-03-18,,297.41,,648.7435,,BULL
SELL,Rank 42 > 40,GOLD1,GOLD1,2019-03-11,2019-04-01,28.4,27.87,6801.8207,-3624.96,BULL
BUY,NEW BUY (rank=4),SETFNIF50,SETFNIF50,2019-04-01,,119.5,,1670.2388,,BULL
SELL,Rank 43 > 40,SETF10GILT,SETF10GILT,2019-03-11,2019-04-08,168.25,172.0,1148.1231,4285.46,BULL
BUY,NEW BUY (rank=10),SNXT50BETA,SNXT50BETA,2019-04-08,,37.5,,5194.3279,,BULL
SELL,Rank 43 > 40,LICNETFGSC,LICNETFGSC,2019-03-11,2019-04-22,17.9,17.67,10791.7156,-2502.09,BULL
BUY,NEW BUY (rank=12),NIF100IETF,NIF100IETF,2019-04-22,,12.47,,15608.7683,,BULL
SELL,TSL 5.5% >= 5%,PSUBANK,PSUBANK,2019-03-18,2019-04-29,30.93,31.29,6238.0475,2225.7,BULL
BUY,NEW BUY (rank=12),SENSEXBETA,SENSEXBETA,2019-04-29,,412.57,,473.6501,,BULL
SELL,TSL 15.5% >= 5%,SNXT50BETA,SNXT50BETA,2019-04-08,2019-05-06,37.5,32.68,5194.3279,-25056.66,BULL
BUY,NEW BUY (rank=18),CPSEETF,CPSEETF,2019-05-06,,27.41,,6832.3416,,BULL
SELL,TSL 5.5% >= 5%,CPSEETF,CPSEETF,2019-05-06,2019-05-13,27.41,25.91,6832.3416,-10268.51,BEAR
SELL,TSL 5.2% >= 5%,SENSEXBETA,SENSEXBETA,2019-04-29,2019-05-13,412.57,391.31,473.6501,-10089.8,BEAR
SELL,TSL 7.6% >= 5%,NIF100IETF,NIF100IETF,2019-04-22,2019-05-13,12.47,11.99,15608.7683,-7512.21,BEAR
SELL,TSL 5.5% >= 5%,SETFNIFBK,SETFNIFBK,2019-03-18,2019-05-13,297.41,289.85,648.7435,-4924.5,BEAR
SELL,TSL 5.2% >= 5%,SETFNIF50,SETFNIF50,2019-04-01,2019-05-13,119.5,113.95,1670.2388,-9289.83,BEAR
BUY,NEW BUY (rank=3),CPSEETF,CPSEETF,2019-05-27,,27.99,,6427.1514,,BULL
BUY,NEW BUY (rank=6),LICNETFGSC,LICNETFGSC,2019-05-27,,19.3,,9321.0347,,BULL
BUY,NEW BUY (rank=1),SETFNIFBK,SETFNIFBK,2019-05-27,,319.63,,562.8257,,BULL
BUY,NEW BUY (rank=5),QNIFTY,QNIFTY,2019-05-27,,121.35,,1482.4555,,BULL
BUY,NEW BUY (rank=8),ICICIB22,ICICIB22,2019-05-27,,39.64,,4538.2434,,BULL
SELL,Regime slot reduction / sector cap / rank cut,ICICIB22,ICICIB22,2019-05-27,2019-06-24,39.64,38.44,4538.2434,-5465.89,PARTIAL
SELL,TSL 6.7% >= 5%,LICNETFGSC,LICNETFGSC,2019-05-27,2019-06-24,19.3,19.5,9321.0347,1844.21,PARTIAL
BUY,NEW BUY (rank=10),SENSEXBETA,SENSEXBETA,2019-07-01,,421.08,,424.4451,,BULL
BUY,NEW BUY (rank=18),NIF100BEES,NIF100BEES,2019-07-01,,122.32,,1461.1294,,BULL
SELL,TSL 8.9% >= 5%,CPSEETF,CPSEETF,2019-05-27,2019-07-15,27.99,25.97,6427.1514,-13002.85,BEAR
SELL,Regime slot reduction / sector cap / rank cut,NIF100BEES,NIF100BEES,2019-07-01,2019-07-15,122.32,119.55,1461.1294,-4067.33,BEAR
SELL,Regime slot reduction / sector cap / rank cut,SENSEXBETA,SENSEXBETA,2019-07-01,2019-07-15,421.08,409.95,424.4451,-4744.07,BEAR
SELL,Regime slot reduction / sector cap / rank cut,QNIFTY,QNIFTY,2019-05-27,2019-07-15,121.35,118.15,1482.4555,-4763.86,BEAR
SELL,Regime slot reduction / sector cap / rank cut,SETFNIFBK,SETFNIFBK,2019-05-27,2019-07-15,319.63,308.39,562.8257,-6346.16,BEAR
BUY,NEW BUY (rank=1),SETFGOLD,SETFGOLD,2019-09-23,,33.67,,5139.6397,,PARTIAL
BUY,NEW BUY (rank=12),LICNETFSEN,LICNETFSEN,2019-09-23,,435.1,,397.7285,,PARTIAL
BUY,NEW BUY (rank=11),LICNETFGSC,LICNETFGSC,2019-09-23,,20.97,,8252.3448,,PARTIAL
SELL,Regime slot reduction / sector cap / rank cut,SETFGOLD,SETFGOLD,2019-09-23,2019-10-07,33.67,34.27,5139.6397,3063.78,BEAR
SELL,Regime slot reduction / sector cap / rank cut,LICNETFSEN,LICNETFSEN,2019-09-23,2019-10-07,435.1,475.0,397.7285,15849.37,BEAR
SELL,Regime slot reduction / sector cap / rank cut,LICNETFGSC,LICNETFGSC,2019-09-23,2019-10-07,20.97,20.89,8252.3448,-680.19,BEAR
BUY,NEW BUY (rank=1),SETFGOLD,SETFGOLD,2019-10-21,,34.47,,5129.7092,,PARTIAL
BUY,NEW BUY (rank=12),LICNETFSEN,LICNETFSEN,2019-10-21,,486.3,,363.6049,,PARTIAL
BUY,NEW BUY (rank=11),LICNETFGSC,LICNETFGSC,2019-10-21,,21.53,,8212.7764,,PARTIAL
BUY,NEW BUY (rank=11),CONSUMBEES,CONSUMBEES,2019-11-04,,54.4,,3259.4141,,BULL
BUY,NEW BUY (rank=12),SBIETFQLTY,SBIETFQLTY,2019-11-04,,102.55,,1729.031,,BULL
SELL,Rank 42 > 40,LICNETFSEN,LICNETFSEN,2019-10-21,2019-12-02,486.3,490.0,363.6049,1325.34,BULL
SELL,Rank 44 > 40,SBIETFQLTY,SBIETFQLTY,2019-11-04,2019-12-02,102.55,98.72,1729.031,-6642.19,BULL
BUY,NEW BUY (rank=12),SETFNN50,SETFNN50,2019-12-02,,293.6,,589.9628,,BULL
BUY,NEW BUY (rank=11),HNGSNGBEES,HNGSNGBEES,2019-12-02,,323.19,,535.9482,,BULL
SELL,Rank 46 > 40 | TSL 7.6% >= 5%,LICNETFGSC,LICNETFGSC,2019-10-21,2019-12-09,21.53,20.07,8212.7764,-12010.65,BULL
BUY,NEW BUY (rank=12),SETF10GILT,SETF10GILT,2019-12-09,,186.0,,914.5882,,BULL
SELL,Rank 43 > 40,CONSUMBEES,CONSUMBEES,2019-11-04,2019-12-16,54.4,52.01,3259.4141,-7810.0,BULL
BUY,NEW BUY (rank=11),HDFCSENSEX,HDFCSENSEX,2019-12-16,,42.96,,3963.769,,BULL
SELL,Rank 46 > 40,SETF10GILT,SETF10GILT,2019-12-09,2019-12-23,186.0,189.5,914.5882,3181.06,BULL
BUY,NEW BUY (rank=14),LICNFNHGP,LICNFNHGP,2019-12-23,,128.6,,1368.9358,,BULL
SELL,Rank 50 > 40,LICNFNHGP,LICNFNHGP,2019-12-23,2020-01-20,128.6,127.01,1368.9358,-2196.61,BULL
BUY,NEW BUY (rank=3),SBIETFQLTY,SBIETFQLTY,2020-01-20,,101.92,,1769.7294,,BULL
SELL,TSL 5.6% >= 5%,SETFNN50,SETFNN50,2019-12-02,2020-02-03,293.6,283.36,589.9628,-6061.22,PARTIAL
SELL,Rank 41 > 40 | TSL 7.3% >= 5%,HNGSNGBEES,HNGSNGBEES,2019-12-02,2020-02-03,323.19,362.2,535.9482,20887.34,PARTIAL
BUY,NEW BUY (rank=4),CONSUMBEES,CONSUMBEES,2020-02-10,,54.61,,3240.719,,BULL
BUY,NEW BUY (rank=1),MID150BEES,MID150BEES,2020-02-10,,67.35,,2627.7011,,BULL
SELL,TSL 5.5% >= 5%,CONSUMBEES,CONSUMBEES,2020-02-10,2020-03-02,54.61,52.04,3240.719,-8348.65,BEAR
SELL,TSL 6.8% >= 5%,HDFCSENSEX,HDFCSENSEX,2019-12-16,2020-03-02,42.96,41.11,3963.769,-7352.97,BEAR
SELL,Rank 50 > 40 | TSL 7.6% >= 5%,SBIETFQLTY,SBIETFQLTY,2020-01-20,2020-03-02,101.92,94.95,1769.7294,-12355.01,BEAR
SELL,Regime slot reduction / sector cap / rank cut,SETFGOLD,SETFGOLD,2019-10-21,2020-03-02,34.47,37.53,5129.7092,15676.91,BEAR
SELL,TSL 7.3% >= 5%,MID150BEES,MID150BEES,2020-02-10,2020-03-02,67.35,62.56,2627.7011,-12606.69,BEAR
BUY,NEW BUY (rank=1),GOLDBETA,GOLDBETA,2020-06-08,,42.02,,4060.273,,PARTIAL
BUY,NEW BUY (rank=11),LICNETFGSC,LICNETFGSC,2020-06-08,,23.86,,7150.573,,PARTIAL
BUY,NEW BUY (rank=12),HNGSNGBEES,HNGSNGBEES,2020-06-08,,354.86,,480.7887,,PARTIAL
SELL,TSL 11.5% >= 5%,LICNETFGSC,LICNETFGSC,2020-06-08,2020-06-29,23.86,21.11,7150.573,-19684.08,PARTIAL
BUY,NEW BUY (rank=11),LTGILTBEES,LTGILTBEES,2020-06-29,,21.77,,7723.0096,,PARTIAL
BUY,NEW BUY (rank=11),LICNETFGSC,LICNETFGSC,2020-07-20,,21.81,,7716.8623,,BULL
BUY,NEW BUY (rank=14),SHARIABEES,SHARIABEES,2020-07-20,,273.53,,615.3064,,BULL
SELL,Rank 52 > 40,HNGSNGBEES,HNGSNGBEES,2020-06-08,2020-08-24,354.86,347.5,480.7887,-3558.6,BULL
BUY,NEW BUY (rank=11),LOWVOLIETF,LOWVOLIETF,2020-08-24,,9.62,,17688.8147,,BULL
SELL,TSL 5.1% >= 5%,LICNETFGSC,LICNETFGSC,2020-07-20,2020-08-31,21.81,20.95,7716.8623,-6656.5,BULL
SELL,TSL 8.5% >= 5%,SHARIABEES,SHARIABEES,2020-07-20,2020-08-31,273.53,279.06,615.3064,3382.64,BULL
BUY,NEW BUY (rank=12),INFRABEES,INFRABEES,2020-08-31,,326.75,,515.7779,,BULL
BUY,NEW BUY (rank=13),NV20,NV20,2020-08-31,,5537.2,,30.436,,BULL
SELL,Rank 45 > 40,LTGILTBEES,LTGILTBEES,2020-06-29,2020-09-07,21.77,21.9,7723.0096,983.99,BULL
BUY,NEW BUY (rank=11),JUNIORBEES,JUNIORBEES,2020-09-07,,281.93,,598.1898,,BULL
SELL,TSL 12.6% >= 5%,GOLDBETA,GOLDBETA,2020-06-08,2020-09-28,42.02,45.08,4060.273,12404.44,PARTIAL
SELL,Regime slot reduction / sector cap / rank cut,INFRABEES,INFRABEES,2020-08-31,2020-09-28,326.75,321.6,515.7779,-2676.26,PARTIAL
BUY,NEW BUY (rank=4),BSE500IETF,BSE500IETF,2020-10-05,,15.562,,10890.7769,,BULL
BUY,NEW BUY (rank=2),MID150BEES,MID150BEES,2020-10-05,,65.72,,2578.8538,,BULL
SELL,Regime slot reduction / sector cap / rank cut,BSE500IETF,BSE500IETF,2020-10-05,2021-02-01,15.562,19.286,10890.7769,40537.25,PARTIAL
SELL,Regime slot reduction / sector cap / rank cut,JUNIORBEES,JUNIORBEES,2020-09-07,2021-02-01,281.93,341.85,598.1898,35823.53,PARTIAL
SELL,Regime slot reduction / sector cap / rank cut,NV20,NV20,2020-08-31,2021-02-01,5537.2,7081.2,30.436,46973.24,PARTIAL
BUY,NEW BUY (rank=1),NV20IETF,NV20IETF,2021-02-01,,7.38,,28073.3348,,PARTIAL
BUY,NEW BUY (rank=8),BSE500IETF,BSE500IETF,2021-02-08,,20.317,,10501.603,,BULL
BUY,NEW BUY (rank=7),SETFNIFBK,SETFNIFBK,2021-02-08,,358.21,,595.6312,,BULL
SELL,TSL 6.5% >= 5%,SETFNIFBK,SETFNIFBK,2021-02-08,2021-03-22,358.21,335.82,595.6312,-13356.18,BULL
BUY,NEW BUY (rank=6),HDFCNIFBAN,HDFCNIFBAN,2021-03-22,,33.58,,6316.5082,,BULL
SELL,Regime slot reduction / sector cap / rank cut,BSE500IETF,BSE500IETF,2021-02-08,2021-03-29,20.317,20.005,10501.603,-3296.5,PARTIAL
SELL,Regime slot reduction / sector cap / rank cut,LOWVOLIETF,LOWVOLIETF,2020-08-24,2021-03-29,9.62,11.64,17688.8147,35711.41,PARTIAL
BUY,NEW BUY (rank=9),JUNIORBEES,JUNIORBEES,2021-04-05,,359.95,,586.616,,BULL
BUY,NEW BUY (rank=4),ICICIB22,ICICIB22,2021-04-05,,35.72,,5911.322,,BULL
SELL,TSL 8.1% >= 5%,HDFCNIFBAN,HDFCNIFBAN,2021-03-22,2021-04-19,33.58,31.06,6316.5082,-15937.6,BULL
BUY,NEW BUY (rank=13),LOWVOLIETF,LOWVOLIETF,2021-04-19,,11.8,,17358.3196,,BULL
SELL,TSL 5.6% >= 5%,NV20IETF,NV20IETF,2021-02-01,2021-04-26,7.38,7.69,28073.3348,8682.73,PARTIAL
SELL,Regime slot reduction / sector cap / rank cut,LOWVOLIETF,LOWVOLIETF,2021-04-19,2021-04-26,11.8,11.76,17358.3196,-714.33,PARTIAL
BUY,NEW BUY (rank=11),CPSEETF,CPSEETF,2021-05-03,,23.13,,9024.0243,,BULL
BUY,NEW BUY (rank=1),HDFCNIFTY,HDFCNIFTY,2021-05-03,,162.83,,1281.8626,,BULL
SELL,Rank 71 > 40,HDFCNIFTY,HDFCNIFTY,2021-05-03,2021-05-17,162.83,162.83,1281.8626,-20.0,BULL
BUY,NEW BUY (rank=2),NV20IETF,NV20IETF,2021-05-17,,7.97,,27261.927,,BULL
SELL,Rank 46 > 40 | TSL 7.4% >= 5%,CPSEETF,CPSEETF,2021-05-03,2021-08-23,23.13,24.82,9024.0243,15230.6,BULL
SELL,Rank 47 > 40 | TSL 5.1% >= 5%,ICICIB22,ICICIB22,2021-04-05,2021-08-23,35.72,39.09,5911.322,19901.16,BULL
BUY,NEW BUY (rank=1),SBIETFIT,SBIETFIT,2021-08-23,,345.79,,673.9223,,BULL
BUY,NEW BUY (rank=3),SHARIABEES,SHARIABEES,2021-08-23,,439.53,,530.1927,,BULL
SELL,TSL 5.5% >= 5%,SBIETFIT,SBIETFIT,2021-08-23,2021-10-04,345.79,357.77,673.9223,8053.59,BULL
BUY,NEW BUY (rank=1),LOWVOLIETF,LOWVOLIETF,2021-10-04,,14.5,,17271.7587,,BULL
SELL,TSL 5.7% >= 5%,SHARIABEES,SHARIABEES,2021-08-23,2021-10-25,439.53,436.28,530.1927,-1743.13,BULL
BUY,NEW BUY (rank=2),BSE500IETF,BSE500IETF,2021-10-25,,25.251,,9696.8268,,BULL
SELL,Regime slot reduction / sector cap / rank cut,NV20IETF,NV20IETF,2021-05-17,2021-11-01,7.97,9.5,27261.927,41690.75,BULL
SELL,Regime slot reduction / sector cap / rank cut,MID150BEES,MID150BEES,2020-10-05,2021-11-01,65.72,116.8,2578.8538,131707.85,BULL
SELL,Regime slot reduction / sector cap / rank cut,JUNIORBEES,JUNIORBEES,2021-04-05,2021-11-01,359.95,445.76,586.616,50317.52,BULL
BUY,NEW BUY (rank=8),SBIETFQLTY,SBIETFQLTY,2021-11-01,,154.49,,1592.2534,,BULL
BUY,NEW BUY (rank=10),SBIETFIT,SBIETFIT,2021-11-01,,359.7,,683.8677,,BULL
BUY,NEW BUY (rank=2),NIFTYBEES,NIFTYBEES,2021-11-01,,193.84,,1269.022,,BULL
SELL,Regime slot reduction / sector cap / rank cut,SBIETFQLTY,SBIETFQLTY,2021-11-01,2021-11-29,154.49,150.75,1592.2534,-5975.03,BEAR
SELL,Regime slot reduction / sector cap / rank cut,SBIETFIT,SBIETFIT,2021-11-01,2021-11-29,359.7,356.28,683.8677,-2358.83,BEAR
SELL,TSL 5.3% >= 5%,BSE500IETF,BSE500IETF,2021-10-25,2021-11-29,25.251,24.25,9696.8268,-9726.52,BEAR
SELL,TSL 6.2% >= 5%,LOWVOLIETF,LOWVOLIETF,2021-10-04,2021-11-29,14.5,13.73,17271.7587,-13319.25,BEAR
SELL,TSL 5.6% >= 5%,NIFTYBEES,NIFTYBEES,2021-11-01,2021-11-29,193.84,184.55,1269.022,-11809.21,BEAR
BUY,NEW BUY (rank=1),SBIETFIT,SBIETFIT,2021-12-06,,357.72,,667.4736,,PARTIAL
BUY,NEW BUY (rank=6),SBIETFQLTY,SBIETFQLTY,2021-12-06,,149.53,,1596.7944,,PARTIAL
BUY,NEW BUY (rank=5),SHARIABEES,SHARIABEES,2021-12-06,,430.53,,554.5924,,PARTIAL
BUY,NEW BUY (rank=6),NIF100IETF,NIF100IETF,2021-12-13,,19.17,,12656.3823,,BULL
BUY,NEW BUY (rank=5),MID150BEES,MID150BEES,2021-12-13,,119.29,,2033.8909,,BULL
SELL,Regime slot reduction / sector cap / rank cut,SBIETFQLTY,SBIETFQLTY,2021-12-06,2021-12-20,149.53,148.63,1596.7944,-1457.11,BEAR
SELL,Regime slot reduction / sector cap / rank cut,SBIETFIT,SBIETFIT,2021-12-06,2021-12-20,357.72,366.37,667.4736,5753.65,BEAR
SELL,Regime slot reduction / sector cap / rank cut,NIF100IETF,NIF100IETF,2021-12-13,2021-12-20,19.17,18.4,12656.3823,-9765.41,BEAR
SELL,TSL 6.8% >= 5%,MID150BEES,MID150BEES,2021-12-13,2021-12-20,119.29,111.2,2033.8909,-16474.18,BEAR
SELL,Regime slot reduction / sector cap / rank cut,SHARIABEES,SHARIABEES,2021-12-06,2021-12-20,430.53,436.86,554.5924,3490.57,BEAR
BUY,NEW BUY (rank=5),NV20IETF,NV20IETF,2022-01-03,,9.87,,23831.0818,,BULL
BUY,NEW BUY (rank=10),ALPL30IETF,ALPL30IETF,2022-01-03,,18.08,,13009.5563,,BULL
BUY,NEW BUY (rank=9),SBIETFQLTY,SBIETFQLTY,2022-01-03,,158.36,,1485.3042,,BULL
BUY,NEW BUY (rank=1),SBIETFIT,SBIETFIT,2022-01-03,,400.65,,587.0779,,BULL
BUY,NEW BUY (rank=7),SHARIABEES,SHARIABEES,2022-01-03,,465.66,,505.117,,BULL
SELL,TSL 10.3% >= 5%,SBIETFIT,SBIETFIT,2022-01-03,2022-01-24,400.65,359.2,587.0779,-24354.38,PARTIAL
SELL,TSL 7.4% >= 5%,SHARIABEES,SHARIABEES,2022-01-03,2022-01-24,465.66,438.46,505.117,-13759.18,PARTIAL
SELL,TSL 5.5% >= 5%,NV20IETF,NV20IETF,2022-01-03,2022-01-31,9.87,9.57,23831.0818,-7169.32,BEAR
SELL,Rank 62 > 40 | TSL 7.2% >= 5%,ALPL30IETF,ALPL30IETF,2022-01-03,2022-01-31,18.08,16.93,13009.5563,-14980.99,BEAR
SELL,Rank 61 > 40 | TSL 7.0% >= 5%,SBIETFQLTY,SBIETFQLTY,2022-01-03,2022-01-31,158.36,148.03,1485.3042,-15363.19,BEAR
BUY,NEW BUY (rank=1),CPSEETF,CPSEETF,2022-02-07,,32.57,,6759.3296,,PARTIAL
BUY,NEW BUY (rank=3),PSUBNKBEES,PSUBNKBEES,2022-02-07,,33.01,,6669.2325,,PARTIAL
BUY,NEW BUY (rank=2),ICICIB22,ICICIB22,2022-02-07,,48.1,,4576.9515,,PARTIAL
SELL,Regime slot reduction / sector cap / rank cut,CPSEETF,CPSEETF,2022-02-07,2022-02-14,32.57,31.77,6759.3296,-5427.46,BEAR
SELL,TSL 7.8% >= 5%,PSUBNKBEES,PSUBNKBEES,2022-02-07,2022-02-14,33.01,30.45,6669.2325,-17093.24,BEAR
SELL,Regime slot reduction / sector cap / rank cut,ICICIB22,ICICIB22,2022-02-07,2022-02-14,48.1,46.94,4576.9515,-5329.26,BEAR
BUY,NEW BUY (rank=3),CPSEETF,CPSEETF,2022-03-21,,33.23,,6466.6773,,PARTIAL
BUY,NEW BUY (rank=11),PSUBNKBEES,PSUBNKBEES,2022-03-21,,29.55,,7272.003,,PARTIAL
BUY,NEW BUY (rank=1),HDFCGOLD,HDFCGOLD,2022-03-21,,45.43,,4730.0834,,PARTIAL
SELL,Regime slot reduction / sector cap / rank cut,CPSEETF,CPSEETF,2022-03-21,2022-03-28,33.23,34.01,6466.6773,5024.01,BEAR
SELL,Regime slot reduction / sector cap / rank cut,PSUBNKBEES,PSUBNKBEES,2022-03-21,2022-03-28,29.55,29.74,7272.003,1361.68,BEAR
SELL,Regime slot reduction / sector cap / rank cut,HDFCGOLD,HDFCGOLD,2022-03-21,2022-03-28,45.43,45.68,4730.0834,1162.52,BEAR
BUY,NEW BUY (rank=10),CPSEETF,CPSEETF,2022-04-04,,34.91,,6200.7501,,PARTIAL
BUY,NEW BUY (rank=11),PSUBNKBEES,PSUBNKBEES,2022-04-04,,31.1,,6960.3918,,PARTIAL
BUY,NEW BUY (rank=1),HDFCGOLD,HDFCGOLD,2022-04-04,,45.56,,4751.2771,,PARTIAL
BUY,NEW BUY (rank=13),PSUBANK,PSUBANK,2022-04-11,,28.61,,7702.5462,,BULL
BUY,NEW BUY (rank=11),ICICIB22,ICICIB22,2022-04-11,,51.54,,4275.7052,,BULL
SELL,TSL 6.6% >= 5%,PSUBNKBEES,PSUBNKBEES,2022-04-04,2022-04-25,31.1,29.9,6960.3918,-8372.47,BULL
BUY,NEW BUY (rank=12),SNXT50BETA,SNXT50BETA,2022-04-25,,51.72,,4109.801,,BULL
SELL,Regime slot reduction / sector cap / rank cut,CPSEETF,CPSEETF,2022-04-04,2022-05-02,34.91,35.6,6200.7501,4258.52,BEAR
SELL,Regime slot reduction / sector cap / rank cut,SNXT50BETA,SNXT50BETA,2022-04-25,2022-05-02,51.72,52.05,4109.801,1336.23,BEAR
SELL,TSL 5.8% >= 5%,PSUBANK,PSUBANK,2022-04-11,2022-05-02,28.61,26.94,7702.5462,-12883.25,BEAR
SELL,Regime slot reduction / sector cap / rank cut,ICICIB22,ICICIB22,2022-04-11,2022-05-02,51.54,49.23,4275.7052,-9896.88,BEAR
SELL,Regime slot reduction / sector cap / rank cut,HDFCGOLD,HDFCGOLD,2022-04-04,2022-05-02,45.56,45.33,4751.2771,-1112.79,BEAR
BUY,NEW BUY (rank=1),FMCGIETF,FMCGIETF,2022-07-25,,43.26,,4896.6158,,PARTIAL
BUY,NEW BUY (rank=5),AUTOBEES,AUTOBEES,2022-07-25,,125.43,,1688.8113,,PARTIAL
BUY,NEW BUY (rank=2),CONSUMBEES,CONSUMBEES,2022-07-25,,80.86,,2619.6834,,PARTIAL
BUY,NEW BUY (rank=7),CPSEETF,CPSEETF,2022-08-15,,35.74,,6023.0821,,BULL
BUY,NEW BUY (rank=6),AUTOIETF,AUTOIETF,2022-08-15,,130.28,,1652.3254,,BULL
SELL,Rank 49 > 40,CPSEETF,CPSEETF,2022-08-15,2022-08-29,35.74,36.52,6023.0821,4678.0,BULL
BUY,NEW BUY (rank=7),BANKNIFTY1,BANKNIFTY1,2022-08-29,,38.9,,5580.8833,,BULL
SELL,TSL 6.5% >= 5%,BANKNIFTY1,BANKNIFTY1,2022-08-29,2022-10-03,38.9,38.74,5580.8833,-912.94,PARTIAL
SELL,Regime slot reduction / sector cap / rank cut,CONSUMBEES,CONSUMBEES,2022-07-25,2022-10-03,80.86,84.33,2619.6834,9070.3,PARTIAL
BUY,NEW BUY (rank=4),CONSUMBEES,CONSUMBEES,2022-10-10,,84.73,,2543.8172,,BULL
BUY,NEW BUY (rank=7),PVTBANIETF,PVTBANIETF,2022-10-10,,20.12,,10712.6058,,BULL
SELL,TSL 5.1% >= 5%,AUTOBEES,AUTOBEES,2022-07-25,2022-10-17,125.43,126.85,1688.8113,2378.11,PARTIAL
SELL,TSL 5.5% >= 5%,AUTOIETF,AUTOIETF,2022-08-15,2022-10-17,130.28,126.44,1652.3254,-6364.93,PARTIAL
BUY,NEW BUY (rank=4),PSUBANK,PSUBANK,2022-10-24,,33.21,,6571.9613,,BULL
BUY,NEW BUY (rank=2),SBIETFPB,SBIETFPB,2022-10-24,,214.24,,1018.7399,,BULL
SELL,Rank 52 > 40,CONSUMBEES,CONSUMBEES,2022-10-10,2022-12-26,84.73,82.48,2543.8172,-5743.59,BEAR
SELL,Regime slot reduction / sector cap / rank cut,FMCGIETF,FMCGIETF,2022-07-25,2022-12-26,43.26,45.79,4896.6158,12368.44,BEAR
SELL,Regime slot reduction / sector cap / rank cut,PSUBANK,PSUBANK,2022-10-24,2022-12-26,33.21,41.34,6571.9613,53410.05,BEAR
SELL,Regime slot reduction / sector cap / rank cut,SBIETFPB,SBIETFPB,2022-10-24,2022-12-26,214.24,217.21,1018.7399,3005.66,BEAR
SELL,Regime slot reduction / sector cap / rank cut,PVTBANIETF,PVTBANIETF,2022-10-10,2022-12-26,20.12,21.5,10712.6058,14763.4,BEAR
BUY,NEW BUY (rank=1),PSUBANK,PSUBANK,2023-01-02,,43.27,,5299.0674,,PARTIAL
BUY,NEW BUY (rank=3),ICICIB22,ICICIB22,2023-01-02,,57.68,,3975.2192,,PARTIAL
BUY,NEW BUY (rank=2),PSUBNKBEES,PSUBNKBEES,2023-01-02,,48.24,,4753.1228,,PARTIAL
SELL,Regime slot reduction / sector cap / rank cut,PSUBANK,PSUBANK,2023-01-02,2023-01-09,43.27,43.07,5299.0674,-1079.81,BEAR
SELL,Regime slot reduction / sector cap / rank cut,ICICIB22,ICICIB22,2023-01-02,2023-01-09,57.68,57.83,3975.2192,576.28,BEAR
SELL,Regime slot reduction / sector cap / rank cut,PSUBNKBEES,PSUBNKBEES,2023-01-02,2023-01-09,48.24,47.89,4753.1228,-1683.59,BEAR
BUY,NEW BUY (rank=1),PSUBNKBEES,PSUBNKBEES,2023-01-16,,48.19,,4750.5513,,PARTIAL
BUY,NEW BUY (rank=3),ICICIB22,ICICIB22,2023-01-16,,57.45,,3984.8402,,PARTIAL
BUY,NEW BUY (rank=2),PSUBANK,PSUBANK,2023-01-16,,43.13,,5307.8847,,PARTIAL
SELL,TSL 11.6% >= 5%,PSUBNKBEES,PSUBNKBEES,2023-01-16,2023-01-30,48.19,42.59,4750.5513,-26623.09,BEAR
SELL,Regime slot reduction / sector cap / rank cut,ICICIB22,ICICIB22,2023-01-16,2023-01-30,57.45,56.4,3984.8402,-4204.08,BEAR
SELL,TSL 11.9% >= 5%,PSUBANK,PSUBANK,2023-01-16,2023-01-30,43.13,38.0,5307.8847,-27249.45,BEAR
BUY,NEW BUY (rank=15),GILT5YBEES,GILT5YBEES,2023-04-17,,51.66,,4220.0542,,PARTIAL
BUY,NEW BUY (rank=7),SILVER,SILVER,2023-04-17,,77.19,,2824.3037,,PARTIAL
BUY,NEW BUY (rank=1),HDFCGOLD,HDFCGOLD,2023-04-17,,53.08,,4107.159,,PARTIAL
SELL,Regime slot reduction / sector cap / rank cut,GILT5YBEES,GILT5YBEES,2023-04-17,2023-04-24,51.66,51.9,4220.0542,992.81,BEAR
SELL,Regime slot reduction / sector cap / rank cut,SILVER,SILVER,2023-04-17,2023-04-24,77.19,76.19,2824.3037,-2844.3,BEAR
SELL,Regime slot reduction / sector cap / rank cut,HDFCGOLD,HDFCGOLD,2023-04-17,2023-04-24,53.08,52.61,4107.159,-1950.36,BEAR
BUY,NEW BUY (rank=14),GILT5YBEES,GILT5YBEES,2023-05-01,,51.91,,4186.4585,,PARTIAL
BUY,NEW BUY (rank=9),SILVER,SILVER,2023-05-01,,75.59,,2874.9711,,PARTIAL
BUY,NEW BUY (rank=1),HDFCGOLD,HDFCGOLD,2023-05-01,,52.67,,4126.0502,,PARTIAL
BUY,NEW BUY (rank=8),FMCGIETF,FMCGIETF,2023-05-15,,50.99,,4272.1026,,BULL
BUY,NEW BUY (rank=11),ICICIB22,ICICIB22,2023-05-15,,63.06,,3454.4007,,BULL
SELL,TSL 5.6% >= 5%,SILVER,SILVER,2023-05-01,2023-05-22,75.59,74.11,2874.9711,-4274.96,BULL
BUY,NEW BUY (rank=14),CPSEETF,CPSEETF,2023-05-22,,42.45,,5106.2866,,BULL
SELL,Rank 43 > 40,HDFCGOLD,HDFCGOLD,2023-05-01,2023-06-26,52.67,51.39,4126.0502,-5301.34,BULL
BUY,NEW BUY (rank=3),AUTOIETF,AUTOIETF,2023-06-26,,148.6,,1481.2858,,BULL
SELL,Rank 66 > 40,GILT5YBEES,GILT5YBEES,2023-05-01,2023-07-24,51.91,52.68,4186.4585,3203.57,BULL
BUY,NEW BUY (rank=3),MOM100,MOM100,2023-07-24,,39.15,,5855.5967,,BULL
SELL,Rank 48 > 40,FMCGIETF,FMCGIETF,2023-05-15,2023-09-04,50.99,52.83,4272.1026,7840.67,BULL
BUY,NEW BUY (rank=3),HDFCSML250,HDFCSML250,2023-09-04,,121.97,,1969.3543,,BULL
SELL,Regime slot reduction / sector cap / rank cut,CPSEETF,CPSEETF,2023-05-22,2023-10-30,42.45,53.04,5106.2866,54055.58,BEAR
SELL,TSL 5.3% >= 5%,MOM100,MOM100,2023-07-24,2023-10-30,39.15,41.35,5855.5967,12862.31,BEAR
SELL,Regime slot reduction / sector cap / rank cut,HDFCSML250,HDFCSML250,2023-09-04,2023-10-30,121.97,120.93,1969.3543,-2068.13,BEAR
SELL,Regime slot reduction / sector cap / rank cut,AUTOIETF,AUTOIETF,2023-06-26,2023-10-30,148.6,162.98,1481.2858,21280.89,BEAR
SELL,Regime slot reduction / sector cap / rank cut,ICICIB22,ICICIB22,2023-05-15,2023-10-30,63.06,73.82,3454.4007,37149.35,BEAR
BUY,NEW BUY (rank=3),ALPHA,ALPHA,2023-11-06,,35.18,,6887.9982,,PARTIAL
BUY,NEW BUY (rank=1),HDFCSML250,HDFCSML250,2023-11-06,,124.39,,1948.0648,,PARTIAL
BUY,NEW BUY (rank=2),MIDCAPIETF,MIDCAPIETF,2023-11-06,,152.91,,1584.7216,,PARTIAL
BUY,NEW BUY (rank=3),PHARMABEES,PHARMABEES,2023-11-13,,15.73,,15637.5406,,BULL
BUY,NEW BUY (rank=8),ICICIB22,ICICIB22,2023-11-13,,77.77,,3162.8972,,BULL
SELL,Rank 45 > 40,PHARMABEES,PHARMABEES,2023-11-13,2024-01-22,15.73,17.65,15637.5406,30004.08,BULL
BUY,NEW BUY (rank=1),CPSEETF,CPSEETF,2024-01-22,,70.08,,4108.2319,,BULL
SELL,Rank 41 > 40,HDFCSML250,HDFCSML250,2023-11-06,2024-02-26,124.39,152.16,1948.0648,54077.76,BULL
BUY,NEW BUY (rank=3),INFRABEES,INFRABEES,2024-02-26,,848.61,,362.5831,,BULL
SELL,Rank 50 > 40,MIDCAPIETF,MIDCAPIETF,2023-11-06,2024-03-04,152.91,185.5,1584.7216,51626.08,BULL
BUY,NEW BUY (rank=6),SETFNN50,SETFNN50,2024-03-04,,631.41,,495.3483,,BULL
SELL,TSL 5.7% >= 5%,ALPHA,ALPHA,2023-11-06,2024-03-18,35.18,42.96,6887.9982,53568.63,BULL
SELL,TSL 7.3% >= 5%,ICICIB22,ICICIB22,2023-11-13,2024-03-18,77.77,97.22,3162.8972,61498.35,BULL
BUY,NEW BUY (rank=4),MOMENTUM,MOMENTUM,2024-03-18,,29.98,,9841.4297,,BULL
BUY,NEW BUY (rank=1),ALPL30IETF,ALPL30IETF,2024-03-18,,26.29,,11222.7486,,BULL
SELL,TSL 6.1% >= 5%,CPSEETF,CPSEETF,2024-01-22,2024-03-25,70.08,78.78,4108.2319,35721.62,BULL
BUY,NEW BUY (rank=3),AUTOBEES,AUTOBEES,2024-03-25,,213.91,,1404.3598,,BULL
SELL,Rank 49 > 40,INFRABEES,INFRABEES,2024-02-26,2024-04-22,848.61,870.9,362.5831,8061.98,BULL
BUY,NEW BUY (rank=5),SETFGOLD,SETFGOLD,2024-04-22,,63.46,,4879.301,,BULL
SELL,Rank 57 > 40,ALPL30IETF,ALPL30IETF,2024-03-18,2024-06-03,26.29,28.04,11222.7486,19619.81,BULL
BUY,NEW BUY (rank=1),MAKEINDIA,MAKEINDIA,2024-06-03,,142.73,,2349.8332,,BULL
SELL,Rank 56 > 40,SETFGOLD,SETFGOLD,2024-04-22,2024-06-17,63.46,62.37,4879.301,-5338.44,BULL
BUY,NEW BUY (rank=1),AUTOIETF,AUTOIETF,2024-06-17,,261.3,,1322.4538,,BULL
SELL,Rank 57 > 40,MOMENTUM,MOMENTUM,2024-03-18,2024-07-22,29.98,35.64,9841.4297,55682.49,BULL
BUY,NEW BUY (rank=1),NIFTYQLITY,NIFTYQLITY,2024-07-22,,22.14,,15401.6321,,BULL
SELL,Rank 55 > 40,AUTOBEES,AUTOBEES,2024-03-25,2024-09-02,213.91,266.17,1404.3598,73371.84,BULL
SELL,Rank 46 > 40,AUTOIETF,AUTOIETF,2024-06-17,2024-09-02,261.3,266.2,1322.4538,6460.02,BULL
BUY,NEW BUY (rank=2),CONSUMBEES,CONSUMBEES,2024-09-02,,133.75,,2662.5497,,BULL
BUY,NEW BUY (rank=1),MOHEALTH,MOHEALTH,2024-09-02,,43.48,,8190.341,,BULL
SELL,Rank 61 > 40,MAKEINDIA,MAKEINDIA,2024-06-03,2024-09-09,142.73,150.63,2349.8332,18543.68,BULL
BUY,NEW BUY (rank=6),PHARMABEES,PHARMABEES,2024-09-09,,23.51,,15088.7113,,BULL
SELL,Rank 55 > 40,SETFNN50,SETFNN50,2024-03-04,2024-09-16,631.41,796.82,495.3483,81915.56,BULL
BUY,NEW BUY (rank=5),SHARIABEES,SHARIABEES,2024-09-16,,599.34,,604.3247,,BULL
SELL,TSL 5.9% >= 5%,CONSUMBEES,CONSUMBEES,2024-09-02,2024-10-07,133.75,135.3,2662.5497,4106.95,PARTIAL
SELL,Regime slot reduction / sector cap / rank cut,SHARIABEES,SHARIABEES,2024-09-16,2024-10-07,599.34,582.35,604.3247,-10287.48,PARTIAL
BUY,NEW BUY (rank=6),MAHKTECH,MAHKTECH,2024-10-14,,19.79,,18117.7015,,BULL
BUY,NEW BUY (rank=7),CONSUMBEES,CONSUMBEES,2024-10-14,,137.4,,2609.5292,,BULL
SELL,Regime slot reduction / sector cap / rank cut,CONSUMBEES,CONSUMBEES,2024-10-14,2024-10-21,137.4,132.69,2609.5292,-12310.88,PARTIAL
SELL,TSL 5.4% >= 5%,NIFTYQLITY,NIFTYQLITY,2024-07-22,2024-10-21,22.14,22.73,15401.6321,9066.96,PARTIAL
SELL,Regime slot reduction / sector cap / rank cut,PHARMABEES,PHARMABEES,2024-09-09,2024-10-28,23.51,23.33,15088.7113,-2735.97,BEAR
SELL,Regime slot reduction / sector cap / rank cut,MAHKTECH,MAHKTECH,2024-10-14,2024-10-28,19.79,19.4,18117.7015,-7085.9,BEAR
SELL,Regime slot reduction / sector cap / rank cut,MOHEALTH,MOHEALTH,2024-09-02,2024-10-28,43.48,43.69,8190.341,1699.97,BEAR
BUY,NEW BUY (rank=7),TNIDETF,TNIDETF,2024-12-09,,101.77,,3422.3245,,BULL
BUY,NEW BUY (rank=1),LTGILTBEES,LTGILTBEES,2024-12-09,,27.19,,12809.4874,,BULL
BUY,NEW BUY (rank=13),MOHEALTH,MOHEALTH,2024-12-09,,44.67,,7796.9546,,BULL
BUY,NEW BUY (rank=4),MAHKTECH,MAHKTECH,2024-12-09,,19.05,,18282.9377,,BULL
BUY,NEW BUY (rank=2),ITIETF,ITIETF,2024-12-09,,48.03,,7251.5087,,BULL
SELL,Regime slot reduction / sector cap / rank cut,TNIDETF,TNIDETF,2024-12-09,2024-12-23,101.77,99.48,3422.3245,-7857.12,BEAR
SELL,Regime slot reduction / sector cap / rank cut,LTGILTBEES,LTGILTBEES,2024-12-09,2024-12-23,27.19,27.14,12809.4874,-660.47,BEAR
SELL,Regime slot reduction / sector cap / rank cut,MOHEALTH,MOHEALTH,2024-12-09,2024-12-23,44.67,44.51,7796.9546,-1267.51,BEAR
SELL,Regime slot reduction / sector cap / rank cut,MAHKTECH,MAHKTECH,2024-12-09,2024-12-23,19.05,18.51,18282.9377,-9892.79,BEAR
SELL,Regime slot reduction / sector cap / rank cut,ITIETF,ITIETF,2024-12-09,2024-12-23,48.03,47.12,7251.5087,-6618.87,BEAR
BUY,NEW BUY (rank=2),GOLDBETA,GOLDBETA,2025-04-21,,81.9,,4207.7163,,PARTIAL
BUY,NEW BUY (rank=1),LTGILTBEES,LTGILTBEES,2025-04-21,,28.58,,12057.8016,,PARTIAL
BUY,NEW BUY (rank=21),LICNETFGSC,LICNETFGSC,2025-04-21,,28.1,,12263.7711,,PARTIAL
BUY,NEW BUY (rank=4),GROWWDEFNC,GROWWDEFNC,2025-05-19,,82.37,,4172.437,,BULL
BUY,NEW BUY (rank=3),MODEFENCE,MODEFENCE,2025-05-19,,90.11,,3814.0454,,BULL
SELL,Rank 43 > 40,GOLDBETA,GOLDBETA,2025-04-21,2025-06-30,81.9,80.9,4207.7163,-4227.72,BULL
BUY,NEW BUY (rank=3),MOCAPITAL,MOCAPITAL,2025-06-30,,47.4,,7507.724,,BULL
SELL,Rank 171 > 40,LICNETFGSC,LICNETFGSC,2025-04-21,2025-07-07,28.1,28.42,12263.7711,3904.41,BULL
BUY,NEW BUY (rank=3),BBNPNBETF,BBNPNBETF,2025-07-07,,57.06,,6214.7932,,BULL
SELL,Regime slot reduction / sector cap / rank cut,MOCAPITAL,MOCAPITAL,2025-06-30,2025-07-14,47.4,45.51,7507.724,-14209.6,BULL
SELL,Rank 58 > 40,LTGILTBEES,LTGILTBEES,2025-04-21,2025-07-14,28.58,28.89,12057.8016,3717.92,BULL
BUY,NEW BUY (rank=4),GILT5YBEES,GILT5YBEES,2025-07-14,,62.66,,5517.2837,,BULL
BUY,NEW BUY (rank=3),TATSILV,TATSILV,2025-07-14,,11.18,,30922.4507,,BULL
SELL,Rank 99 > 40,BBNPNBETF,BBNPNBETF,2025-07-07,2025-07-21,57.06,56.94,6214.7932,-765.78,BULL
BUY,NEW BUY (rank=15),ECAPINSURE,ECAPINSURE,2025-07-21,,23.71,,14411.5474,,BULL
SELL,TSL 12.7% >= 5%,GROWWDEFNC,GROWWDEFNC,2025-05-19,2025-07-28,82.37,78.12,4172.437,-17752.86,PARTIAL
SELL,TSL 12.1% >= 5%,MODEFENCE,MODEFENCE,2025-05-19,2025-07-28,90.11,86.11,3814.0454,-15276.18,PARTIAL
SELL,Regime slot reduction / sector cap / rank cut,GILT5YBEES,GILT5YBEES,2025-07-14,2025-08-11,62.66,62.62,5517.2837,-240.69,BEAR
SELL,Regime slot reduction / sector cap / rank cut,TATSILV,TATSILV,2025-07-14,2025-08-11,11.18,11.09,30922.4507,-2803.02,BEAR
SELL,Regime slot reduction / sector cap / rank cut,ECAPINSURE,ECAPINSURE,2025-07-21,2025-08-11,23.71,23.0,14411.5474,-10252.2,BEAR
BUY,NEW BUY (rank=1),TATSILV,TATSILV,2025-08-18,,11.14,,29919.3556,,PARTIAL
BUY,NEW BUY (rank=18),ECAPINSURE,ECAPINSURE,2025-08-18,,23.62,,14110.9916,,PARTIAL
BUY,NEW BUY (rank=14),TATAGOLD,TATAGOLD,2025-08-18,,9.74,,34219.879,,PARTIAL
BUY,NEW BUY (rank=1),CONSUMBEES,CONSUMBEES,2025-08-25,,135.9,,2462.6267,,BULL
BUY,NEW BUY (rank=19),AUTOIETF,AUTOIETF,2025-08-25,,261.0,,1282.2642,,BULL
SELL,Regime slot reduction / sector cap / rank cut,CONSUMBEES,CONSUMBEES,2025-08-25,2025-09-01,135.9,135.84,2462.6267,-167.76,BEAR
SELL,Regime slot reduction / sector cap / rank cut,TATAGOLD,TATAGOLD,2025-08-18,2025-09-01,9.74,10.18,34219.879,15036.75,BEAR
SELL,Regime slot reduction / sector cap / rank cut,TATSILV,TATSILV,2025-08-18,2025-09-01,11.14,12.05,29919.3556,27206.61,BEAR
SELL,Regime slot reduction / sector cap / rank cut,AUTOIETF,AUTOIETF,2025-08-25,2025-09-01,261.0,263.3,1282.2642,2929.21,BEAR
SELL,Rank 44 > 40,ECAPINSURE,ECAPINSURE,2025-08-18,2025-09-01,23.62,22.84,14110.9916,-11026.57,BEAR
BUY,NEW BUY (rank=2),AUTOBEES,AUTOBEES,2025-09-08,,279.86,,1215.6323,,PARTIAL
BUY,NEW BUY (rank=1),AUTOIETF,AUTOIETF,2025-09-08,,280.1,,1214.5907,,PARTIAL
BUY,NEW BUY (rank=3),CONSUMIETF,CONSUMIETF,2025-09-08,,128.87,,2639.9229,,PARTIAL
BUY,NEW BUY (rank=11),SILVER,SILVER,2025-09-15,,128.42,,2627.8123,,BULL
BUY,NEW BUY (rank=3),TATAGOLD,TATAGOLD,2025-09-15,,10.67,,31627.334,,BULL
SELL,Regime slot reduction / sector cap / rank cut,SILVER,SILVER,2025-09-15,2025-09-29,128.42,146.34,2627.8123,47070.4,BEAR
SELL,Rank 42 > 40,CONSUMIETF,CONSUMIETF,2025-09-08,2025-09-29,128.87,125.12,2639.9229,-9919.71,BEAR
SELL,Regime slot reduction / sector cap / rank cut,TATAGOLD,TATAGOLD,2025-09-15,2025-09-29,10.67,11.23,31627.334,17691.31,BEAR
SELL,Regime slot reduction / sector cap / rank cut,AUTOBEES,AUTOBEES,2025-09-08,2025-09-29,279.86,271.24,1215.6323,-10498.75,BEAR
SELL,Regime slot reduction / sector cap / rank cut,AUTOIETF,AUTOIETF,2025-09-08,2025-09-29,280.1,272.2,1214.5907,-9615.27,BEAR
BUY,NEW BUY (rank=1),SILVERCASE,SILVERCASE,2025-10-06,,15.12,,22967.2947,,BULL
BUY,NEW BUY (rank=15),TATAGOLD,TATAGOLD,2025-10-06,,11.64,,29833.8055,,BULL
BUY,NEW BUY (rank=20),MAHKTECH,MAHKTECH,2025-10-06,,34.13,,10174.7875,,BULL
BUY,NEW BUY (rank=33),AUTOBEES,AUTOBEES,2025-10-06,,275.8,,1259.1207,,BULL
BUY,NEW BUY (rank=14),HNGSNGBEES,HNGSNGBEES,2025-10-06,,563.54,,616.2216,,BULL
SELL,TSL 13.0% >= 5%,MAHKTECH,MAHKTECH,2025-10-06,2025-10-13,34.13,29.68,10174.7875,-45297.8,BULL
BUY,NEW BUY (rank=30),AUTOIETF,AUTOIETF,2025-10-13,,274.2,,1272.0309,,BULL
SELL,TSL 13.8% >= 5%,SILVERCASE,SILVERCASE,2025-10-06,2025-10-27,15.12,14.69,22967.2947,-9895.94,BULL
SELL,TSL 7.1% >= 5%,TATAGOLD,TATAGOLD,2025-10-06,2025-10-27,11.64,11.77,29833.8055,3858.39,BULL
BUY,NEW BUY (rank=1),GOLDETF,GOLDETF,2025-10-27,,117.84,,2829.6031,,BULL
BUY,NEW BUY (rank=15),SILVERIETF,SILVERIETF,2025-10-27,,144.71,,2304.1976,,BULL
SELL,TSL 6.8% >= 5%,HNGSNGBEES,HNGSNGBEES,2025-10-06,2025-11-03,563.54,525.37,616.2216,-23541.18,BULL
BUY,NEW BUY (rank=1),BANKPSU,BANKPSU,2025-11-03,,83.74,,3990.5096,,BULL
SELL,Rank 41 > 40,AUTOIETF,AUTOIETF,2025-10-13,2025-11-10,274.2,275.7,1272.0309,1888.05,BULL
BUY,NEW BUY (rank=3),HDFCPSUBK,HDFCPSUBK,2025-11-10,,83.96,,4005.335,,BULL
SELL,Rank 44 > 40,AUTOBEES,AUTOBEES,2025-10-06,2025-11-17,275.8,282.52,1259.1207,8441.29,BULL
BUY,NEW BUY (rank=28),PSUBANK,PSUBANK,2025-11-17,,84.85,,4043.6912,,BULL
SELL,Rank 51 > 40,BANKPSU,BANKPSU,2025-11-03,2025-12-29,83.74,83.22,3990.5096,-2095.06,BULL
SELL,Rank 46 > 40,HDFCPSUBK,HDFCPSUBK,2025-11-10,2025-12-29,83.96,83.32,4005.335,-2583.41,BULL
SELL,Rank 63 > 40,PSUBANK,PSUBANK,2025-11-17,2025-12-29,84.85,82.54,4043.6912,-9360.93,BULL
BUY,NEW BUY (rank=37),HDFCNIFBAN,HDFCNIFBAN,2025-12-29,,60.35,,6254.732,,BULL
BUY,NEW BUY (rank=36),HDFCGROWTH,HDFCGROWTH,2025-12-29,,128.74,,2932.0574,,BULL
BUY,NEW BUY (rank=34),TOP15IETF,TOP15IETF,2025-12-29,,10.98,,34378.24,,BULL
SELL,Rank 52 > 40,HDFCNIFBAN,HDFCNIFBAN,2025-12-29,2026-01-05,60.35,61.53,6254.732,7360.58,BULL
SELL,Rank 47 > 40,HDFCGROWTH,HDFCGROWTH,2025-12-29,2026-01-05,128.74,130.88,2932.0574,6254.6,BULL
SELL,Rank 61 > 40,TOP15IETF,TOP15IETF,2025-12-29,2026-01-05,10.98,11.11,34378.24,4449.17,BULL
BUY,NEW BUY (rank=15),BANKPSU,BANKPSU,2026-01-05,,87.78,,4389.1053,,BULL
BUY,NEW BUY (rank=22),PSUBNKIETF,PSUBNKIETF,2026-01-05,,88.37,,4359.8016,,BULL
BUY,NEW BUY (rank=21),VAL30IETF,VAL30IETF,2026-01-05,,15.3,,25181.4161,,BULL
SELL,Regime slot reduction / sector cap / rank cut,BANKPSU,BANKPSU,2026-01-05,2026-01-12,87.78,86.79,4389.1053,-4365.21,BEAR
SELL,Rank 41 > 40,VAL30IETF,VAL30IETF,2026-01-05,2026-01-12,15.3,14.93,25181.4161,-9337.12,BEAR
SELL,Regime slot reduction / sector cap / rank cut,SILVERIETF,SILVERIETF,2025-10-27,2026-01-12,144.71,254.08,2304.1976,251990.09,BEAR
SELL,Regime slot reduction / sector cap / rank cut,PSUBNKIETF,PSUBNKIETF,2026-01-05,2026-01-12,88.37,87.28,4359.8016,-4772.18,BEAR
SELL,Regime slot reduction / sector cap / rank cut,GOLDETF,GOLDETF,2025-10-27,2026-01-12,117.84,136.71,2829.6031,53374.61,BEAR
BUY,NEW BUY (rank=8),MOVALUE,MOVALUE,2026-02-09,,124.02,,3167.8198,,BULL
BUY,NEW BUY (rank=1),VAL30IETF,VAL30IETF,2026-02-09,,15.95,,24631.5364,,BULL
BUY,NEW BUY (rank=3),METALIETF,METALIETF,2026-02-09,,12.15,,32335.2268,,BULL
BUY,NEW BUY (rank=21),PSUBANKADD,PSUBANKADD,2026-02-09,,92.17,,4262.4824,,BULL
BUY,NEW BUY (rank=2),EGOLD,EGOLD,2026-02-09,,154.25,,2546.9887,,BULL
SELL,Regime slot reduction / sector cap / rank cut,MOVALUE,MOVALUE,2026-02-09,2026-02-16,124.02,123.01,3167.8198,-3219.5,BEAR
SELL,Regime slot reduction / sector cap / rank cut,VAL30IETF,VAL30IETF,2026-02-09,2026-02-16,15.95,15.99,24631.5364,965.26,BEAR
SELL,Regime slot reduction / sector cap / rank cut,METALIETF,METALIETF,2026-02-09,2026-02-16,12.15,11.98,32335.2268,-5516.99,BEAR
SELL,Regime slot reduction / sector cap / rank cut,PSUBANKADD,PSUBANKADD,2026-02-09,2026-02-16,92.17,93.49,4262.4824,5606.48,BEAR
SELL,Regime slot reduction / sector cap / rank cut,EGOLD,EGOLD,2026-02-09,2026-02-16,154.25,153.55,2546.9887,-1802.89,BEAR
BUY,NEW BUY (rank=3),METALIETF,METALIETF,2026-04-20,,12.91,,30443.6418,,PARTIAL
BUY,NEW BUY (rank=2),CPSEETF,CPSEETF,2026-04-20,,106.93,,3675.558,,PARTIAL
BUY,NEW BUY (rank=1),GROWWPOWER,GROWWPOWER,2026-04-20,,11.9,,33027.5139,,PARTIAL
SELL,Regime slot reduction / sector cap / rank cut,METALIETF,METALIETF,2026-04-20,2026-04-27,12.91,13.04,30443.6418,3937.67,BEAR
SELL,Regime slot reduction / sector cap / rank cut,CPSEETF,CPSEETF,2026-04-20,2026-04-27,106.93,107.44,3675.558,1854.53,BEAR
SELL,Regime slot reduction / sector cap / rank cut,GROWWPOWER,GROWWPOWER,2026-04-20,2026-04-27,11.9,12.43,33027.5139,17484.58,BEAR
BUY,NEW BUY (rank=2),CPSEETF,CPSEETF,2026-05-04,,108.01,,3683.2037,,PARTIAL
BUY,NEW BUY (rank=1),GROWWPOWER,GROWWPOWER,2026-05-04,,12.4,,32082.4864,,PARTIAL
BUY,NEW BUY (rank=3),MOENERGY,MOENERGY,2026-05-04,,41.1,,9679.3876,,PARTIAL
SELL,Regime slot reduction / sector cap / rank cut,CPSEETF,CPSEETF,2026-05-04,2026-05-18,108.01,104.68,3683.2037,-12285.07,BEAR
SELL,Regime slot reduction / sector cap / rank cut,GROWWPOWER,GROWWPOWER,2026-05-04,2026-05-18,12.4,11.89,32082.4864,-16382.07,BEAR
SELL,Regime slot reduction / sector cap / rank cut,MOENERGY,MOENERGY,2026-05-04,2026-05-18,41.1,39.57,9679.3876,-14829.46,BEAR
BUY,NEW BUY (rank=4),MOCAPITAL,MOCAPITAL,2026-05-25,,56.73,,6862.4251,,PARTIAL
BUY,NEW BUY (rank=2),METAL,METAL,2026-05-25,,13.44,,28966.174,,PARTIAL
BUY,NEW BUY (rank=1),GROWWPOWER,GROWWPOWER,2026-05-25,,12.3,,31650.8438,,PARTIAL
SELL,TSL 5.0% >= 5%,MOCAPITAL,MOCAPITAL,2026-05-25,2026-06-01,56.73,53.89,6862.4251,-19509.29,BEAR
SELL,Regime slot reduction / sector cap / rank cut,METAL,METAL,2026-05-25,2026-06-01,13.44,13.61,28966.174,4904.25,BEAR
SELL,Regime slot reduction / sector cap / rank cut,GROWWPOWER,GROWWPOWER,2026-05-25,2026-06-01,12.3,12.21,31650.8438,-2868.58,BEAR
BUY,NEW BUY (rank=2),GROWWDEFNC,GROWWDEFNC,2026-06-22,,97.02,,3980.1958,,PARTIAL
BUY,NEW BUY (rank=3),MODEFENCE,MODEFENCE,2026-06-22,,106.92,,3611.6591,,PARTIAL
BUY,NEW BUY (rank=1),GROWWPOWER,GROWWPOWER,2026-06-22,,12.52,,30843.3382,,PARTIAL
BUY,NEW BUY (rank=4),MOHEALTH,MOHEALTH,2026-06-29,,49.63,,7641.0532,,BULL
BUY,NEW BUY (rank=5),GROWWCAPM,GROWWCAPM,2026-06-29,,11.53,,32890.3269,,BULL
SELL,Regime slot reduction / sector cap / rank cut,GROWWPOWER,GROWWPOWER,2026-06-22,2026-07-06,12.52,11.9,30843.3382,-19142.87,BULL
BUY,NEW BUY (rank=4),PHARMABEES,PHARMABEES,2026-07-06,,26.53,,14451.8297,,BULL
SELL,Regime slot reduction / sector cap / rank cut,GROWWDEFNC,GROWWDEFNC,2026-06-22,2026-07-27,97.02,94.3,3980.1958,-10846.13,PARTIAL
SELL,Rank 52 > 40,GROWWCAPM,GROWWCAPM,2026-06-29,2026-07-27,11.53,11.2,32890.3269,-10873.81,PARTIAL
BUY,NEW BUY (rank=7),GILT5YBEES,GILT5YBEES,2026-08-03,,66.18,,5743.5926,,BULL
BUY,NEW BUY (rank=6),SML100CASE,SML100CASE,2026-08-03,,11.15,,34090.6689,,BULL
SELL,Rank 67 > 40,GILT5YBEES,GILT5YBEES,2026-08-03,2026-08-31,66.18,66.05,5743.5926,-766.67,BULL
BUY,NEW BUY (rank=2),INTERNET,INTERNET,2026-08-31,,14.63,,26374.1781,,BULL
SELL,Regime slot reduction / sector cap / rank cut,MODEFENCE,MODEFENCE,2026-06-22,2026-09-07,106.92,107.24,3611.6591,1135.73,PARTIAL
SELL,Regime slot reduction / sector cap / rank cut,MOHEALTH,MOHEALTH,2026-06-29,2026-09-07,49.63,51.89,7641.0532,17248.78,PARTIAL
