TICKER,PREV_DATE,PREV_PRICE,BAD_DATE,BAD_PRICE,LOG_RET
BSLNIFTY,2016-04-04,81.09,2016-04-05,9.0,-2.2
NV20BEES,2016-04-05,35.13,2016-04-06,351.56,2.3
NV20BEES,2016-04-07,349.61,2016-04-08,34.93,-2.3
NV20BEES,2016-04-11,34.92,2016-04-12,356.8,2.32
NV20BEES,2016-04-13,362.51,2016-04-18,36.3,-2.3
NV20BEES,2016-04-22,36.78,2016-04-25,364.87,2.29
NV20BEES,2016-04-25,364.87,2016-04-26,36.56,-2.3
NV20BEES,2016-04-27,36.58,2016-04-28,361.12,2.29
NV20BEES,2016-04-29,358.92,2016-05-02,34.84,-2.33
NV20BEES,2016-05-04,34.76,2016-05-05,348.85,2.31
NV20BEES,2016-05-05,348.85,2016-05-06,35.03,-2.3
NV20BEES,2016-05-10,35.17,2016-05-11,354.49,2.31
NV20BEES,2016-05-12,358.17,2016-05-13,35.5,-2.31
NV20BEES,2016-05-13,35.5,2016-05-16,352.7,2.3
NV20BEES,2016-05-17,354.25,2016-05-18,35.27,-2.31
NV20BEES,2016-05-19,35.34,2016-05-20,347.52,2.29
NV20BEES,2016-05-25,353.86,2016-05-26,35.7,-2.29
NV20BEES,2016-05-27,36.15,2016-05-30,366.5,2.32
NV20BEES,2016-05-31,364.19,2016-06-01,36.8,-2.29
NV20BEES,2016-06-02,36.57,2016-06-03,368.79,2.31
NV20BEES,2016-06-03,368.79,2016-06-06,36.57,-2.31
NV20BEES,2016-06-07,36.86,2016-06-08,371.89,2.31
NV20BEES,2016-06-09,370.18,2016-06-10,36.87,-2.31
NV20BEES,2016-06-10,36.87,2016-06-13,365.01,2.29
NV20BEES,2016-06-17,368.12,2016-06-20,36.98,-2.3
NV20BEES,2016-06-22,37.0,2016-06-23,372.96,2.31
NV20BEES,2016-06-23,372.96,2016-06-24,35.98,-2.34
NV20BEES,2016-06-24,35.98,2016-06-27,362.77,2.31
NV20BEES,2016-06-30,370.81,2016-07-01,37.12,-2.3
NV20BEES,2016-07-01,37.12,2016-07-04,375.69,2.31
NV20BEES,2016-07-04,375.69,2016-07-05,37.37,-2.31
NV20BEES,2016-07-05,37.37,2016-07-07,371.19,2.3
NV20BEES,2016-07-13,382.23,2016-07-14,38.2,-2.3
NV20BEES,2016-07-18,38.16,2016-07-19,378.7,2.29
NV20BEES,2016-07-20,379.7,2016-07-21,37.7,-2.31
NV20BEES,2016-07-21,37.7,2016-07-22,376.12,2.3
NV20BEES,2016-07-25,380.5,2016-07-26,38.03,-2.3
NV20BEES,2016-07-26,38.03,2016-07-27,380.67,2.3
NV20BEES,2016-07-29,379.09,2016-08-01,37.81,-2.31
NV20BEES,2016-08-01,37.81,2016-08-02,378.68,2.3
NV20BEES,2016-08-09,383.52,2016-08-10,37.94,-2.31
NV20BEES,2016-08-11,38.0,2016-08-12,385.22,2.32
NV20BEES,2016-08-17,381.8,2016-08-18,38.45,-2.3
NV20BEES,2016-08-18,38.45,2016-08-19,383.59,2.3
NV20BEES,2016-08-26,377.27,2016-08-29,37.86,-2.3
NV20BEES,2016-08-29,37.86,2016-08-30,385.12,2.32
NV20BEES,2016-08-31,384.22,2016-09-01,38.58,-2.3
NV20BEES,2016-09-06,38.57,2016-09-07,389.6,2.31
NV20BEES,2016-09-15,383.03,2016-09-16,38.84,-2.29
NV20BEES,2016-09-19,38.88,2016-09-20,385.79,2.29
NV20BEES,2016-09-22,389.05,2016-09-23,38.88,-2.3
NV20BEES,2016-09-23,38.88,2016-09-26,382.42,2.29
NV20BEES,2016-09-27,381.91,2016-09-28,38.1,-2.3
NV20BEES,2016-10-03,38.16,2016-10-04,384.89,2.31
BSLNIFTY,2016-10-06,9.35,2016-10-07,91.69,2.28
BSLNIFTY,2016-10-07,91.69,2016-10-10,9.4,-2.28
NV20BEES,2016-10-07,380.54,2016-10-10,38.01,-2.3
NV20BEES,2016-10-10,38.01,2016-10-13,375.28,2.29
NV20BEES,2016-10-13,375.28,2016-10-14,37.65,-2.3
NV20BEES,2016-10-18,38.01,2016-10-19,383.26,2.31
NV20BEES,2016-10-19,383.26,2016-10-20,38.44,-2.3
NV20BEES,2016-10-20,38.44,2016-10-21,385.77,2.31
NV20BEES,2016-10-21,385.77,2016-10-24,38.52,-2.3
NV20BEES,2016-10-24,38.52,2016-10-25,386.15,2.3
NV20BEES,2016-10-26,381.47,2016-10-27,38.0,-2.31
BSLNIFTY,2016-10-27,9.29,2016-10-28,91.15,2.28
BSLNIFTY,2016-10-28,91.15,2016-11-01,9.3,-2.28
BSLNIFTY,2016-11-01,9.3,2016-11-02,89.89,2.27
NV20BEES,2016-11-01,38.04,2016-11-02,373.11,2.28
BSLNIFTY,2016-11-02,89.89,2016-11-03,9.21,-2.28
NV20BEES,2016-11-08,374.88,2016-11-09,36.97,-2.32
NV20BEES,2016-11-09,36.97,2016-11-10,375.99,2.32
NV20BEES,2016-11-10,375.99,2016-11-11,37.19,-2.31
NV20BEES,2016-11-11,37.19,2016-11-15,363.09,2.28
BSLNIFTY,2016-11-17,9.51,2016-11-18,85.37,2.19
NV20BEES,2016-11-17,361.89,2016-11-18,36.31,-2.3
BSLNIFTY,2016-11-18,85.37,2016-11-21,9.51,-2.19
BSLNIFTY,2016-11-21,9.51,2016-11-22,84.63,2.19
NV20BEES,2016-11-21,35.95,2016-11-22,359.8,2.3
BSLNIFTY,2016-11-23,84.95,2016-11-24,9.55,-2.19
BSLNIFTY,2016-11-24,9.55,2016-11-25,85.8,2.2
NV20BEES,2016-11-24,361.2,2016-11-25,36.67,-2.29
BSLNIFTY,2016-11-25,85.8,2016-11-28,9.51,-2.2
NV20BEES,2016-11-25,36.67,2016-11-28,367.77,2.31
NV20BEES,2016-11-28,367.77,2016-11-29,37.24,-2.29
BSLNIFTY,2016-11-29,9.05,2016-11-30,86.94,2.26
NV20BEES,2016-11-29,37.24,2016-11-30,371.01,2.3
BSLNIFTY,2016-11-30,86.94,2016-12-01,9.15,-2.25
NV20BEES,2016-11-30,371.01,2016-12-01,37.25,-2.3
NV20BEES,2016-12-01,37.25,2016-12-02,366.41,2.29
NV20BEES,2016-12-05,367.56,2016-12-06,37.06,-2.29
NV20BEES,2016-12-06,37.06,2016-12-07,366.4,2.29
NV20BEES,2016-12-08,372.65,2016-12-09,37.47,-2.3
NV20BEES,2016-12-09,37.47,2016-12-12,371.64,2.29
BSLNIFTY,2016-12-12,9.95,2016-12-13,86.93,2.17
NV20BEES,2016-12-12,371.64,2016-12-13,37.48,-2.29
BSLNIFTY,2016-12-13,86.93,2016-12-14,10.14,-2.15
BSLNIFTY,2016-12-14,10.14,2016-12-15,86.23,2.14
NV20BEES,2016-12-14,32.5,2016-12-15,374.09,2.44
BSLNIFTY,2016-12-15,86.23,2016-12-16,10.14,-2.14
NV20BEES,2016-12-16,372.9,2016-12-19,37.38,-2.3
BSLNIFTY,2016-12-19,10.1,2016-12-20,85.5,2.14
NV20BEES,2016-12-19,37.38,2016-12-20,370.83,2.29
BSLNIFTY,2016-12-20,85.5,2016-12-21,9.27,-2.22
BSLNIFTY,2016-12-22,9.4,2016-12-23,84.49,2.2
NV20BEES,2016-12-22,365.41,2016-12-23,36.57,-2.3
BSLNIFTY,2016-12-23,84.49,2016-12-26,9.98,-2.14
NV20BEES,2016-12-23,36.57,2016-12-26,361.54,2.29
NV20BEES,2016-12-26,361.54,2016-12-27,36.44,-2.29
BSLNIFTY,2016-12-27,9.69,2016-12-28,85.0,2.17
BSLNIFTY,2016-12-28,85.0,2016-12-29,9.39,-2.2
NV20BEES,2016-12-28,36.92,2016-12-29,368.98,2.3
NV20BEES,2016-12-30,372.89,2017-01-02,36.77,-2.32
BSLNIFTY,2017-01-03,9.6,2017-01-04,86.63,2.2
NV20BEES,2017-01-03,37.41,2017-01-04,372.21,2.3
BSLNIFTY,2017-01-04,86.63,2017-01-05,9.92,-2.17
BSLNIFTY,2017-01-05,9.92,2017-01-06,87.17,2.17
NV20BEES,2017-01-05,375.65,2017-01-06,37.37,-2.31
BSLNIFTY,2017-01-06,87.17,2017-01-09,9.21,-2.25
NV20BEES,2017-01-06,37.37,2017-01-09,372.92,2.3
NV20BEES,2017-01-12,380.9,2017-01-13,37.95,-2.31
BSLNIFTY,2017-01-13,9.18,2017-01-16,88.92,2.27
NV20BEES,2017-01-13,37.95,2017-01-16,378.21,2.3
BSLNIFTY,2017-01-16,88.92,2017-01-17,9.36,-2.25
BSLNIFTY,2017-01-17,9.36,2017-01-18,88.96,2.25
NV20BEES,2017-01-17,377.35,2017-01-18,38.01,-2.3
BSLNIFTY,2017-01-18,88.96,2017-01-19,9.49,-2.24
NV20BEES,2017-01-18,38.01,2017-01-19,378.92,2.3
NV20BEES,2017-01-19,378.92,2017-01-20,37.78,-2.31
NV20BEES,2017-01-20,37.78,2017-01-23,374.01,2.29
NV20BEES,2017-01-24,375.36,2017-01-25,37.71,-2.3
NV20BEES,2017-01-25,37.71,2017-01-27,382.49,2.32
NV20BEES,2017-01-27,382.49,2017-01-30,38.12,-2.31
NV20BEES,2017-02-01,37.69,2017-02-02,384.24,2.32
NV20BEES,2017-02-02,384.24,2017-02-03,38.56,-2.3
NV20BEES,2017-02-03,38.56,2017-02-06,387.4,2.31
NV20BEES,2017-02-10,389.03,2017-02-13,38.69,-2.31
BSLNIFTY,2017-02-13,9.12,2017-02-14,92.86,2.32
NV20BEES,2017-02-13,38.69,2017-02-14,390.93,2.31
BSLNIFTY,2017-02-15,92.18,2017-02-16,9.13,-2.31
NV20BEES,2017-02-16,392.52,2017-02-17,39.7,-2.29
NV20BEES,2017-02-20,39.51,2017-02-21,397.37,2.31
NV20BEES,2017-02-21,397.37,2017-02-22,40.0,-2.3
NV20BEES,2017-02-22,40.0,2017-02-23,402.85,2.31
NV20BEES,2017-02-23,402.85,2017-02-27,40.64,-2.29
NV20BEES,2017-03-01,41.9,2017-03-02,402.03,2.26
NV20BEES,2017-03-02,402.03,2017-03-03,40.34,-2.3
NV20BEES,2017-03-03,40.34,2017-03-06,407.59,2.31
BSLNIFTY,2017-03-06,9.2,2017-03-07,94.51,2.33
NV20BEES,2017-03-06,407.59,2017-03-07,40.44,-2.31
BSLNIFTY,2017-03-07,94.51,2017-03-08,9.21,-2.33
NV20BEES,2017-03-08,40.3,2017-03-09,404.01,2.31
NV20BEES,2017-03-09,404.01,2017-03-10,40.26,-2.31
NV20BEES,2017-03-10,40.26,2017-03-14,410.64,2.32
NV20BEES,2017-03-16,411.24,2017-03-17,40.85,-2.31
NV20BEES,2017-03-20,40.86,2017-03-21,404.33,2.29
NV20BEES,2017-03-22,401.06,2017-03-23,40.13,-2.3
NV20BEES,2017-03-23,40.13,2017-03-24,406.44,2.32
BSLNIFTY,2017-03-27,9.41,2017-03-28,96.21,2.33
BSLNIFTY,2017-03-28,96.21,2017-03-29,9.36,-2.33
NV20BEES,2017-03-30,407.54,2017-03-31,40.99,-2.3
NV20BEES,2017-04-03,41.24,2017-04-05,413.67,2.31
NV20BEES,2017-04-07,411.15,2017-04-10,41.17,-2.3
NV20BEES,2017-04-10,41.17,2017-04-11,411.71,2.3
NV20BEES,2017-04-13,405.87,2017-04-17,40.7,-2.3
NV20BEES,2017-04-18,41.0,2017-04-19,402.07,2.28
NV20BEES,2017-04-27,406.18,2017-04-28,40.79,-2.3
BSLNIFTY,2017-05-02,10.7,2017-05-03,98.35,2.22
NV20BEES,2017-05-02,40.99,2017-05-03,407.08,2.3
BSLNIFTY,2017-05-03,98.35,2017-05-04,10.5,-2.24
NV20BEES,2017-05-11,413.83,2017-05-12,41.47,-2.3
BSLNIFTY,2017-05-12,9.54,2017-05-15,99.73,2.35
NV20BEES,2017-05-12,41.47,2017-05-15,413.59,2.3
BSLNIFTY,2017-05-15,99.73,2017-05-16,9.58,-2.34
NV20BEES,2017-05-16,417.51,2017-05-17,41.72,-2.3
NV20BEES,2017-05-18,41.87,2017-05-19,416.55,2.3
BSLNIFTY,2017-05-23,9.95,2017-05-24,98.9,2.3
BSLNIFTY,2017-05-24,98.9,2017-05-25,10.0,-2.29
NV20BEES,2017-05-25,419.66,2017-05-26,42.1,-2.3
NV20BEES,2017-05-26,42.1,2017-05-29,422.33,2.31
BSLNIFTY,2017-05-29,9.82,2017-05-30,101.66,2.34
BSLNIFTY,2017-05-30,101.66,2017-05-31,10.06,-2.31
NV20BEES,2017-05-30,425.51,2017-05-31,42.23,-2.31
NV20BEES,2017-06-05,42.32,2017-06-06,424.9,2.31
BSLNIFTY,2017-06-06,10.0,2017-06-07,102.29,2.33
BSLNIFTY,2017-06-07,102.29,2017-06-08,10.3,-2.3
NV20BEES,2017-06-08,421.16,2017-06-09,42.15,-2.3
NV20BEES,2017-06-09,42.15,2017-06-12,418.08,2.29
BSLNIFTY,2017-06-15,10.32,2017-06-16,101.56,2.29
NV20BEES,2017-06-15,418.17,2017-06-16,41.46,-2.31
BSLNIFTY,2017-06-16,101.56,2017-06-19,10.4,-2.28
NV20BEES,2017-06-19,42.21,2017-06-20,421.61,2.3
NV20BEES,2017-06-22,419.63,2017-06-23,42.2,-2.3
NV20BEES,2017-06-23,42.2,2017-06-27,414.13,2.28
NV20BEES,2017-06-30,415.33,2017-07-03,41.7,-2.3
NV20BEES,2017-07-03,41.7,2017-07-04,418.88,2.31
NIFTYAXIS,2017-07-07,966.98,2017-07-10,85.25,-2.43
NV20BEES,2017-07-13,434.67,2017-07-14,43.08,-2.31
NV20BEES,2017-07-14,43.08,2017-07-17,438.18,2.32
NV20BEES,2017-07-20,439.1,2017-07-21,44.46,-2.29
NV20BEES,2017-07-21,44.46,2017-07-24,447.25,2.31
NV20BEES,2017-07-25,448.43,2017-07-26,45.12,-2.3
NV20BEES,2017-07-26,45.12,2017-07-27,447.24,2.29
NV20BEES,2017-07-31,450.96,2017-08-01,45.34,-2.3
ABSLNN50ET,2018-12-20,283.42,2018-12-21,30.99,-2.21
BANKBEES,2019-12-18,328.7,2019-12-19,32.95,-2.3
GOLDBEES,2019-12-18,33.6,2019-12-19,0.34,-4.61
HNGSNGBEES,2019-12-18,321.9,2019-12-19,36.61,-2.17
NIFTYBEES,2019-12-18,129.25,2019-12-19,13.02,-2.3
NV20BEES,2019-12-18,57.93,2019-12-19,5.94,-2.28
PSUBNKBEES,2019-12-18,27.63,2019-12-19,2.77,-2.3
NV20BEES,2019-12-19,5.94,2019-12-20,59.0,2.3
BANKBEES,2019-12-20,33.09,2019-12-23,330.71,2.3
GOLDBEES,2019-12-20,0.34,2019-12-23,33.65,4.61
HNGSNGBEES,2019-12-20,36.89,2019-12-23,351.39,2.25
NIFTYBEES,2019-12-20,13.03,2019-12-23,129.93,2.3
PSUBNKBEES,2019-12-20,2.83,2019-12-23,27.82,2.29
GOLDAXIS,2020-07-22,43.67,2020-07-23,0.52,-4.42
NIFTYAXIS,2020-07-22,113.98,2020-07-23,13.68,-2.12
GOLDAXIS,2020-07-24,0.52,2020-07-27,46.4,4.48
NIFTYAXIS,2020-07-24,13.68,2020-07-27,118.73,2.16
MON100,2021-06-16,101.56,2021-06-17,10.09,-2.31
MON100,2021-06-18,10.42,2021-06-21,103.41,2.29
ABSLBANETF,2021-11-24,373.18,2021-11-25,37.29,-2.3
ABSLNN50ET,2021-11-24,44.08,2021-11-25,4.45,-2.29
BSLGOLDETF,2021-11-24,4348.65,2021-11-25,43.65,-4.6
BSLNIFTY,2021-11-24,19.4,2021-11-25,1.96,-2.29
ABSLNN50ET,2021-11-26,4.33,2021-11-29,42.74,2.29
BSLNIFTY,2021-11-26,1.9,2021-11-29,18.93,2.3
QGOLDHALF,2021-12-15,41.25,2021-12-16,0.84,-3.9
QGOLDHALF,2021-12-17,0.84,2021-12-20,41.7,3.91
SETFGOLD,2022-01-05,42.6,2022-01-06,0.42,-4.61
SETFGOLD,2022-01-07,0.42,2022-01-10,42.1,4.6
MOLOWVOL,2022-08-10,120.79,2022-08-11,24.2,-1.61
BANKIETF,2023-06-27,303.46,2023-06-28,44.61,-1.92
HDFCLOWVOL,2023-10-19,152.8,2023-10-20,15.15,-2.31
HDFCMOMENT,2023-10-19,233.23,2023-10-20,22.88,-2.32
HDFCNEXT50,2023-10-19,452.7,2023-10-20,44.85,-2.31
HDFCNIF100,2023-10-19,198.14,2023-10-20,19.73,-2.31
HDFCNIFIT,2024-02-01,372.75,2024-02-02,38.09,-2.28
HDFCPVTBAN,2024-02-01,237.3,2024-02-02,23.59,-2.31
NIF100IETF,2024-05-10,237.62,2024-05-13,23.76,-2.3
GROWWGOLD,2026-01-30,157.42,2026-02-02,14.06,-2.42
GROWWSLVR,2026-01-30,322.49,2026-02-02,22.25,-2.67
QNIFTY,2026-02-12,2824.21,2026-02-13,279.27,-2.31
BANKNIFTY1,2026-02-26,631.97,2026-02-27,62.6,-2.31
CONS,2026-02-26,120.26,2026-02-27,11.89,-2.31
MIDCAP,2026-02-26,173.63,2026-02-27,17.22,-2.31
NV20,2026-02-26,152.85,2026-02-27,15.17,-2.31
SILVER1,2026-02-26,249.55,2026-02-27,25.75,-2.27
LICMFGOLD,2026-03-06,14401.8,2026-03-09,142.0,-4.62
IVZINGOLD,2026-04-24,13043.0,2026-04-27,130.88,-4.6
HEALTHADD,2026-07-02,162.94,2026-07-03,16.72,-2.28
MIDQ50ADD,2026-07-02,247.99,2026-07-03,24.76,-2.3
PSUBANK,2026-07-09,822.75,2026-07-10,85.31,-2.27
IVZINNIFTY,2026-07-30,2786.51,2026-07-31,280.58,-2.3
