date,equity
2022-01-21,150000.0
2022-01-24,146139.90158566897
2022-01-25,145677.70233291265
2022-01-27,142741.276536797
2022-01-28,143408.86387121308
2022-01-31,146679.45021293248
2022-02-01,150166.25107272033
2022-02-02,151353.93371807697
2022-02-03,150710.5066111321
2022-02-04,149964.78064471725
2022-02-07,150360.14534260504
2022-02-08,149889.9589025138
2022-02-09,150256.4148407665
2022-02-10,150858.8464320135
2022-02-11,149848.11314264708
2022-02-14,147023.27139695556
2022-02-15,148371.21828772846
2022-02-16,148134.44088036416
2022-02-17,148196.81099701242
2022-02-18,147721.20665973623
2022-02-21,146905.23674911004
2022-02-22,146330.49411783516
2022-02-23,146235.496261413
2022-02-24,141876.40496211388
2022-02-25,145180.80909208427
2022-02-28,146746.5233887412
2022-03-02,147535.04642315896
2022-03-03,147543.13053529177
2022-03-04,147551.2150903896
2022-03-07,147559.3000884768
2022-03-08,147567.3855295775
2022-03-09,147575.4714137161
2022-03-10,147583.55774091688
2022-03-11,147591.64451120404
2022-03-14,147599.73172460197
2022-03-15,147607.81938113482
2022-03-16,147615.90748082695
2022-03-17,147623.99602370264
2022-03-21,147632.08500978615
2022-03-22,147640.17443910174
2022-03-23,147648.26431167376
2022-03-24,147656.35462752645
2022-03-25,147664.44538668415
2022-03-28,147672.53658917113
2022-03-29,147680.62823501162
2022-03-30,147688.72032423
2022-03-31,147696.81285685053
2022-04-01,147700.2178682991
2022-04-04,148155.1066414474
2022-04-05,148858.0919193811
2022-04-06,149719.1895827441
2022-04-07,149662.70918742262
2022-04-08,150113.04639138415
2022-04-11,150729.51313891172
2022-04-12,150160.4655478185
2022-04-13,150964.42178052815
2022-04-18,152080.9344256211
2022-04-19,151669.88665420446
2022-04-20,151058.9088598319
2022-04-21,151502.34797880976
2022-04-22,150965.38136589932
2022-04-25,149219.46711562958
2022-04-26,149434.29082259766
2022-04-27,148746.9515154128
2022-04-28,149344.5545410178
2022-04-29,148646.61878288435
2022-05-02,148010.65451607725
2022-05-04,148018.76468892745
2022-05-05,148026.8753061707
2022-05-06,148034.9863678313
2022-05-09,148043.09787393364
2022-05-10,148051.20982450212
2022-05-11,148059.322219561
2022-05-12,148067.4350591347
2022-05-13,148075.54834324753
2022-05-16,148083.66207192387
2022-05-17,148091.77624518808
2022-05-18,148099.89086306456
2022-05-19,148108.0059255776
2022-05-20,148116.12143275162
2022-05-23,148124.23738461095
2022-05-24,148132.35378117996
2022-05-25,148140.47062248306
2022-05-26,148148.5879085446
2022-05-27,148156.7056393889
2022-05-30,148164.8238150404
2022-05-31,148172.9424355234
2022-06-01,148181.06150086236
2022-06-02,148189.1810110816
2022-06-03,148197.30096620554
2022-06-06,148205.42136625847
2022-06-07,148213.54221126484
2022-06-08,148221.66350124902
2022-06-09,148229.7852362354
2022-06-10,148237.90741624837
2022-06-13,148246.03004131227
2022-06-14,148254.1531114515
2022-06-15,148262.27662669052
2022-06-16,148270.40058705362
2022-06-17,148278.52499256528
2022-06-20,148286.6498432498
2022-06-21,148294.77513913164
2022-06-22,148302.9008802352
2022-06-23,148311.02706658476
2022-06-24,148319.15369820487
2022-06-27,148327.28077511984
2022-06-28,148335.40829735412
2022-06-29,148343.53626493207
2022-06-30,148351.6646778781
2022-07-01,148359.79353621663
2022-07-04,148367.92283997205
2022-07-05,148376.0525891688
2022-07-06,148384.18278383117
2022-07-07,148392.31342398375
2022-07-08,148400.44450965084
2022-07-11,148408.57604085683
2022-07-12,148416.70801762625
2022-07-13,148424.84043998338
2022-07-14,148432.97330795275
2022-07-15,148441.10662155863
2022-07-18,148449.2403808256
2022-07-19,148457.3745857779
2022-07-20,148465.5092364402
2022-07-21,148473.64433283673
2022-07-22,148481.77987499197
2022-07-25,148489.91586293033
2022-07-26,148498.05229667627
2022-07-27,148506.18917625418
2022-07-28,148514.32650168848
2022-07-29,148522.46427300366
2022-08-01,148525.91452562573
2022-08-02,149037.63231686052
2022-08-03,148825.0600878571
2022-08-04,148693.62067474084
2022-08-05,148826.58067696667
2022-08-08,149424.2807535397
2022-08-10,149406.33146341462
2022-08-11,149820.05156096118
2022-08-12,150279.9172489244
2022-08-16,151010.8733132832
2022-08-17,151557.20747844086
2022-08-18,151988.53128392386
2022-08-19,150932.0002010475
2022-08-22,149772.17788889867
2022-08-23,150577.89771985426
2022-08-24,150909.05145682557
2022-08-25,150853.3968914153
2022-08-26,151285.99668625323
2022-08-29,150645.21042459024
2022-08-30,152676.25159890822
2022-09-01,152312.86959876248
2022-09-02,152501.54977589843
2022-09-05,152830.67234138958
2022-09-06,153028.38409977886
2022-09-07,152995.33990752135
2022-09-08,153460.96626302242
2022-09-09,153847.91533558082
2022-09-12,154560.6425858212
2022-09-13,155611.06380104442
2022-09-14,155767.94443657174
2022-09-15,155799.9699536263
2022-09-16,152790.53188285613
2022-09-19,153418.75209893723
2022-09-20,154875.93989760283
2022-09-21,154736.95022875952
2022-09-22,155858.5109901229
2022-09-23,153791.3184997173
2022-09-26,150185.14616115973
2022-09-27,150411.56076555888
2022-09-28,149876.58451227943
2022-09-29,149789.21066662736
2022-09-30,151090.4602856762
2022-10-03,148052.30782247713
2022-10-04,149661.26502280662
2022-10-06,149557.48142816164
2022-10-07,149376.11167915087
2022-10-10,148261.61746776706
2022-10-11,147000.65045718098
2022-10-12,147616.65263156596
2022-10-13,147270.99016414644
2022-10-14,147200.5889220237
2022-10-17,147357.37128795675
2022-10-18,148496.20182913513
2022-10-19,148493.71941752112
2022-10-20,148942.05203793495
2022-10-21,148923.97502739905
2022-10-24,149576.0101986838
2022-10-25,148586.36929128828
2022-10-27,149167.2564551855
2022-10-28,149367.00745642156
2022-10-31,150422.02745697365
2022-11-01,150861.1284185194
2022-11-02,150551.1181114147
2022-11-03,151603.44903813265
2022-11-04,151943.22306533292
2022-11-07,154863.5634233251
2022-11-09,156558.12286347488
2022-11-10,155295.62515354643
2022-11-11,155996.95348348643
2022-11-14,155396.36702394322
2022-11-15,156198.49999815805
2022-11-16,156262.82524597438
2022-11-17,156925.5257432436
2022-11-18,157174.94871722267
2022-11-21,157757.23697152696
2022-11-22,158966.59204340138
2022-11-23,159751.11169584043
2022-11-24,161060.06124298138
2022-11-25,161496.99645927228
2022-11-28,161778.5339771389
2022-11-29,161846.47608550268
2022-11-30,161573.8924820852
2022-12-01,162550.03955365156
2022-12-02,162562.20177068052
2022-12-05,163686.25761146267
2022-12-06,164184.89602606438
2022-12-07,164047.41986984757
2022-12-08,166979.2840025842
2022-12-09,166091.73415559583
2022-12-12,167058.93208090562
2022-12-13,169604.6286989388
2022-12-14,170232.92503582526
2022-12-15,168069.95366764034
2022-12-16,165593.70957480895
2022-12-19,166462.9314948328
2022-12-20,165771.2686040975
2022-12-21,162799.0705291512
2022-12-22,161310.75128868254
2022-12-23,156488.60327570818
2022-12-26,162188.10314187888
2022-12-27,162986.95354059854
2022-12-28,163425.1750293269
2022-12-29,164357.1147809582
2022-12-30,165010.87823108095
2023-01-02,165797.71402303164
2023-01-03,166428.257388856
2023-01-04,165064.65975634797
2023-01-05,164792.78141716754
2023-01-06,163983.40252462914
2023-01-09,164936.5968958198
2023-01-10,162946.0582330732
2023-01-11,163470.2616556908
2023-01-12,163113.4826547368
2023-01-13,164170.87057427148
2023-01-16,164683.51224093064
2023-01-17,164009.2933486647
2023-01-18,163647.15327438535
2023-01-19,163526.5840687193
2023-01-20,163810.01933983056
2023-01-23,164491.65711110792
2023-01-24,163581.4191351276
2023-01-25,160989.72963166752
2023-01-27,157643.4474775208
2023-01-30,157200.9525571065
2023-01-31,159302.97702121994
2023-02-01,156656.66028878358
2023-02-02,156665.24421537473
2023-02-03,156673.82861231806
2023-02-06,156682.41347963928
2023-02-07,156690.9988173642
2023-02-08,156699.5846255186
2023-02-09,156708.1709041282
2023-02-10,156716.75765321887
2023-02-13,156725.3448728163
2023-02-14,156733.93256294634
2023-02-15,156742.52072363472
2023-02-16,156751.10935490727
2023-02-17,156759.69845678975
2023-02-20,156768.28802930797
2023-02-21,156776.87807248763
2023-02-22,156785.4685863546
2023-02-23,156794.0595709347
2023-02-24,156802.6510262537
2023-02-27,156811.24295233734
2023-02-28,156819.83534921144
2023-03-01,156828.42821690184
2023-03-02,156837.02155543424
2023-03-03,156845.61536483458
2023-03-06,156854.20964512852
2023-03-08,156862.804396342
2023-03-09,156871.3996185007
2023-03-10,156879.99531163048
2023-03-13,156888.59147575716
2023-03-14,156897.18811090654
2023-03-15,156905.78521710442
2023-03-16,156914.3827943766
2023-03-17,156922.98084274892
2023-03-20,156931.57936224714
2023-03-21,156940.17835289714
2023-03-22,156948.7778147247
2023-03-23,156957.3777477557
2023-03-24,156965.97815201583
2023-03-27,156974.57902753103
2023-03-28,156983.18037432706
2023-03-29,156991.78219242973
2023-03-31,157000.38448186498
2023-04-03,157008.9872426585
2023-04-05,157017.59047483624
2023-04-06,157026.19417842387
2023-04-10,157034.79835344735
2023-04-11,157043.40299993247
2023-04-12,157052.0081179051
2023-04-13,157060.61370739102
2023-04-17,157069.21976841614
2023-04-18,157077.82630100616
2023-04-19,157086.43330518706
2023-04-20,157095.0407809846
2023-04-21,157103.64872842468
2023-04-24,157112.2571475331
2023-04-25,157120.86603833572
2023-04-26,157129.47540085838
2023-04-27,157138.08523512693
2023-04-28,157146.69554116722
2023-05-02,157150.61835440673
2023-05-03,157296.52532002018
2023-05-04,157441.4394891769
2023-05-05,157646.8318492376
2023-05-08,157732.64603917388
2023-05-09,157900.9851219133
2023-05-10,157925.38726564538
2023-05-11,158267.74464428407
2023-05-12,158443.05822887638
2023-05-15,158714.9210843986
2023-05-16,158728.46319066238
2023-05-17,158852.6039149699
2023-05-18,158821.71313746934
2023-05-19,159180.8429199378
2023-05-22,159222.74721804203
2023-05-23,159383.6797309859
2023-05-24,160408.34560632144
2023-05-25,159731.4406902339
2023-05-26,160034.1410032719
2023-05-29,160495.1605697078
2023-05-30,160529.82870126257
2023-05-31,160736.82855734753
2023-06-01,160638.2415120489
2023-06-02,161274.8685501529
2023-06-05,161237.2722177483
2023-06-06,161237.9633745061
2023-06-07,161457.77210836473
2023-06-08,161069.50627525715
2023-06-09,160958.5323329858
2023-06-12,161285.57205686887
2023-06-13,161763.2854274494
2023-06-14,162014.6167491909
2023-06-15,162064.60410871785
2023-06-16,162449.81869502392
2023-06-19,162144.56873662508
2023-06-20,162075.55050347117
2023-06-21,161982.70906404252
2023-06-22,161516.45167702585
2023-06-23,161422.65212411803
2023-06-26,161701.6130081208
2023-06-27,161584.6869956483
2023-06-28,161847.94166227474
2023-06-30,161845.01533744985
2023-07-03,162250.1239394271
2023-07-04,161885.98393540917
2023-07-05,162775.48972460077
2023-07-06,163645.83674827398
2023-07-07,164081.81589673553
2023-07-10,163272.20331403788
2023-07-11,164090.8446141083
2023-07-12,164428.51422022955
2023-07-13,163911.6780346705
2023-07-14,165417.6256273218
2023-07-17,165909.10163495148
2023-07-18,165902.137168488
2023-07-19,166278.75759318154
2023-07-20,166862.18391152823
2023-07-21,166518.97132630265
2023-07-24,166418.55543023275
2023-07-25,166752.7997998444
2023-07-26,167468.27687430152
2023-07-27,167337.26273845448
2023-07-28,167851.2658769819
2023-07-31,168789.22925181928
2023-08-01,168976.99364542673
2023-08-02,167303.93471014063
2023-08-03,166897.5196313027
2023-08-04,168100.05855318464
2023-08-07,168885.86213094922
2023-08-08,169118.16343788643
2023-08-09,169841.15632254575
2023-08-10,168921.0753929481
2023-08-11,169280.10831801622
2023-08-14,168523.04343235487
2023-08-16,169165.28596659788
2023-08-17,169357.51046053707
2023-08-18,169096.27421972613
2023-08-21,170150.955588629
2023-08-22,171516.1266918988
2023-08-23,172605.7713555887
2023-08-24,172463.63087864534
2023-08-25,171497.26827470562
2023-08-28,171976.33099315237
2023-08-29,172836.12087807318
2023-08-30,173960.64143107072
2023-08-31,174294.79435417493
2023-09-01,176006.04837712712
2023-09-04,177722.97367641208
2023-09-05,179641.25406244583
2023-09-06,179954.8831916458
2023-09-07,180417.30821500317
2023-09-08,182012.14335278343
2023-09-11,183854.79612485916
2023-09-12,179027.8061981789
2023-09-13,179667.3911552992
2023-09-14,181142.9642019588
2023-09-15,181318.6757221458
2023-09-18,181113.02046648564
2023-09-20,180316.79328886428
2023-09-21,178819.2818208786
2023-09-22,178550.74352668124
2023-09-25,178949.97814206063
2023-09-26,179103.61167325935
2023-09-27,180661.23580335375
2023-09-28,179121.01440654925
2023-09-29,181160.98392137987
2023-10-03,181206.3330469696
2023-10-04,178869.73531959843
2023-10-05,178638.52819049996
2023-10-06,179726.6548986158
2023-10-09,177247.46260037948
2023-10-10,179355.04608394342
2023-10-11,180511.23676330407
2023-10-12,181027.93907219457
2023-10-13,180565.71769164052
2023-10-16,181185.33504843348
2023-10-17,181808.201428937
2023-10-18,180526.9797492226
2023-10-19,180127.28145339736
2023-10-20,178427.35340989844
2023-10-23,174001.70572698486
2023-10-25,173067.20451469728
2023-10-26,170690.40425180382
2023-10-27,173202.42530975983
2023-10-30,173327.5295872501
2023-10-31,173676.5258212312
2023-11-01,173475.29537420705
2023-11-02,174553.8557614214
2023-11-03,175319.40748249018
2023-11-06,176448.21582732015
2023-11-07,176696.7897375137
2023-11-08,177551.82896392612
2023-11-09,177645.27420380412
2023-11-10,177965.5274480993
2023-11-13,179400.96398873307
2023-11-15,180139.48101729815
2023-11-16,180932.96676191431
2023-11-17,181087.4764183691
2023-11-20,181205.1858544416
2023-11-21,181166.41230132635
2023-11-22,181329.21462469528
2023-11-23,181482.84368337557
2023-11-24,181798.05388900163
2023-11-28,182304.32703044513
2023-11-29,182911.5841574253
2023-11-30,184096.46753830332
2023-12-01,185070.74846348335
2023-12-04,188638.63467786319
2023-12-05,190009.92472135724
2023-12-06,190285.5152274528
2023-12-07,191660.06822063326
2023-12-08,190788.3940336124
2023-12-11,192050.14058559775
2023-12-12,191176.7625004967
2023-12-13,193126.29695781405
2023-12-14,195287.8297381643
2023-12-15,197233.54497447386
2023-12-18,197028.11732560486
2023-12-19,197159.33744669173
2023-12-20,191720.7728059906
2023-12-21,194282.2859357785
2023-12-22,195542.8270867219
2023-12-26,197453.56632087045
2023-12-27,197976.3382951868
2023-12-28,200080.94893490852
2023-12-29,200728.7402718222
2024-01-01,201602.06752037944
2024-01-02,201464.77575390975
2024-01-03,201580.15626025322
2024-01-04,203774.57868442437
2024-01-05,204240.31301558303
2024-01-08,202975.06374708784
2024-01-09,203800.18225408692
2024-01-10,203039.7769414677
2024-01-11,203776.2366563417
2024-01-12,205192.06292728687
2024-01-15,207314.19039776316
2024-01-16,207987.03685749744
2024-01-17,205813.18236659045
2024-01-18,205099.8848375199
2024-01-19,208813.5999725825
2024-01-23,204623.01935438122
2024-01-24,208724.42946432316
2024-01-25,209206.12678603668
2024-01-29,215401.94432538358
2024-01-30,213678.07631141334
2024-01-31,215142.43725381425
2024-02-01,215237.98109346052
2024-02-02,218210.1213366921
2024-02-05,218471.66034964428
2024-02-06,220422.61749312907
2024-02-07,221010.48519078994
2024-02-08,221788.28390558844
2024-02-09,219850.02348181393
2024-02-12,214808.2014244127
2024-02-13,216822.1763242389
2024-02-14,218715.50895818736
2024-02-15,221907.41915541232
2024-02-16,222943.2515258632
2024-02-19,223676.27044560286
2024-02-20,224032.94688009578
2024-02-21,221742.15031122667
2024-02-22,223754.35377985644
2024-02-23,224482.0456881764
2024-02-26,224173.7777756872
2024-02-27,224268.85330891586
2024-02-28,220888.93542334734
2024-02-29,221421.64990982632
2024-03-01,224348.15237257245
2024-03-04,226917.51781540492
2024-03-05,227591.8334991088
2024-03-06,227484.02475752062
2024-03-07,228340.6792856844
2024-03-11,227192.5921775658
2024-03-12,224380.82168396728
2024-03-13,215957.52383032677
2024-03-14,220446.0601185732
2024-03-15,218662.50758913788
2024-03-18,219437.8192485936
2024-03-19,216106.168543745
2024-03-20,217080.76119113687
2024-03-21,221196.16437006043
2024-03-22,222635.31308642682
2024-03-26,223888.2176342319
2024-03-27,224773.23995986805
2024-03-28,227118.40244094335
2024-04-01,229927.78477621116
2024-04-02,230932.99119273637
2024-04-03,231370.49561968743
2024-04-04,232225.08083388273
2024-04-05,233735.61381729256
2024-04-08,235966.36149512092
2024-04-09,236579.86659453265
2024-04-10,237131.6285205684
2024-04-12,235172.6238933212
2024-04-15,232508.57138934237
2024-04-16,231746.54642829217
2024-04-18,230332.0567035662
2024-04-19,230556.38802284174
2024-04-22,232257.33474045698
2024-04-23,230593.71907351617
2024-04-24,231976.8536422347
2024-04-25,234562.05269739561
2024-04-26,235356.433963862
2024-04-29,235398.76057273417
2024-04-30,237196.95539380168
2024-05-02,239116.20617621884
2024-05-03,237840.34811445096
2024-05-06,236407.62043720015
2024-05-07,232932.9566042801
2024-05-08,236157.5568602639
2024-05-09,233076.42347333822
2024-05-10,234190.91742668807
2024-05-13,234095.51058503517
2024-05-14,237345.4850257839
2024-05-15,237695.5945045988
2024-05-16,239526.40312215386
2024-05-17,242346.19566287776
2024-05-21,245243.42265345505
2024-05-22,245459.8162796132
2024-05-23,247771.63660031845
2024-05-24,248758.4999087879
2024-05-27,248438.55447891535
2024-05-28,247207.85731076615
2024-05-29,245982.5064794365
2024-05-30,243823.7609113305
2024-05-31,243882.5438460378
2024-06-03,251717.51041659142
2024-06-04,246713.76483725957
2024-06-05,243484.78373291309
2024-06-06,247285.83077889145
2024-06-07,251287.15368320482
2024-06-10,251430.62920098993
2024-06-11,251705.6962071822
2024-06-12,253135.4265673099
2024-06-13,254801.41456938715
2024-06-14,257675.819409847
2024-06-18,258524.9955598736
2024-06-19,256304.32623485287
2024-06-20,256439.10496995645
2024-06-21,255257.6544429896
2024-06-24,256087.71790456274
2024-06-25,255399.7636909725
2024-06-26,253639.58943412188
2024-06-27,254470.6773919477
2024-06-28,254793.92519559074
2024-07-01,255944.85791644405
2024-07-02,255115.97612413543
2024-07-03,256263.94518866736
2024-07-04,257461.8099297248
2024-07-05,259187.31089400747
2024-07-08,259199.48412988614
2024-07-09,261163.60388119897
2024-07-10,259953.01298437305
2024-07-11,260189.51682374848
2024-07-12,260023.31954533022
2024-07-15,261942.17228533508
2024-07-16,262046.36102519062
2024-07-18,260823.55060251922
2024-07-19,256290.17246867262
2024-07-22,258536.96254163072
2024-07-23,258624.65820926105
2024-07-24,259181.5324440896
2024-07-25,259696.22227906936
2024-07-26,264549.43695802434
2024-07-29,266318.83856431744
2024-07-30,266667.90855523385
2024-07-31,268370.2616869547
2024-08-01,267203.75010158535
2024-08-02,263939.1233332163
2024-08-05,261734.07884698725
2024-08-06,258934.34303310368
2024-08-07,262361.3790316437
2024-08-08,260466.11408653305
2024-08-09,263157.01170378935
2024-08-12,262893.76844592195
2024-08-13,262006.862890295
2024-08-14,262076.94707926313
2024-08-16,266335.9330170116
2024-08-19,267283.908309845
2024-08-20,268180.2716344209
2024-08-21,269713.6945214356
2024-08-22,271161.46316444094
2024-08-23,270887.80818987725
2024-08-26,272431.43032713264
2024-08-27,271998.30453625484
2024-08-28,272072.47086964396
2024-08-29,272678.8814980299
2024-08-30,273829.55603005015
2024-09-02,274628.92268658953
2024-09-03,274770.11919768073
2024-09-04,275559.02208328573
2024-09-05,276054.5569146334
2024-09-06,274562.94871798647
2024-09-09,274379.2774420623
2024-09-10,276992.15219111554
2024-09-11,277752.2451039735
2024-09-12,281461.19805420906
2024-09-13,281942.11450777855
2024-09-16,281727.3181198095
2024-09-17,281998.65625455504
2024-09-18,278814.2041067142
2024-09-19,278722.54672705743
2024-09-20,281787.2091235677
2024-09-23,283974.38257955754
2024-09-24,283625.1878562951
2024-09-25,282472.190996677
2024-09-26,283126.46194456425
2024-09-27,284594.57549099915
2024-09-30,282435.8692059319
2024-10-01,283085.73092583986
2024-10-03,279167.0869213408
2024-10-04,278463.2214586235
2024-10-07,275234.94923595135
2024-10-08,277525.53861988464
2024-10-09,279353.2935533379
2024-10-10,277456.4310000897
2024-10-11,278126.4000895672
2024-10-14,279176.3168366405
2024-10-15,279190.90543631464
2024-10-16,278444.899215464
2024-10-17,274423.25140983955
2024-10-18,273293.985517676
2024-10-21,271928.0816058164
2024-10-22,267304.18097615574
2024-10-23,266465.88085833396
2024-10-24,264814.7920803524
2024-10-25,263906.4773381771
2024-10-28,265103.13397408085
2024-10-29,264382.9617897733
2024-10-30,264068.6806569833
2024-10-31,264353.4649319218
2024-11-01,264986.06045042846
2024-11-04,265000.58023456275
2024-11-05,265015.10081430164
2024-11-06,265029.62218968873
2024-11-07,265044.1443607677
2024-11-08,265058.66732758196
2024-11-11,265073.1910901753
2024-11-12,265087.7156485912
2024-11-13,265102.24100287334
2024-11-14,265116.7671530653
2024-11-18,265131.2940992107
2024-11-19,265145.82184135314
2024-11-21,265160.3503795363
2024-11-22,265174.87971380365
2024-11-25,265189.40984419896
2024-11-26,265203.94077076577
2024-11-27,265218.4724935478
2024-11-28,265233.0050125885
2024-11-29,265247.5383279317
2024-12-02,265262.07243962097
2024-12-03,265276.6073476999
2024-12-04,265291.143052212
2024-12-05,265305.6795532012
2024-12-06,265320.216850711
2024-12-09,265334.754944785
2024-12-10,265349.2938354669
2024-12-11,265363.8335228004
2024-12-12,265378.3740068291
2024-12-13,265392.9152875966
2024-12-16,265407.4573651466
2024-12-17,265422.00023952284
2024-12-18,265436.5439107688
2024-12-19,265451.0883789283
2024-12-20,265465.633644045
2024-12-23,265480.1797061625
2024-12-24,265494.7265653245
2024-12-26,265509.27422157465
2024-12-27,265523.8226749567
2024-12-30,265538.37192551425
2024-12-31,265552.92197329097
2025-01-01,265567.4728183307
2025-01-02,265582.0244606769
2025-01-03,265596.57690037333
2025-01-06,265611.1301374638
2025-01-07,265625.6841719919
2025-01-08,265640.23900400137
2025-01-09,265654.7946335359
2025-01-10,265669.3510606391
2025-01-13,265683.9082853548
2025-01-14,265698.4663077266
2025-01-15,265713.02512779826
2025-01-16,265727.5847456135
2025-01-17,265742.14516121603
2025-01-20,265756.70637464954
2025-01-21,265771.26838595775
2025-01-22,265785.83119518444
2025-01-23,265800.3948023732
2025-01-24,265814.95920756785
2025-01-27,265829.5244108121
2025-01-28,265844.09041214973
2025-01-29,265858.6572116244
2025-01-30,265873.22480927984
2025-01-31,265887.79320515983
2025-02-01,265902.362399308
2025-02-03,265916.93239176826
2025-02-04,265931.5031825843
2025-02-05,265946.0747717998
2025-02-06,265960.64715945855
2025-02-07,265975.2203456043
2025-02-10,265989.7943302808
2025-02-11,266004.3691135318
2025-02-12,266018.944695401
2025-02-13,266033.5210759323
2025-02-14,266048.0982551694
2025-02-17,266062.67623315594
2025-02-18,266077.2550099359
2025-02-19,266091.83458555286
2025-02-20,266106.4149600507
2025-02-21,266120.99613347324
2025-02-24,266135.5781058642
2025-02-25,266150.1608772672
2025-02-27,266164.74444772623
2025-02-28,266179.3288172851
2025-03-03,266193.91398598737
2025-03-04,266208.49995387706
2025-03-05,266223.0867209978
2025-03-06,266237.6742873935
2025-03-07,266252.262653108
2025-03-10,266266.85181818483
2025-03-11,266281.44178266806
2025-03-12,266296.0325466013
2025-03-13,266310.6241100286
2025-03-17,266325.21647299355
2025-03-18,266339.80963554006
2025-03-19,266354.4035977119
2025-03-20,266368.9983595529
2025-03-21,266383.59392110683
2025-03-24,266398.1902824176
2025-03-25,266412.78744352894
2025-03-26,266427.3854044848
2025-03-27,266441.98416532896
2025-03-28,266456.5837261051
2025-04-01,266471.1840868573
2025-04-02,266485.78524762916
2025-04-03,266500.3872084647
2025-04-04,266514.9899694076
2025-04-07,266529.5935305019
2025-04-08,266544.19789179123
2025-04-09,266558.80305331957
2025-04-11,266573.4090151307
2025-04-15,266588.0157772686
2025-04-16,266602.62333977694
2025-04-17,266617.2317026997
2025-04-21,266631.84086608066
2025-04-22,266646.4508299637
2025-04-23,266661.0615943928
2025-04-24,266675.6731594117
2025-04-25,266690.2855250643
2025-04-28,266704.8986913944
2025-04-29,266719.51265844604
2025-04-30,266734.12742626294
2025-05-02,266744.05503029074
2025-05-05,267392.16066949035
2025-05-06,268202.71003287856
2025-05-07,268034.3187934176
2025-05-08,267567.14945667225
2025-05-09,267483.11570528185
2025-05-12,266494.2787295437
2025-05-13,266941.03436713695
2025-05-14,266991.40729462216
2025-05-15,266576.30912376073
2025-05-16,267350.90762482624
2025-05-19,267445.2926026951
2025-05-20,267551.38513477484
2025-05-21,268319.9807709537
2025-05-22,268565.1202638326
2025-05-23,268616.9658165625
2025-05-26,268635.65710360656
2025-05-27,268447.7183398084
2025-05-28,268757.5559822652
2025-05-29,268316.63871505024
2025-05-30,268714.65848368005
2025-06-02,268841.548360772
2025-06-03,269157.42179816193
2025-06-04,269373.9204904547
2025-06-05,269753.0974427124
2025-06-06,269142.6296013612
2025-06-09,268507.2744571383
2025-06-10,268470.7156394341
2025-06-11,268495.4729795608
2025-06-12,268445.8536860937
2025-06-13,269485.15032791503
2025-06-16,269685.7043582005
2025-06-17,269339.4562226048
2025-06-18,269653.906136478
2025-06-19,269445.8628299072
2025-06-20,268942.0194928178
2025-06-23,269236.36664505716
2025-06-24,268357.425227108
2025-06-25,268557.6522692071
2025-06-26,268779.00655828184
2025-06-27,267678.75403785316
2025-06-30,267640.6554064933
2025-07-01,268361.1023433345
2025-07-02,268661.6891675977
2025-07-03,268430.36944626115
2025-07-04,268158.21144583216
2025-07-07,267011.83313085337
2025-07-08,267730.5560074621
2025-07-09,265281.0242880121
2025-07-10,267500.18391337234
2025-07-11,268873.15351392824
2025-07-14,271397.5523931459
2025-07-15,270543.74008825206
2025-07-16,269510.06604344404
2025-07-17,268826.8444623399
2025-07-18,270834.6961287012
2025-07-21,272086.77844173403
2025-07-22,274166.29470790003
2025-07-23,277254.64570413553
2025-07-24,272850.96126397693
2025-07-25,272085.10684632766
2025-07-28,271395.44918199116
2025-07-29,271333.2000408435
2025-07-30,273368.23153922893
2025-07-31,272322.58741012285
2025-08-01,270951.84478698287
2025-08-04,273743.1866423698
2025-08-05,274593.5217195503
2025-08-06,274349.1233872019
2025-08-07,275190.07476322
2025-08-08,275976.59551403305
2025-08-11,274063.26229621784
2025-08-12,273434.55938649713
2025-08-13,274013.205390582
2025-08-14,273895.89566402836
2025-08-18,273374.17784156435
2025-08-19,272118.25853424356
2025-08-20,271663.48478292103
2025-08-21,272700.3456375978
2025-08-22,272753.83695228334
2025-08-25,274368.40891834046
2025-08-26,275092.36958894634
2025-08-28,276215.5700195188
2025-08-29,277895.9169381589
2025-09-01,280921.1087507027
2025-09-02,280936.5016881685
2025-09-03,280951.895469083
2025-09-04,280967.2900934922
2025-09-05,280982.6855614425
2025-09-08,280998.0818729802
2025-09-09,281013.4790281513
2025-09-10,281028.8770270022
2025-09-11,281044.27586957905
2025-09-12,281059.675555928
2025-09-15,281075.07608609553
2025-09-16,281090.4774601277
2025-09-17,281105.8796780707
2025-09-18,281121.2827399709
2025-09-19,281136.68664587446
2025-09-22,281152.0913958277
2025-09-23,281167.4969898768
2025-09-24,281182.9034280681
2025-09-25,281198.3107104477
2025-09-26,281213.718837062
2025-09-29,281229.1278079572
2025-09-30,281244.53762317955
2025-10-01,281259.94828277535
2025-10-03,281275.3597867909
2025-10-06,281290.7721352724
2025-10-07,281306.1853282661
2025-10-08,281321.5993658184
2025-10-09,281337.0142479754
2025-10-10,281352.42997478356
2025-10-13,281367.84654628905
2025-10-14,281383.2639625382
2025-10-15,281398.6822235772
2025-10-16,281414.10132945253
2025-10-17,281429.5212802103
2025-10-20,281444.94207589695
2025-10-21,281460.36371655867
2025-10-23,281475.7862022417
2025-10-24,281491.20953299257
2025-10-27,281506.6337088574
2025-10-28,281522.0587298826
2025-10-29,281537.48459611443
2025-10-30,281552.9113075991
2025-10-31,281568.3388643831
2025-11-03,281575.95399218204
2025-11-04,280444.62004795077
2025-11-06,281544.9306713128
2025-11-07,281099.4220957764
2025-11-10,285694.96712338337
2025-11-11,290291.51927867066
2025-11-12,289083.8145961742
2025-11-13,295842.2090354812
2025-11-14,292015.4000416402
2025-11-17,287089.0431342825
2025-11-18,283830.06490712543
2025-11-19,287345.80654226546
2025-11-20,285591.0858512498
2025-11-21,286666.8640342636
2025-11-24,287439.9367675998
2025-11-25,290740.35394025105
2025-11-26,293184.9881793516
2025-11-27,293072.39737987623
2025-11-28,293743.21138966107
2025-12-01,299921.75831238454
2025-12-02,297350.41243887314
2025-12-03,298985.85355821083
2025-12-04,298093.0955017625
2025-12-05,300264.3171150709
2025-12-08,300075.4189704028
2025-12-09,298823.99662993744
2025-12-10,298802.0464547976
2025-12-11,300850.41353522905
2025-12-12,307673.27081573464
2025-12-15,311914.3520472713
2025-12-16,308072.0813825194
2025-12-17,309079.18046462856
2025-12-18,309153.24955107947
2025-12-19,308738.2724406527
2025-12-22,313478.9090180065
2025-12-23,318056.7143908733
2025-12-24,318664.524155172
2025-12-26,321698.80323788954
2025-12-29,318445.7199622486
2025-12-30,312916.20681201754
2025-12-31,312507.8101257266
2026-01-01,310724.34852535196
2026-01-02,320370.9952301253
2026-01-05,325793.4169235162
2026-01-06,333987.29766382393
2026-01-07,337948.26327767427
2026-01-08,322574.7648777536
2026-01-09,332414.0074045529
2026-01-12,351309.2234333586
2026-01-13,359451.68888807425
2026-01-14,379432.5293814318
2026-01-15,379432.52895309596
2026-01-16,389418.15556769155
2026-01-19,406481.6904234336
2026-01-20,431455.52189727
2026-01-21,445813.1465351461
2026-01-22,399236.15729606716
2026-01-23,425830.3415733174
2026-01-27,461266.9793516886
2026-01-28,480356.70796142373
2026-01-29,506205.9724735302
2026-01-30,407706.49981543096
2026-02-02,316873.565456284
2026-02-03,316890.9283913775
2026-02-04,316908.2922778647
2026-02-05,316925.65711579775
2026-02-06,316943.0229052288
2026-02-09,316960.3896462099
2026-02-10,316977.7573387933
2026-02-11,316995.12598303106
2026-02-12,317012.4955789754
2026-02-13,317029.86612667836
2026-02-16,317047.23762619216
2026-02-17,317064.61007756897
2026-02-18,317081.9834808609
2026-02-19,317099.3578361202
2026-02-20,317116.7331433989
2026-02-23,317134.1094027492
2026-02-24,317151.48661422334
2026-02-25,317168.86477787344
2026-02-26,317186.24389375176
2026-02-27,317203.62396191026
2026-03-02,317221.0049824014
2026-03-04,317238.3869552772
2026-03-05,317255.7698805898
2026-03-06,317273.15375839145
2026-03-09,317290.5385887345
2026-03-10,317307.92437167076
2026-03-11,317325.3111072529
2026-03-12,317342.69879553275
2026-03-13,317360.08743656264
2026-03-16,317377.47703039483
2026-03-17,317394.8675770815
2026-03-18,317412.25907667476
2026-03-19,317429.651529227
2026-03-20,317447.04493479023
2026-03-23,317464.4392934168
2026-03-24,317481.83460515895
2026-03-25,317499.2308700689
2026-03-27,317516.6280881987
2026-03-30,317534.02625960077
2026-04-01,317551.42538432736
2026-04-02,317568.82546243066
2026-04-06,317586.22649396287
2026-04-07,317603.62847897626
2026-04-08,317621.03141752305
2026-04-09,317638.4353096555
2026-04-10,317655.840155426
2026-04-13,317673.2459548866
2026-04-15,317690.6527080896
2026-04-16,317708.0604150874
2026-04-17,317725.46907593205
2026-04-20,317742.878690676
2026-04-21,317760.2892593714
2026-04-22,317777.7007820706
2026-04-23,317795.1132588258
2026-04-24,317812.5266896893
2026-04-27,317829.94107471337
2026-04-28,317847.35641395045
2026-04-29,317864.77270745253
2026-04-30,317882.18995527213
2026-05-01,317899.60815746145
2026-05-04,317917.02731407294
2026-05-05,317934.4474251587
2026-05-06,317951.868490771
2026-05-07,317969.29051096237
2026-05-08,317986.7134857849
2026-05-11,318004.1374152909
2026-05-12,318021.5622995329
2026-05-13,318038.9881385631
2026-05-14,318056.4149324337
2026-05-15,318073.8426811971
2026-05-18,318091.2713849057
2026-05-19,318108.70104361174
2026-05-20,318126.1316573675
2026-05-21,318143.5632262255
2026-05-22,318160.995750238
2026-05-25,318178.4292294572
2026-05-26,318195.8636639355
2026-05-27,318213.2990537254
2026-05-28,318230.73539887904
2026-05-29,318248.17269944894
2026-06-01,318265.61095548724
2026-06-02,318283.05016704643
2026-06-03,318300.4903341789
2026-06-04,318317.931456937
2026-06-05,318335.37353537296
2026-06-08,318352.8165695393
2026-06-09,318370.2605594884
2026-06-10,318387.7055052725
2026-06-11,318405.15140694403
2026-06-12,318422.5982645554
2026-06-15,318440.04607815895
2026-06-16,318457.4948478071
2026-06-17,318474.9445735522
2026-06-18,318492.39525544667
2026-06-19,318509.8468935429
2026-06-22,318527.2994878933
2026-06-23,318544.75303855014
2026-06-24,318562.20754556597
2026-06-25,318579.66300899314
2026-06-26,318597.11942888406
2026-06-29,318614.5768052911
2026-06-30,318632.0351382668
2026-07-01,318644.80646326503
2026-07-02,321304.9503636962
2026-07-03,322102.3785732752
2026-07-06,320495.32830729074
2026-07-07,320160.94796818
2026-07-08,318618.1518728427
2026-07-09,319063.99044487963
2026-07-10,320032.6198325189
2026-07-13,321560.0736139711
2026-07-14,321322.56235665875
2026-07-15,320430.249167061
2026-07-16,321531.87753901863
2026-07-17,319882.86678770295
2026-07-20,320187.6330904223
2026-07-21,319122.6788301772
2026-07-22,318051.86783328064
2026-07-23,318766.4956587846
2026-07-24,318752.3616469105
2026-07-27,320189.043926102
2026-07-28,318256.6595738172
2026-07-29,318579.6266269318
2026-07-30,318347.53815918416
2026-07-31,316348.75960835995
2026-08-03,318628.8783634934
2026-08-04,319419.72794307
2026-08-05,319687.0333508682
2026-08-06,321255.95277046534
2026-08-07,321187.8630824594
