TICKER,ETF_NAME,SECTOR,CLOSE,PCT_FROM_HIGH,SCREEN_PASS,SHARPE_12M,SHARPE_9M,SHARPE_6M,SHARPE_3M,COMPOSITE,RANK_INVESTABLE
PHARMABEES,Nippon India Nifty Pharma ETF,NIFTY PHARMA,27.18,1.1276827937431748,True,1.0830451121889828,1.1511168013514586,1.9231769691796714,1.8154984218620338,1.9424597287586032,1.0
MOHEALTH,Motilal Oswal BSE HC ETF,HEALTHCARE,51.76,1.0514242018734548,True,0.7869395378547117,0.9556679052696434,1.8664473005075832,1.8342040143790879,1.7060082319692256,2.0
GROWWDEFNC,Groww Nifty India Defence ETF,DEFENCE,98.09,0.0,True,0.9666492086312094,0.9342577943323814,1.323434340642987,1.4914699449400888,1.5195191060327722,3.0
MODEFENCE,Motilal Oswal Nft INR Dfnc ETF,NIFTY DEFENCE,107.64,0.0,True,0.951761051069104,0.9148976290109981,1.2907226446037305,1.5291347070566075,1.5001555480644313,4.0
EVINDIA,Mirae Asst Nfty EV New Atm ETF,EV,34.16,0.23364485981309988,True,0.4751008233664774,0.4290116074781604,0.8035121450991984,3.586037504737556,1.3034128808100243,5.0
HEALTHY,BSL Nifty Healthcare ETF,HEALTHCARE,17.03,1.2180974477958082,True,0.7101585547008521,0.7356524985557268,1.5074225010453421,1.0330004011250857,1.2918274584195597,6.0
GROWWEV,Groww Nifty EV&New Age Atm ETF,EV,34.2,0.0,True,0.44646321256562616,0.448770147784504,0.8052435660331512,3.1565998310665795,1.215013534416077,7.0
METALIETF,ICICI Pru Nifty Metal ETF,NIFTY METAL,13.07,5.3584359160028985,True,1.3495119547238916,1.250005411046117,0.5235161696559103,-0.617278926068298,1.1329746313710827,8.0
METAL,Mirae Asset Nifty Metal ETF,NIFTY METAL,13.12,5.133767172812733,True,1.2745427138920806,1.2813334099674534,0.550376193089349,-0.5583588572424462,1.1329353994853224,9.0
HDFCSML250,HDFC NIFTY Smallcap 250 ETF,SMALLCAP,184.64,0.4475117269639362,True,0.29744510994778556,0.42260403469570623,1.1597353098661747,2.3844080398253986,1.1095558568188275,10.0
GILT5YBEES,Nippon ETF Nifty 5 yr BM G-Sec,NIFTY GSEC,66.53,0.0,True,0.467104474690486,0.31564204906114646,0.4674879091401222,3.4701584022670113,1.1091692505137334,11.0
MOSMALL250,Motilal Oswal Nifty SC 250 ETF,SMALLCAP,18.43,0.2705627705627744,True,0.3157548746471307,0.4377418506390889,1.1582116811404026,2.2779869720493764,1.1030384607979724,12.0
HEALTHIETF,ICICI Pru Nifty Healthcare ETF,HEALTHCARE,168.59,1.919832450986086,True,0.6331233316056692,0.6373480152049315,1.2772164251520135,0.7703494002418713,1.0810037340943357,13.0
MIDSELIETF,ICICI Pru BSE MC Sel ETF,MIDCAP,19.95,0.0,True,0.6171013630434371,0.33425532188968743,0.8009875747687111,2.190245008101152,1.0535168139172848,14.0
SMALLCAP,MiraeAs NftSmC250 Mt Ql100 ETF,SMALLCAP,48.44,0.349722279366389,True,0.24599972867026526,0.32946341045893285,1.1551839452791324,1.8203539440172032,0.9337306758329496,15.0
ABSLNN50ET,BSL Nifty Next 50 ETF,NIFTY NEXT 50,78.48,0.3808073115003772,True,0.5185770373498423,0.45720218083659897,0.5771992588446632,1.9146040185197468,0.9271226206502292,16.0
JUNIORBEES,NipponETFNifty Next 50 Jr BeES,NIFTY NEXT 50,807.81,0.1470951792336285,True,0.5053797379780175,0.44881482974974735,0.5534908092141873,2.002232483742843,0.9262318158722073,17.0
MAKEINDIA,MiraeAsset NiftyIndia Manu ETF,MANUFACTURING,169.29,0.18866812098344532,True,0.7012556971449365,0.4946521569624092,0.4545039297528125,1.5890599688468854,0.9198280919428748,18.0
MNC,Kotak Nifty MNC ETF,NIFTY MNC,34.79,1.3329551900170133,True,0.6083359651570656,0.6249426750554594,0.5325505972481038,1.3645825784014056,0.9164005815479622,19.0
AUTOBEES,Nippon India Nifty Auto ETF,NIFTY AUTO,302.93,1.463747845037895,True,0.5336649924435576,0.23791892414174448,0.2509178658021855,2.8589931570104254,0.9097486500720405,20.0
NEXT50IETF,ICICI Pru Nifty Next 50 ETF,NIFTY NEXT 50,78.92,0.025335697998474817,True,0.4990679638891177,0.4433485586902323,0.5417898486802015,1.9627940503358738,0.9090919726538289,21.0
MONEXT50,Motilal Oswal Nifty Next50 ETF,NIFTY NEXT 50,74.66,0.2804861760384773,True,0.48867164404700836,0.4404579043908479,0.5391675141993434,1.8932107427069955,0.8884808442207617,22.0
AUTOIETF,ICICI Prudential Nifty AutoETF,AUTO,30.38,1.1067708333333328,True,0.5350817018341382,0.2211271069445181,0.25339864152596614,2.7515224742732265,0.8830135756397495,23.0
SETFNN50,SBI Nifty Next 50 ETF,NIFTY NEXT 50,799.65,0.4481792717086863,True,0.48743742822913244,0.42679899358635276,0.5377095380765055,1.8935804846511424,0.8816269726723516,24.0
MOMGF,MotilalOswal Nifty IN Manu ETF,MANUFACTURING,165.88,1.2030970815961943,True,0.6799111099667918,0.4901637717087203,0.43372913953370656,1.4450478604005297,0.8724375800339217,25.0
NEXT50,Mirae Asset Nifty Next 50 ETF,NIFTY NEXT 50,770.26,0.21375548962961707,True,0.48430508591486987,0.42441261326001095,0.5329385299423895,1.8590024316504659,0.8706837668698515,26.0
ALPHA,Kotak Nifty Alpha 50 ETF,NIFTY ALPHA,53.97,0.7904411764705876,True,0.42124988226847043,0.3901591807466636,0.6989927679964304,1.6978294060280477,0.8543419969376822,27.0
MOALPHA50,MotiOs Nifty Alpha 50 ETF,NIFTY 50,56.15,0.44326241134751776,True,0.40521494160507415,0.36138090245228677,0.6809382889597815,1.6496036120934325,0.8187746832411453,28.0
HDFCNEXT50,HDFC Nifty Next 50 ETF,NIFTY NEXT 50,76.05,0.2230385725531379,True,0.44358483805170984,0.41565019323893154,0.456279706862734,1.8187152784867573,0.8130455871458706,29.0
GROWWNXT50,Groww Nifty Next 50 ETF,INDEX,74.65,2.1881551362683274,True,0.4342316939983968,0.38038890082028326,0.42343595049330723,1.5900123007947866,0.7371160907923117,30.0
NEXT30ADD,DSP BSE Sensex Next 30 ETF,NIFTY NEXT 50,43.78,1.0845006778129167,True,0.6147512189753992,0.46375222130806565,0.41096771064434795,0.8941036833237044,0.7149301149180335,31.0
MID150CASE,Zerodha Nifty Midcap 150 ETF,MIDCAP,11.81,0.16906170752324237,True,0.49983531871354536,0.23220502056921705,0.5564616187988056,1.2558445645009415,0.6856529351406163,32.0
MIDCAPIETF,ICICI Pru Nifty Midcap 150 ETF,MIDCAP,24.33,0.12315270935961058,True,0.461518908641369,0.1998670042883485,0.5121694192292323,1.2258686056292947,0.6325614061459497,33.0
CONSUMER,MiraeAs Nifty IN NA Cnsmp ETF,CONSUMPTION,12.29,1.2057877813504851,True,-0.12680403314295052,-0.10608257958192614,0.47992291266853093,3.2890793611786635,0.6241438115040088,34.0
LICNMID100,LIC MF Nifty Midcap 100 ETF,MIDCAP,64.46,0.17035775127768227,True,0.34325308745859234,0.24359435474776375,0.5352574057387786,1.2597675685762404,0.6116285553912386,35.0
MID150BEES,Nippon IndiaETF NiftyMidcap150,MIDCAP,242.89,0.26280129758141285,True,0.45443888090177587,0.20826006971970315,0.48442402485351294,1.1495904369877579,0.6080655767770575,36.0
SELECTIPO,Mirae Asset BSE Select IPO ETF,SENSEX,48.55,3.9868686469169115,True,-0.2923454745278024,-0.17224664015459842,0.9346701086205061,2.913009179918765,0.6073133657693441,37.0
HDFCMID150,HDFC NIFTY Midcap 150 ETF,MIDCAP,23.8,0.4184100418409953,True,0.4464454263803243,0.1872691938711097,0.484862522958386,1.1753840309070593,0.6006256517948837,38.0
MIDCAPETF,MiraeAsst Nifty Midcap 150 ETF,MIDCAP,23.98,0.12494793835902182,True,0.4550521111342247,0.18097581629496845,0.4753732115107346,1.1283694406502123,0.589303477657009,39.0
MOM100,MotilalOswal NiftyMidcap100ETF,MIDCAP,68.86,0.20289855072463853,True,0.5103628585438343,0.16089611124606118,0.4894041504368869,0.9831820202359302,0.5826910326784116,40.0
MIDSMALL,MiraeAs Nft MdSmC400MtQ100 ETF,MIDSMALL,52.19,0.5715374357020466,True,0.31849476625094925,0.20109755174829297,0.7798249205701563,0.4339167477386669,0.5068588635198358,41.0
EQUAL200,Mirae Asset BSE200 EqlWght ETF,NIFTY 200,14.05,0.2838892831795539,True,0.35965313578003544,0.10339139332658061,0.24897296794328308,1.4158007143197406,0.4881752687119475,42.0
LICNETFGSC,LIC MF Nifty 8-13 yr G-Sec ETF,GSEC10 NSE INDEX,29.73,0.0,True,0.11271460849170457,-0.19548722410983288,0.23794480918704414,2.6504362501714516,0.48498866252495887,43.0
GOLDBETA,UTI Gold ETF,GOLD,128.75,13.15345699831366,True,1.1740996465155775,0.6758859350045727,-0.26340840544702276,-0.9078854099994939,0.4701719186461845,44.0
GOLD1,Kotak Gold ETF,GOLD,127.7,12.904105851861958,True,1.1178915423066473,0.6430145212521686,-0.23294075128717487,-0.8387917134509879,0.4546039259553239,45.0
GOLDIETF,ICICI Gold ETF,GOLD,131.02,14.550316311224156,True,1.0949549823066616,0.62692756462891,-0.23479894743938795,-0.8098891931809573,0.4421712412839613,46.0
GOLDADD,DSP Gold ETF,GOLD,148.65,14.377052013132888,True,1.1035088085348566,0.6375938729721365,-0.2376161613960552,-0.8516936882994707,0.4414681934081384,47.0
HDFCGOLD,HDFC Gold ETF,GOLD,130.62,13.713832738803006,True,1.0926626744149903,0.616097698890643,-0.245327973127375,-0.8870306958645328,0.41760743509102116,48.0
UNIONGOLD,Union Gold ETF,GOLD,149.25,14.714285714285714,True,1.0877962075622565,0.6138598252577491,-0.2265788755380069,-0.9238421850894168,0.4138444041078687,49.0
MOGOLD,Motilal Oswal Gold ETF,GOLD,150.85,12.500000000000005,True,1.0985268269279826,0.6410286664805326,-0.30101959403278716,-0.9244292935349125,0.40384914145703343,50.0
EGOLD,Edelweiss Gold ETF,GOLD,151.2,14.285714285714295,True,1.1345640426831007,0.6550158830406894,-0.3141378926349885,-1.1604653926066748,0.37545337219573427,51.0
GOLDETF,Mirae Asset Gold ETF,GOLD,147.18,14.240764479664373,True,1.1397655315412958,0.6326995969808178,-0.34131971051049526,-1.1119764628949147,0.36816871568573833,52.0
MOREALTY,Motilal Oswal Nifty Realty ETF,NIFTY REALTY,89.67,7.623364582260217,True,-0.1404832301048179,-0.2112237265982295,0.4325413679270781,2.297111874358584,0.36140234883744854,53.0
GOLD360,360 ONE Gold ETF,GOLD,148.9,13.855944460514891,True,0.9768827558447885,0.6055314192733764,-0.25221670703222054,-0.9305479234614507,0.348767242487176,54.0
SETFGOLD,SBI Gold ETF,GOLD,129.06,14.61462123718161,True,1.0972284686164429,0.601375106056303,-0.3210133773439646,-1.0856149619321207,0.3475654146826913,55.0
GOLDCASE,Zerodha Gold ETF,GOLD,23.81,14.598278335724535,True,1.0892578357443543,0.6087654230162194,-0.3367295210355708,-1.101840302764151,0.3382874383376878,56.0
QGOLDHALF,Quantum Gold Fund,GOLD,125.29,14.390160573966511,True,1.098343535496005,0.6096713795585627,-0.32118767155282246,-1.1819760738074154,0.3326551233834461,57.0
TATAGOLD,Tata Gold ETF,GOLD,14.7,15.32258064516129,True,1.0724582997366998,0.5952567276250739,-0.32488814466094856,-1.1139326848182627,0.3266054821482351,58.0
GOLDBEES,Nippon India ETF Gold BeES,GOLD,125.13,14.60451784617485,True,1.0678070383190499,0.5828492867898621,-0.32920510751389914,-1.1003386248631808,0.3202921635260023,59.0
BSLGOLDETF,Aditya Birla Sun Life Gold ETF,GOLD,133.19,13.349814585908534,True,1.0709715734725065,0.5985481215057459,-0.327487669157235,-1.1456582285567016,0.32017897566529485,60.0
PSUBANKADD,DSP Nifty PSU Bank ETF,BANK,88.37,11.069739357955116,True,0.8780157663119794,-0.02178365407222518,-0.8925634581375521,1.569516337657404,0.29816498273979486,61.0
PSUBNKIETF,ICICI Pru Nifty PSU Bank ETF,BANK,88.58,11.561501597444087,True,0.8881064565276406,-0.02123078852270596,-0.9369617120906204,1.5354120602287962,0.2805881938308727,62.0
ABGSEC,Aditya BSL CRISIL BB Gilt ETF,NIFTY GSEC,115.49,0.0,True,0.1900670564062255,-0.036617461548025525,0.07700906498303212,1.3634224193503783,0.27883380036866046,63.0
BANKPSU,Mirae Asset Nifty PSU Bank ETF,NIFTY BANK,87.99,11.14813692820358,True,0.8920059272336097,-0.031057246231359623,-0.9297370301224398,1.4762030030741,0.2691304200024734,64.0
MULTICAP,MA Nifty500 Mltcp 50:25:25 ETF,NIFTY500,16.92,0.47058823529410765,True,0.13294520118143394,-0.08486099621285427,0.20942326833851393,1.2942699747303987,0.2653530061105683,65.0
PSUBNKBEES,NipponINETFNifty PSU Bank BeES,NIFTY BANK,97.52,11.240557021935022,True,0.8722715935725952,-0.04329590567746019,-0.9250501966858661,1.5127734084553022,0.26364762350020754,66.0
GSEC5IETF,ICICI Pru Nifty 5 yr G-SEC ETF,NIFTY GSEC,66.36,0.8219997010910135,True,0.17508084214632147,0.030518236697481906,0.015206290149764923,1.2377787922595154,0.25402836978556764,67.0
LTGILTBEES,Nippon 8-13 yr G-Sec LT Glt,NIFTY GSEC,30.05,0.23240371845949628,True,-0.07043236295868847,-0.3164970789184507,-0.0034989200457357394,2.5982749056583785,0.25288825636473966,68.0
MOGSEC,MotilalOswalNifty5YBMG-Sec ETF,NIFTY GSEC,65.5,0.9676443906864236,True,0.06082837368228978,0.09563434415281322,0.16547062229278872,1.078172885531841,0.25128747984473243,69.0
HDFCPSUBK,HDFC NIFTY PSU Bank ETF,BANK,88.2,11.294377954339739,True,0.8500617047014314,-0.030581352601776444,-0.9186148024955845,1.4199672278688276,0.24292653986774362,70.0
BBNPPGOLD,Baroda BNP Paribas Gold ETF,GOLD,146.2,16.718883508971814,True,0.957261498064095,0.5513168030176941,-0.32809404750110255,-1.195692634485796,0.2375682087874667,71.0
MOQUALITY,Motilal Oswal BSE Quality ETF,BSE,205.35,1.026604973973393,True,0.22823800494100283,0.08072830067215758,0.3174542864359882,0.3622787129830142,0.23553378062673308,72.0
FINIETF,ICICI PruNiftyFnlSvcEx-Bk ETF,FINANCIAL SERVICES,33.27,1.7714791851195584,True,0.44144479898063693,-0.0045677163654844945,0.01738124778619995,0.4604239372433931,0.20996243188298513,73.0
ALPHAETF,Mirae Asset Nifty200 Alp 30ETF,NIFTY 200,26.67,1.03896103896103,True,0.17902787445459697,0.04341478980714293,0.13569245381758113,0.7083509451971179,0.2002634717658781,74.0
ALPL30IETF,ICICI Nifty Alp Lw- Vol 30 ETF,NIFTY ALPHA,28.33,0.8053221288515421,True,-0.02120560816416106,-0.10785385505084716,-0.3190867766702045,2.109093264961846,0.15669001740297916,75.0
SETF10GILT,SBI Nifty 10 yr BM G-Sec ETF,NIFTY GSEC,267.1,0.0,True,-0.12343843177431772,-0.2907763571288303,0.0934132080742848,1.9657079502635468,0.14975768744379797,76.0
MOMENTUM50,Motilal Osw Nifty500 Mmt50 ETF,NIFTY 500,54.41,0.5665204678362614,True,0.16707618543841202,-0.13950305726399212,0.1744787433176721,0.7799015893357576,0.14436571326732542,77.0
GSEC10YEAR,Mirae Asst Nfty8-13yr GSec ETF,NIFTY GSEC,30.55,0.8438818565400779,True,0.07210771932069739,-0.09355432193479232,-0.009976053825280115,1.1413002494117046,0.12566674287291588,78.0
EQUAL50ADD,DSP N50 EqWt ETF,NIFTY 50,349.22,1.0287657644891584,True,0.19392288298882046,-0.12977993261906395,-0.18150081909195362,1.139416843004175,0.10500323590991327,79.0
CONSUMIETF,Pru Nifty IN Consump ETF,CONSUMPTION,126.0,3.4852546916890166,True,-0.2855325510434153,-0.45441391139002435,0.19064083192955406,2.2674879969195776,0.09887311401479754,80.0
GROWWMOM50,Groww Nifty 500 Momentum50 ETF,NIFTY 500,10.98,0.8130081300812995,True,0.1697892375661899,-0.1569558693190217,0.18727467815754184,0.5540001319396983,0.09836889543201777,81.0
MON50EQUAL,Motilal Oswal Nifty50EqWgt ETF,NIFTY 50,33.9,1.5679442508710777,True,0.2266444699157294,-0.13441011039051143,-0.215996414516216,1.0664579502709544,0.09152837491306542,82.0
SBIETFCON,SBI Nifty Consumption ETF,CONSUMPTION,125.56,3.519286921776536,True,-0.3001410499838569,-0.473460722875678,0.18239848015325216,2.2951148197146676,0.08649354782647956,83.0
AONETOTAL,Angel One Nifty Total Mrkt ETF,NIFTY TOTAL MARKET INDEX,12.05,0.8230452674897091,True,0.02121512086949738,-0.2711404980628351,-0.05032122246470902,1.511120766583252,0.08453440961572216,84.0
HDFCQUAL,HDFC Nifty100 Quality 30 ETF,NIFTY 100,60.07,2.2139020022790157,True,-0.05660174827233911,-0.28554540568376563,0.07027199269812502,1.422568183503319,0.06798265643038838,85.0
MONIFTY500,Motilal Oswal Nifty 500 ETF,NIFTY 500,24.21,1.1836734693877515,True,0.00290695084860999,-0.3164721339847527,-0.10503511512331118,1.5735936033098776,0.049544440701257325,86.0
GSEC10ABSL,Aditya BSL CRISIL 10y Gilt ETF,NIFTY GSEC,113.27,1.44435743496042,True,-0.10343610246561877,-0.12443856595336979,0.05871252420206421,1.0959115262420953,0.04708410095970371,87.0
GSEC10IETF,ICICI Pru Nfty10yr BM GSec ETF,NIFTY GSEC,267.11,0.05612512160442164,True,-0.1354363078703276,-0.19461869891087696,0.11649567731034309,1.208108346462785,0.044876275056490944,88.0
GILT5BETA,UTI Nifty 5 yr Bnmk G-SEC ETF,NIFTY GSEC,66.43,1.2780502303462615,True,0.12321082150053286,0.013404343519036698,0.06564014134579091,0.1783559266534948,0.03283547600565076,89.0
SBINEQWETF,SBI Nifty50 Equal Weight ETF,NIFTY 50,33.99,1.5923566878980808,True,0.1607572760973541,-0.10515015686699097,-0.18024777547162327,0.7851323807401136,0.031178363803039014,90.0
TNIDETF,Tata Nifty India Digital ETF,DIGITAL,91.51,9.216269841269833,True,-0.34513007108570365,-0.7042864336537067,0.30908944981655345,2.387557198441659,0.030214369063694235,91.0
GILT10BETA,UTI Nifty 10 yr Bnmk G-SEC ETF,NIFTY GSEC,26.91,0.5175600739371555,True,0.0027780059039781363,-0.08446875856071609,0.14902093441280823,0.5089294399783266,0.029993456839688078,92.0
CONSUMBEES,Nippon ETF Nifty IN Consumpt,CONSUMPTION,135.23,3.887704335465529,True,-0.302582102698231,-0.4778766241581899,0.1640721840480628,2.023794815822644,0.02372994187343805,93.0
EQUAL50,Mirae Asset Nifty50EqlWght ETF,NIFTY 50,337.0,1.2251597397268323,True,0.18906000857969293,-0.184227205333708,-0.28469774740254666,1.0309808650710262,0.02155157873686837,94.0
BSE500IETF,ICICI Prudential BSE 500 ETF,SENSEX,40.01,1.5259660349495556,True,-0.017973850935485588,-0.3382129001381834,-0.1739385189660871,1.5339749932488629,-0.0016176195708607899,95.0
MOMIDMTM,MotiOs NiftyMidcap150Mmt50 ETF,MIDCAP,65.04,3.0122278556516493,True,0.09372013307221047,-0.1121075186124386,0.04073071781998127,0.28508991269197476,-0.022316524340928207,96.0
NIFTYQLITY,Aditya BSL Nifty 200 Ql 30 ETF,NIFTY 200,21.9,3.1402034498009765,True,-0.09575414780807603,-0.3140337373429378,0.0360026882812055,1.1773056304921585,-0.022534435147211915,97.0
VAL30IETF,ICICI Nifty200 Value 30 ETF,NIFTY 200,15.37,7.798440311937627,True,0.901193012514073,0.31512963951643036,-0.831438858627599,-0.9864266264573294,-0.02695711825867919,98.0
SBIETFQLTY,SBI Nifty 200 Quality 30 ETF,NIFTY 200,228.82,2.609065758672056,True,-0.07883027497754386,-0.3132530633498089,0.026263869776183134,0.9940445331082081,-0.05382522522345625,99.0
COMMOIETF,ICICI Pru Nifty Commodity ETF,COMMODITIES,100.24,6.483813788599685,True,0.5955494057096746,0.3693069745449004,-0.3441491818753757,-1.4122600734856243,-0.05508180569333604,100.0
BANKADD,DSP Nifty Bank ETF,NIFTY BANK,59.26,5.712012728719178,True,0.15236486679491917,-0.36646372601524413,-0.7447229077111043,1.9492819894564644,-0.05645960389322169,101.0
BBNPNBETF,Baroda BNP Prba Nifty Bank ETF,BHARATBOND,57.89,7.450039968025575,True,0.053756442220168815,-0.2948508290520897,-0.5207806773766475,1.5256192935629553,-0.07486391709727142,102.0
HDFCBSE500,HDFC BSE 500 ETF,SENSEX,38.07,1.8055197317513614,True,-0.03576483514873543,-0.24683559234830788,-0.10753555739907654,0.7565393876187416,-0.09971764755630598,103.0
ABSLBANETF,Aditya BSL Nifty Bank ETF,NIFTY BANK,59.1,6.056270863137809,True,0.13612492081415334,-0.3871361091017133,-0.7555395447531157,1.8097508304527175,-0.10400199598634885,104.0
QUAL30IETF,ICICI Pru Nifty 200Ql30ETF,NIFTY 200,21.65,2.827648114901268,True,-0.12159539614257395,-0.3815711320577127,0.021918582123397774,0.9856448902323395,-0.10592759045124442,105.0
HDFCNIFBAN,HDFC NIFTY Bank ETF,NIFTY BANK,59.29,6.097560975609758,True,0.12069780171525939,-0.4009947528578665,-0.7687159568631727,1.8287362170656192,-0.11798861688481305,106.0
BANKBETF,Bajaj Finserv Nifty Bank ETF,NIFTY BANK,58.54,6.110665597433845,True,0.12392560200593206,-0.41149063179710577,-0.8354159982774171,1.9491406744509205,-0.12105232384274187,107.0
BANKETF,Mirae Asset Nifty Bank ETF,NIFTY BANK,587.02,6.132369637174796,True,0.12224990512460893,-0.3798307589928153,-0.7613165322165315,1.7460992443285757,-0.12181269684432267,108.0
EBANKNIFTY,Edelweiss Nifty Bank ETF,NIFTY BANK,58.22,6.608918832210466,True,0.11836419470426002,-0.4045587191455261,-0.7447960920473057,1.7697285286555033,-0.12367091032988972,109.0
SETFNIFBK,SBI Nifty Bank ETF,NIFTY BANK,592.3,6.037819658607789,True,0.12085403788034349,-0.40049902974564555,-0.7964278584062975,1.8233436087629245,-0.12860554092909,110.0
BANKBEES,Nippon IN ETF Nifty Bank BeES,NIFTY BANK,596.37,6.21048658509735,True,0.11847260900024992,-0.4073493947753553,-0.8050855127967581,1.8187003319340997,-0.136617709943454,111.0
HDFCGROWTH,HDFC Nifty Gth Sectors 15 ETF,NIFTY GROWTH,122.68,7.522991105080649,True,-0.29543606946998024,-0.6463714051315119,-0.07274558070989373,1.948304953577194,-0.14394587570740988,112.0
MSCIINDIA,Kotak MSCI India ETF,MSCI INDIA INDEX,30.38,3.186743148502231,True,-0.018532271108649995,-0.33154600998750394,-0.2905524351252783,0.993015986413545,-0.14659699082018876,113.0
NIF100BEES,Nippon India ETF Nifty 100,NIFTY 100,271.73,3.264506941972218,True,-0.18952131650650142,-0.11671632812516959,-0.5639313937606196,1.3246318403410264,-0.16553754989116612,114.0
GROWWN200,Groww Nifty 200 ETF,NIFTY 200,11.55,2.6532263502123925,True,-0.017351759225302535,-0.38516786887246374,-0.31219277408324714,0.9879809312248055,-0.17765400188630565,115.0
MOMENTUM,Aditya BSL Nifty200 Mmt 30 ETF,NIFTY 200,31.65,3.0330882352941235,True,-0.023766188125265493,-0.31485513590972547,-0.2778576598473495,0.6279687189002662,-0.20899713855453964,116.0
LOWVOL1,Kotak Nifty 100 Low Vol 30 ETF,NIFTY 100,21.58,3.0112359550561876,True,-0.18840607740839319,-0.3971561953081178,-0.2557722322737337,1.029260707501501,-0.23343941642452598,117.0
MOM30IETF,ICICI Nifty200 Momentum 30 ETF,NIFTY 200,31.72,3.145038167938935,True,-0.03927188076745649,-0.3668585263756557,-0.3515057609397671,0.5881788833178807,-0.27234098952854136,118.0
MOMOMENTUM,Motilal Osw Nifty200 Mmt30 ETF,NIFTY 200,62.96,3.6867064402631233,True,-0.055139766701385665,-0.37869833965194505,-0.3461416153106069,0.5750141088092947,-0.2853912188075095,119.0
HDFCMOMENT,HDFC Nifty200 Momentum 30 ETF,NIFTY 200,31.38,3.535198278512149,True,-0.04615620285996023,-0.3781168304924472,-0.3428373395064685,0.5355077020252005,-0.28758299426750994,120.0
LOWVOL,Mirae Asst Nfty 100Lw Vol30ETF,NIFTY 100,210.85,3.5452881976212263,True,-0.2620878583516278,-0.5166229087697405,-0.3798652955159146,1.3859567770366974,-0.2925411964369604,121.0
GROWWLOVOL,Groww Nifty 500 Low Vol 50 ETF,NIFTY 500,10.6,3.0467113627424975,True,-0.029870315794391755,-0.39405189430005455,-0.4574751748207333,0.6616760139338967,-0.3028521936709399,122.0
PVTBANIETF,ICICI Pru Nifty PB ETF,NIFTY BANK,27.74,5.77445652173914,True,0.020658336631203162,-0.48493395746793555,-0.7246282921124029,1.164656826098671,-0.3146181930439876,123.0
HDFCLOWVOL,HDFC Nifty100 Low Vol 30 ETF,NIFTY 100,21.05,3.484640073360835,True,-0.1801200833853468,-0.459692516350577,-0.6462020023721177,1.397986723196856,-0.322676059383236,124.0
PVTBANKADD,DSP Nifty Private Bank ETF,NIFTY BANK,27.84,5.498981670061103,True,0.004881488128198962,-0.4601282719537057,-0.6709108338859349,1.0086038127620747,-0.32282366691469055,125.0
NPBET,Tata Nifty Private Bank ETF,NIFTY PRIVATE BANK INDEX,283.44,6.1984975345004525,True,0.001641118822987966,-0.47036521688009625,-0.716810979863901,1.0887218129147445,-0.32927422757629343,126.0
EMULTIMQ,Edelweiss Nifty500McpMtQ50 ETF,NIFTY500,42.29,2.3776546629732254,True,-0.019394931693949506,-0.3169165492763637,0.051465098583306695,-0.6112891237522853,-0.3340800719795501,127.0
SBIETFPB,SBI Nifty Private Bank ETF,BANK,279.76,5.6554142919771975,True,-0.0017443390867866594,-0.4888793500403526,-0.7383613865083979,1.017984306526175,-0.36028497997230857,128.0
HDFCPVTBAN,HDFC Nifty Private Bank ETF,NIFTY BANK,27.82,6.140350877192984,True,-0.019800052894519263,-0.4975863587814874,-0.7648044994268771,1.0613356726535317,-0.3732104968759717,129.0
MOVALUE,Motilal Osw BSE EnhVal ETF,BSE,114.71,10.1793125048939,True,0.5372266969897431,-0.1454353768350083,-1.040107769481595,-0.5333880658209711,-0.3767582886638968,130.0
TOP100CASE,Zerodha Nifty 100 ETF,NIFTY 100,10.74,4.363312555654499,True,-0.18669003012970545,-0.6046995545583653,-0.5727364602599877,1.2648863960307584,-0.38772740348650986,131.0
LOWVOLIETF,ICICI Nifty 100 LowVol 30 ETF,NIFTY 100,22.51,3.8855678906917173,True,-0.33551874739044335,-0.6152855503738198,-0.5235622458122622,1.4661093247098318,-0.4038621998788205,132.0
MOTOUR,MotilalOswal Nifty IN Trsm ETF,TOURISM,80.18,14.08177982947086,True,-0.8100064524232752,-0.730328943718544,-0.09127644015811394,2.012275807773145,-0.41091805907329304,133.0
HDFCNIF100,HDFC Nifty 100 ETF,NIFTY 100,26.37,4.663774403470713,True,-0.189860053999842,-0.5506312136270363,-0.530717914524319,0.8999075015548854,-0.4227670624347536,134.0
INFRABEES,Nippon IN ETF Nifty Infra BeES,INFRA,976.93,3.164958467973759,True,0.06405760490682716,-0.44573562192907856,-0.5397921178851954,0.06929939161147916,-0.42716142329077056,135.0
NIF100IETF,ICICI Prudential Nifty 100 ETF,NIFTY 100,28.53,4.836557705136755,True,-0.2134788761773667,-0.6105935304801632,-0.5631355482297041,0.9692937218517921,-0.4571832359843965,136.0
INFRAIETF,ICICI Pru Nifty Infra ETF,INFRA,96.95,3.436254980079684,True,0.0703103462950495,-0.48728588031340264,-0.5530949665141928,-0.09932050196592836,-0.47985991829397645,137.0
BFSI,Mirae Asset Nifty Fin Serv ETF,FINANCIAL SERVICES,27.31,7.17199184228417,True,-0.12214021140225027,-0.5247290668143929,-0.8291098708625764,0.7624228606554381,-0.5134569781260541,138.0
LICNFNHGP,LIC MF Nifty 100 ETF,NIFTY 100,278.73,4.8085789419760205,True,-0.2547459651063972,-0.5936949374875565,-0.6167526487523785,0.7929369572324833,-0.522619117994815,139.0
ESG,Mirae Nifty 100 ESG Sec Ld ETF,NIFTY 100,41.95,6.674082313681868,True,-0.394475985567618,-0.7417433197140398,-0.6025607671656101,0.9074978846211884,-0.62276690348364,140.0
ECAPINSURE,Edelws BSE Captl Mkts&Insr ETF,NIFTY CAPITAL MARKET,23.76,4.769539078156304,True,-0.02207705442476013,-0.336545594241006,-0.4966358125169535,-1.0738619474249287,-0.6291533740013311,141.0
NIFTYBETF,Bajaj Finserv Nifty 50 ETF,NIFTY 50,251.56,6.451972778996698,True,-0.33532766566161754,-0.7681483045098357,-0.7494613857850485,1.0323299730275683,-0.6344884641929841,142.0
TECH,Aditya BSL Nifty IT ETF,NIFTY IT TRI,34.29,19.14642772930912,True,-0.6166053881956756,-0.9111664302601487,-0.2642838449924651,0.9283177451388915,-0.673299940297398,143.0
IDFNIFTYET,Bandhan Nifty 50 ETF,NIFTY 50,267.57,21.059153267443577,True,-0.2503655700417212,-0.5290574030564333,-0.9675093875219138,0.49882025695061755,-0.6752609660385333,144.0
MOINFRA,Motilal Oswal BSE IN Infra ETF,INFRA,59.94,7.67396618408832,True,0.05226471468986376,-0.28693100698667656,-0.4737928550238732,-1.6714808851083327,-0.6828523890812854,145.0
IT,Kotak Nifty IT ETF,NIFTY IT TRI,34.75,19.504285383368085,True,-0.6300074260099906,-0.9340992138670432,-0.2892343474509198,0.9177573556442965,-0.7002131669413181,146.0
ITETF,Mirae Asset Nifty IT ETF,NIFTY IT TRI,33.2,19.670941204935872,True,-0.6302414407682532,-0.9488052358353071,-0.2865178553861516,0.9291649689623388,-0.7034053098276036,147.0
MOLOWVOL,Motilal Osw BSE LowVol ETF,MIDCAP,37.36,5.988928032209366,True,-0.3793710827117646,-0.6723698008783685,-0.6675041876899845,0.3640839933735753,-0.7158492742044245,148.0
BSLNIFTY,Aditya BSL Nifty 50 ETF,NIFTY 50,28.66,6.339869281045756,True,-0.36008012738951883,-0.8583789353949974,-0.848718700001253,1.0303110751519182,-0.7201204150374256,149.0
NIFTYETF,Mirae Asset Nifty 50 ETF,NIFTY 50,265.71,6.542154690302847,True,-0.3548848822440711,-0.8528062156799605,-0.8438357137939703,0.9963409338758067,-0.7202761828295885,150.0
ITBETA,UTI Nifty IT ETF,NIFTY IT TRI,328.81,19.69667366775753,True,-0.6500215075416312,-0.9556539116635658,-0.29474882424814647,0.9017345425866096,-0.7237518113882327,151.0
ITBEES,Nippon India ETF Nifty IT,NIFTY IT TRI,34.81,19.588819588819582,True,-0.6435663676287107,-0.956726548116082,-0.29929731228364115,0.8893482741995737,-0.7252828608587863,152.0
NIFTYBEES,Nippon India ETF Nifty 50 BeES,NIFTY 50,278.35,6.452697025709961,True,-0.36837604290542714,-0.8673790155719721,-0.845033463685986,1.0280502368888633,-0.7269249108117809,153.0
HDFCNIFIT,HDFC Nifty IT ETF,NIFTY IT TRI,33.44,19.65401249399327,True,-0.6631321026581152,-0.9864597074940247,-0.3069353881235947,0.978871362519144,-0.7321544272259425,154.0
NIFTYIETF,ICICI Prudential Nifty 50 ETF,NIFTY 50,276.84,6.46665315224003,True,-0.36582626185316475,-0.8632621480672265,-0.8481752796853458,0.977790346634567,-0.7349686426017752,155.0
NIFTY1,Kotak Nifty 50 ETF,NIFTY 50,270.84,6.44236415765658,True,-0.3508583735961971,-0.8716473125322011,-0.8791168373046329,1.0092459762248918,-0.7364756826371235,156.0
SETFNIF50,SBI Nifty 50 ETF,NIFTY 50,263.05,6.457807332598403,True,-0.3778642915019691,-0.8862453522639764,-0.8452496571609961,1.0104197593103688,-0.7428988370687912,157.0
HDFCNIFTY,HDFC Nifty 50 ETF,NIFTY 50,274.89,6.573089079971462,True,-0.3666551560472328,-0.8463697419771941,-0.8329793739340087,0.8600704397009252,-0.7458312348828718,158.0
LICNETFN50,LIC MF Nifty 50 ETF,NIFTY 50,273.15,6.55788177339902,True,-0.38461213147915013,-0.8256929459726015,-0.8498435282870046,0.8030380397369468,-0.7624442637686346,159.0
SBIETFIT,SBI Nifty IT ETF,NIFTY IT TRI,346.72,19.861319773488955,True,-0.6544182411021626,-0.975037768682746,-0.3156758049176216,0.7921397578559044,-0.763003940211152,160.0
NETF,Tata Nifty 50 ETF,NIFTY 50,264.83,6.766414363668377,True,-0.40349229928249664,-0.8819694473221881,-0.8344652913572902,0.9361780647630938,-0.7636149607674396,161.0
NIFTYADD,DSP Nifty 50 ETF,NIFTY 50,256.83,6.631039371796274,True,-0.3769769517611615,-0.8952846679861889,-0.8680971751807133,0.9371185273615463,-0.7688539706789764,162.0
AONENIFTY,Angel One Nifty 50 ETF,NIFTY 50,10.05,6.685236768802218,True,-0.39742717325505217,-0.8923050900652726,-0.8772319580664891,0.9287936313676971,-0.7818788897507671,163.0
MOM50,Motilal Oswal Nifty 50 ETF,NIFTY 50,254.28,7.061403508771937,True,-0.39463300884462044,-0.8792390751888832,-0.8767099051713727,0.8198649438473566,-0.7961951619962093,164.0
NV20BEES,NipponINETFNifty 50 Value 20,NIFTY 50,141.24,9.946442234123944,True,0.7650269701831828,-1.072650932087229,-1.4733095157867053,-0.4633822213728612,-0.8083852870268844,165.0
ABSLPSE,Aditya BSL Nifty PSE ETF,PSE,10.21,8.594449418084146,True,0.15945130602481314,-0.1379045752007313,-0.8869895327779411,-2.1807515062218097,-0.8164507305339006,166.0
MOPSE,Motilal Oswal Nifty PSE ETF,PSE,100.39,8.160950244623587,True,0.19890418873544455,-0.11871821527648502,-0.9725597834416077,-2.164157786363716,-0.817209049717185,167.0
ITADD,DSP Nifty IT ETF,NIFTY IT TRI,32.77,20.557575757575748,True,-0.6875186272715745,-1.007730870651792,-0.3991829889722992,0.7314372739361985,-0.8338022640298136,168.0
ITIETF,ICICI Prudential Nifty IT ETF,NIFTY IT TRI,34.27,20.79963022879593,True,-0.6984226432010338,-1.0447299751263084,-0.40957759631420115,0.6613404280200259,-0.8720920352292925,169.0
DIVOPPBEES,Nippon ETF Nifty Div Opps 50,NIFTY 50,78.5,7.440160358448298,True,-0.1474056633694104,-0.6687972436895353,-1.130049100966307,-0.17397034580405327,-0.8773320189330807,170.0
SENSEXADD,DSP BSE Sensex ETF,SENSEX,80.32,8.664998862861047,True,-0.5130188306037078,-1.0150944779899613,-0.8982552317325496,0.9391901538231211,-0.8930552298526072,171.0
LICNETFSEN,LIC MF BSE Sensex ETF,SENSEX,880.0,8.620797075865505,True,-0.5101080324748944,-1.0129404628669112,-0.9876716036523919,1.0188484895545122,-0.9069204250619664,172.0
TOP15IETF,Pru Nifty Top 15 Eql Wght ETF,NIFTY 50,10.07,9.559563155625801,True,-0.4387085962687383,-1.0546621363869744,-1.0283878204128198,1.0050910250727396,-0.9090286392424182,173.0
SENSEXETF,Mirae Asset BSE Sensex ETF,BSE,80.58,8.285909401320284,True,-0.5320985059667436,-1.0530925756770704,-0.9825999911230785,1.044349406272266,-0.9274128021686203,174.0
SENSEXIETF,ICICI Pru BSE Sensex ETF,SENSEX,896.91,8.473901729680094,True,-0.5485397728336711,-1.141023381161715,-0.9928860826026397,0.981976276270028,-0.9884756484351896,175.0
HDFCSENSEX,HDFC BSE Sensex ETF,SENSEX,88.25,8.766670112684796,True,-0.5846354224087709,-1.1274482290792773,-1.03589434721081,1.0050161162432945,-1.0100539740129906,176.0
BSLSENETFG,Aditya BSL BSE Sensex ETF,SENSEX,78.14,9.054934823091248,True,-0.5561827744860691,-1.0560515828562393,-0.9732048693237166,0.6588455222512292,-1.0120844773474187,177.0
ICICIB22,Bharat 22 ETF,SENSEX,115.64,9.670364005624128,True,0.34361715229856704,-0.3376775211808322,-1.5438502379336052,-2.2724809159933925,-1.0683288387646113,178.0
OILIETF,ICICI Prudential Nifty O&G ETF,NIFTY OIL&GAS,11.37,9.257781324820433,True,-0.1452126801510909,-0.8206577206914086,-1.1760571426101143,-0.8297687421740806,-1.0862817377995824,179.0
HNGSNGBEES,Nippon India ETF HangSeng BeES,HANG SENG INDEX,482.66,14.77557650881096,True,-0.0092152931933431,-0.4033962551306914,-0.9559775208219922,-2.5544498295145845,-1.1054990929225283,180.0
SHARIABEES,NipponETFNifty 50 Shariah BeES,SHARIAH,471.72,9.767014805463091,True,-0.8487134647129264,-1.1346548001025478,-0.7684704816165943,-0.20710098278411676,-1.2776622341229138,181.0
TOP10ADD,DSP Nifty Top10Equal WeightETF,NIFTY 50,88.85,13.435307872174596,True,-0.8086540213146112,-1.4835798884530411,-1.318326553786744,0.32756902014730377,-1.498771531093793,182.0
CPSEETF,CPSE ETF,CPSE ETF,93.85,13.748736329381497,True,0.11481039685153177,-0.10715879669914975,-1.7697016247089135,-4.589239399204823,-1.6100138719217214,183.0
HDFCVALUE,HDFC Nifty50 Value 20 ETF,NIFTY 50,126.99,9.872249822569206,True,-0.7403475319153874,-1.215258302683651,-1.5697539923953494,-0.571216662313651,-1.6182536592314305,184.0
NV20IETF,ICICI Pru Nifty50 Value 20 ETF,NIFTY 50,13.73,10.261437908496733,True,-0.7916236363347527,-1.2762823798219176,-1.7059292193089697,-0.4389447905423523,-1.6903767687081048,185.0
GROWWRAIL,Groww Nifty IN Railway PSU ETF,RAILWAYS,29.21,19.752747252747245,True,-0.8635802268115178,-1.0630940430223157,-1.442143752902222,-1.956422658978769,-1.836462421220682,186.0
CASHIETF,ICICI Pru BSE LiqRt ETF-Growth,LIQUID,1075.6,0.0,True,-1.0427864030660123,-1.393964560473592,-1.4037753695085655,-0.9205715362216547,-1.8435888522476698,187.0
FMCGIETF,ICICI Pru Nifty FMCG ETF,NIFTY FMCG,51.98,14.786885245901644,True,-1.3624952341939185,-1.4943527883928518,-1.1871604695390234,-1.6947603272973606,-2.1087755850586545,188.0
ABSL10BANK,Aditya BSL BSE Top10 Banks ETF,NIFTY BANK,169.69,7.3238667394866175,True,,,,1.1651979452041097,,226.0
AONEGOLD,Angel One Gold ETF,GOLD,14.1,13.323579674686792,True,,0.697154795533469,-0.35772024631221966,-1.223268420225712,,226.0
AONETMMQ50,Angel One NiftyTtMktMtQt50 ETF,NIFTY 750,10.42,0.8063057488552721,True,,,0.43872631544204543,0.196173238911391,,226.0
AONESILVER,Angel One Silver ETF,SILVER,8.82,19.249256122682528,True,,,,-1.9957951390104012,,226.0
AXSENSEX,Axis BSE Sensex ETF,BROAD_MARKET,80.93,0.0,True,,,,,,226.0
AXISGOLD,Axis Gold ETF,GOLD,126.02,1.1452776906181426,True,,,,,,226.0
AXISNIFTY,Axis Nifty 50 ETF,BROAD_MARKET,270.39,0.7561020370710231,True,,,,,,226.0
AXISBNKETF,Axis Nifty Bank ETF,BANKING_BROAD,595.34,1.1358729947855988,True,,,,,,226.0
AXISHCETF,Axis Nifty Healthcare ETF,HEALTHCARE,167.82,1.629542790152404,True,,,,,,226.0
AXISCETF,Axis Nifty India Consump ETF,CONSUMPTION,125.44,0.6573216124178335,True,,,,,,226.0
AXISTECETF,Axis Nifty IT ETF,IT_TECH,346.0,1.0014306151645207,True,,,,,,226.0
AXISVALUE,Axis Nifty500 Value 50 ETF,FACTOR_VALUE,32.78,0.9368389241462746,True,,,,,,226.0
AXISILVER,Axis Silver ETF,SILVER,229.93,2.061592196617968,True,,,,,,226.0
GOLDBND,Bandhan Gold ETF,GOLD,151.22,9.843200381565605,True,,,-0.3249012368560733,-1.03809927378622,,226.0
SILVERBND,Bandhan Silver ETF,SILVER,231.56,19.510584309499805,True,,,-0.3750716573788581,-1.8319556457705481,,226.0
ABSLMSCIN,BSL MSCI India ETF,MSCI INDIA INDEX,29.89,14.084507042253517,True,,,-0.20959457220481315,0.25934357744055986,,226.0
CHOICEGOLD,Choice Gold ETF,GOLD,152.08,11.47331043716164,True,,0.7434309924361976,-0.25396729082936975,-0.7897294835290852,,226.0
BANK10ADD,DSP BSE Top 10 Banks ETF,SENSEX,16.95,3.7478705281090297,True,,,,1.225054142310904,,226.0
MSCIADD,DSP MSCI India ETF,MSCI INDIA INDEX,29.99,2.97638304755743,True,,,-0.43989438265964376,0.8563603289719856,,226.0
MIDCAPADD,DSP Nifty Midcap 150 ETF,MIDCAP,23.53,0.5914659907055367,True,,,0.2805483657984997,1.0892446992475726,,226.0
NEXT50ADD,DSP Nifty Next 50 ETF,NIFTY NEXT 50,75.1,0.22585359372924366,True,,,0.31578959063597895,1.6813792945488626,,226.0
SMALLADD,DSP Nifty Smallcap 250 ETF,SMALLCAP,18.44,1.9148936170212734,True,,,1.0231282441934018,2.268592158406051,,226.0
FLEXIADD,DSP Nifty500 Flxcp Qlty 30 ETF,NIFTY500,10.33,0.2895752895752834,True,,,,,,226.0
ESENSEX,Edelweiss BSE Sensex ETF,SENSEX,78.75,1.7222014226881261,True,,,,,,226.0
ENIFTY,Edelweiss Nifty 50 ETF,NIFTY 50,24.63,1.163723916532916,True,,,,,,226.0
ELM250,Edelweiss Nifty LgMdcp 250 ETF,LARGEMIDCAP 250,16.91,0.8211143695014695,True,,,,,,226.0
GROWWHOSPI,Groww BSE Hospitals ETF,HOSPITALS,52.67,4.0619307832422535,True,,,,0.19906190843894955,,226.0
GROWWPOWER,Groww BSE Power ETF,POWER,11.49,10.304449648711946,True,,,0.7312479292341978,-1.5937897860215164,,226.0
GROWWNIFTY,Groww Nifty 50 ETF,NIFTY 50,9.83,5.571565802113353,True,,,-0.9399154076859303,0.8312582979486778,,226.0
GROWWCAPM,Groww Nifty Capital Mrkts ETF,NIFTY CAPITAL MARKET,11.2,6.510851419031728,True,,,0.8612998677355826,-1.4213327214778322,,226.0
GROWWCHEM,Groww Nifty Chemicals ETF,CHEMICALS,30.83,0.45205037132709264,True,,,0.5705405432610823,1.266342853175589,,226.0
GROWWNET,Groww Nifty India Internet ETF,INDEX,10.62,4.555626454807718,True,,-0.21478259275500688,0.8653482306411407,2.770807079597948,,226.0
GROWWMETAL,Groww Nifty Metal ETF,NIFTY METAL,12.4,5.1987767584097835,True,,,0.5821582723765729,-0.4933277531547331,,226.0
GROWWMC150,Groww Nifty Midcap 150 ETF,MIDCAP,236.07,0.30406689471683723,True,,0.18471163525183817,0.5120499322172054,0.9429408422208467,,226.0
GROWWPSE,Groww Nifty PSE ETF,NIFTY PSE INDEX,98.68,8.86590321388991,True,,,-0.9581163266992893,-2.0371947735266716,,226.0
GROWWPSUBK,Groww Nifty PSU Bank ETF,NIFTY BANK,87.54,2.8440910695140755,True,,,,1.4603288303769866,,226.0
GROWWRLTY,Groww Nifty Realty ETF,NIFTY REALTY,10.04,4.3809523809523885,True,,,0.4377772181428541,2.4142941231711577,,226.0
GROWWSC250,Groww Nifty Smallcap 250 ETF,SMALLCAP,10.63,0.5612722170252453,True,,0.45365491826058346,1.1376351350474179,2.7346178847606337,,226.0
HSBCGOLD,HSBC Gold ETF,GOLD,131.42,1.0615071896409132,True,,,,,,226.0
BANKIETF,ICICI Pru Nifty Bank ETF,NIFTY BANK,59.22,6.014918266941754,True,,-0.3897638836516896,-0.7727831435016183,1.8713087847694492,,226.0
NIFTY100EW,Kotak Nifty 100 Eq Weight ETF,NIFTY 100,35.85,0.5823627287853601,True,,,,,,226.0
MOMENTUM30,Kotak Nifty 200 Mmntm 30 ETF,NIFTY 200,31.17,0.47892720306512954,True,,,,,,226.0
CHEMICAL,Kotak Nifty Chemicals ETF,CHEMICALS,30.8,0.5489183080400328,True,,,,,,226.0
MID150,Kotak Nifty Midcap 150 ETF,MIDCAP,23.8,0.46005855290673126,True,,,,,,226.0
NEXT50ETF,Kotak Nifty Next 50 ETF,NIFTY NEXT 50,75.24,2.018491991144695,True,,,0.4655239968251553,1.7799191567926376,,226.0
QUALITY30,Kotak Nifty200 Quality 30 ETF,NIFTY 200,21.27,0.885368126747443,True,,,,,,226.0
DEFENCE,Mirae Asset BSE IN Defence ETF,DEFENCE,82.69,0.0,True,,,1.4717351498277025,1.9830628757600484,,226.0
DIVIDEND,Mirae Asset BSE500DivLds50 ETF,SENSEX,35.97,3.384367445608375,True,,,-0.4897207722677376,-0.5426107246579062,,226.0
HEALTHCARE,Mirae Asset Nifty 500 Hthc ETF,HEALTHCARE,21.57,1.1910215300045717,True,,,1.8781524316132123,1.6901048720195138,,226.0
ENERGY,Mirae Asset Nifty Energy ETF,NIFTY ENERGY,38.78,7.158247546085712,True,,0.43010624115217666,0.36965375655442756,-1.5628947523380345,,226.0
INFRA,Mirae Asset Nifty IN If&Lg ETF,INFRA,12.27,2.0750199521149226,True,,,0.4082633530898344,0.5811471344877733,,226.0
SMALL250,Mirae Asset Nifty Smcp 250 ETF,SMALLCAP,18.34,0.5422993492407885,True,,,,,,226.0
VALUE,Mirae Asset Nifty500 Val50 ETF,NIFTY500,16.16,4.704619703027508,True,,,,-1.1413023044920876,,226.0
TOP20,Mirae Asset NiftyT20EqWght ETF,NIFTY TOP 20 EQUAL WEIGHT,9.07,4.726890756302514,True,,,-0.7842692113742713,1.6432808223492295,,226.0
INTERNET,Mirae Nifty IN Internet ETF,EQUITY INDEX,14.27,4.9249793460011215,True,,-0.24613495792613008,0.888253423097137,3.0273900148060986,,226.0
MOIPO,Motilal Oswal BSE Sel IPO ETF,SELECT IPO,48.43,1.0825163398692832,True,,-0.16566959769550518,0.6750664636210787,2.3217644083119184,,226.0
MONIFTY100,Motilal Oswal Nifty 100 ETF,NIFTY 100,25.8,4.360494211585717,True,,-0.5693418368703489,-0.5311297744658788,1.1697735580276836,,226.0
MOCAPITAL,Motilal Oswal Nifty CptMkt ETF,NIFTY CAPITAL MARKET,53.26,6.331340133661628,True,,,,,,226.0
MOENERGY,Motilal Oswal Nifty Energy ETF,NIFTY ENERGY INDEX,38.82,6.9287940541836495,True,,0.41598841998595715,0.36509932576609244,-1.3405229844537987,,226.0
MOMNC,Motilal Oswal Nifty MNC ETF,MNC,33.76,0.4129793510324501,True,,,0.6873952094241669,1.5309714876884153,,226.0
MOSERVICE,Motilal Oswal Nifty SvcsSt ETF,SERVICES,31.4,6.868866024635259,True,,,-0.8676902828779438,1.2767450965137497,,226.0
MANUFGBEES,Nippon India Nifty IN Manu ETF,MANUFACTURING,169.27,0.0,True,,,,,,226.0
SNXT30BEES,Nippon IndiaBSESensexNext30ETF,NIFTY NEXT 50,43.74,0.5683109797681292,True,,,,,,226.0
EVIETF,Pru Nifty EV&New Age Atmtv ETF,EV,34.12,0.43770061278087447,True,,,,,,226.0
SBIBPB,SBI BSE PSU BANK ETF,NIFTY BANK,50.62,0.21683422038241562,True,,,,,,226.0
SBIMIDMOM,SBI Nifty Midcap150 Mmt 50 ETF,MIDCAP,64.38,0.6174745291756802,True,,,,0.41118424172479334,,226.0
TWCGOLDETF,The Wealth Company Gold ETF,GOLD,150.85,10.442887675136548,True,,,-0.3150560687852946,-1.1288307290147914,,226.0
SENSEXBETA,UTI BSE Sensex ETF,SENSEX,857.51,8.900551370990872,True,,,-0.9990628200787376,0.7591992171735226,,226.0
SNXT50BETA,UTI BSE Sensex Next 50 ETF,NIFTY NEXT 50,96.62,0.23748064016519335,True,,,0.2319110341647603,1.7729401893450385,,226.0
NIFTYBETA,UTI Nifty 50 ETF,NIFTY 50,270.55,6.581264459100169,True,,,-0.8969445280462632,0.9776689250720484,,226.0
BANKBETA,UTI Nifty Bank ETF,NIFTY BANK,59.77,5.591533722950559,True,,,-0.6959861013890252,1.8691393118386148,,226.0
MIDCAPBETA,UTI Nifty Midcap 150 ETF,MIDCAP,237.8,0.8464328899637247,True,,,0.5195531906596424,1.0937106083240689,,226.0
NEXT50BETA,UTI Nifty Next 50 ETF,NIFTY NEXT 50,80.47,0.037267080745343024,True,,,0.367477476490451,1.9824896800360052,,226.0
NIFTYCASE,Zerodha Nifty 50 ETF,NIFTY 50,9.82,0.8080808080808087,True,,,,,,226.0
LTGILTCASE,Zerodha Nifty 8-13Y G-Sec ETF,NIFTY GSEC,30.7,0.0,True,,,,,,226.0
SML100CASE,Zerodha Nifty Smallcap 100 ETF,SMALLCAP,11.21,0.7964601769911492,True,,0.5263320724022816,1.2622790094437193,2.3937885031207817,,226.0
SILVER360,360 ONE Silver ETF,SILVER,229.72,35.63282804225391,False,1.0669412386149717,0.7580812057183596,-0.37487905213357126,-1.7478440739907004,,
SILVER,Aditya BSL Silver ETF,SILVER,231.05,37.064175201568965,False,0.9990403318234816,0.7079278489694036,-0.3881450573557342,-1.898487934531527,,
HEALTHADD,DSP Nifty Healthcare ETF,HEALTHCARE,16.68,89.76310298269301,False,-0.9702374844513936,-1.129024359899984,-1.3635642225220705,-1.9959552587233949,,
MIDQ50ADD,DSP Nifty Midcap 150 Ql 50 ETF,MIDCAP,25.68,89.98635211542211,False,-0.9951008617627455,-1.1511536050990376,-1.3861894312718932,-1.9584414697015278,,
SILVERADD,DSP Silver ETF,SILVER,225.65,35.88031370766083,False,1.0449196591626244,0.7360693414513795,-0.32429229435698936,-1.7025090626157926,,
ESILVER,Edelweiss Silver ETF,SILVER,231.22,37.3234664281261,False,1.0383172108659402,0.7265045397089194,-0.39434186627568774,-1.8657154680570724,,
GROWWGOLD,Groww Gold ETF,GOLD,14.77,91.53872593950504,False,-0.804927688610548,-1.0210319270865784,-0.32658053554969857,-1.176804290043356,,
GROWWSLVR,Groww Silver ETF,SILVER,22.66,93.83397501535383,False,-0.6175538857191916,-0.827850652752746,-0.38765941714442304,-1.8448953781222908,,
HDFCSILVER,HDFC Silver ETF,SILVER,221.2,37.763772438242086,False,0.9408087356135676,0.6600835030894582,-0.37181712458876326,-1.8026084018946242,,
SILVERIETF,ICICI Prudential Silver ETF,SILVER,230.92,37.12185159972771,False,1.0586814341968702,0.7329046496158547,-0.3900059781741124,-1.9004385530666354,,
IVZINGOLD,Invesco India Gold ETF,GOLD,131.4,99.14895824068917,False,-0.9220190825944301,-1.113348266352146,-1.4281472616172295,-1.0307164934336492,,
IVZINNIFTY,Invesco India Nifty 50 ETF,NIFTY 50,279.72,90.66364489007121,False,-1.0227896908314849,-1.202409289763296,-1.455992037520625,-1.982624175536095,,
NV20,Kotak Nifty 50 Value 20 ETF,NIFTY 50,14.07,90.99808061420346,False,-1.0334581333054134,-1.205985561437532,-1.47502185729392,-0.41858098731777693,,
BANKNIFTY1,Kotak Nifty Bank ETF,NIFTY BANK,59.77,90.6204883560354,False,-0.9853835892390206,-1.1750043520364353,-1.4550656593848077,1.840132777675095,,
CONS,Kotak Nifty India Consump ETF,CONSUMPTION,12.55,90.31486340484643,False,-1.0091031093870975,-1.1731124450422452,-1.3951756771849926,1.7432673146181898,,
MIDCAP,Kotak Nifty Midcap 50 ETF,MIDCAP,18.7,89.36860908432456,False,-0.9451241971834168,-1.0850111833594402,-1.323343177260536,1.0483608281249297,,
PSUBANK,Kotak Nifty PSU Bank ETF,NIFTY PSU BANK,87.24,91.14853896103897,False,-0.9226752113612339,-1.1711795124465618,-1.5118220249912107,-1.9645892436511414,,
SILVER1,Kotak Silver ETF,SILVER,22.43,93.72973275187297,False,-0.6262846939721892,-0.9554063983103496,-1.4754164106902508,-1.8433401147781876,,
LICMFGOLD,LIC MF Gold ETF,GOLD,136.4,99.15062941038325,False,-0.918514745802095,-1.108541421850818,-1.4217518374795486,-1.0818986564552984,,
MAHKTECH,Mirae Asset Hang Seng TECH ETF,IT_TECH,23.41,31.409317316144158,False,-0.3614080487078059,-0.5231478226389824,-0.6367653412605695,-0.6123948116608535,,
SILVERAG,Mirae Asset Silver ETF,SILVER,227.28,37.26226295304607,False,0.980544774743765,0.6870877771644508,-0.36221936269971644,-1.743666171539932,,
MOSILVER,Motilal Oswal Silver ETF,SILVER,230.87,38.80509979590214,False,1.0582854006619642,0.7430288693238083,-0.37501778599201513,-1.8265739255158489,,
SILVERBEES,Nippon India Silver ETF,SILVER,221.22,37.13733625074593,False,1.0117086196719511,0.7100545768906056,-0.3927318516669335,-1.8489117026818078,,
QNIFTY,Quantum Nifty 50 ETF,NIFTY 50,268.8,90.6422650731595,False,-1.0147602212228923,-1.191934389368119,-0.8564213525095439,0.9137147239161192,,
SBISILVER,SBI Silver ETF,SILVER,226.67,36.72677534613668,False,1.0058914783287307,0.7011994059648438,-0.37661067070933507,-1.8509217140686827,,
TATSILV,Tata Silver ETF,SILVER,22.7,35.031482541499706,False,0.9864655446107561,0.6959326609254807,-0.33968822230302176,-1.6853597533708573,,
SILVERBETA,UTI Silver ETF,SILVER,225.93,36.36312424302171,False,1.0152082081202751,0.7216060004449313,-0.3311291224175559,-1.683936053693547,,
SILVERCASE,Zerodha Silver ETF,SILVER,23.45,37.96296296296296,False,1.0376800443754275,0.7173065533709037,-0.39600361724644273,-1.903092551341255,,
