TICKER,ETF_NAME,SECTOR,CLOSE,52WK_HIGH,PCT_FROM_HIGH,EMA_100,EOM_PCT,SHARPE_6M,SHARPE_3M,SCREEN_PASS,WTD_SHARPE,RANK_INVESTABLE
PHARMABEES,Nippon India Nifty Pharma ETF,NIFTY PHARMA,27.18,27.49,1.1276827937431748,25.544418430298744,0.33222591362125353,1.9231769691796714,1.8154984218620338,True,1.9444037233988978,1.0
MOHEALTH,Motilal Oswal BSE HC ETF,HEALTHCARE,51.76,52.31,1.0514242018734548,48.65561246326478,0.07733952049497894,1.8664473005075832,1.8342040143790879,True,1.9114188257584899,2.0
HEALTHCARE,Mirae Asset Nifty 500 Hthc ETF,HEALTHCARE,21.57,21.83,1.1910215300045717,20.39471479928068,0.139275766016711,1.8781524316132123,1.6901048720195138,True,1.8682001909855432,3.0
EVINDIA,Mirae Asst Nfty EV New Atm ETF,EV,34.16,34.24,0.23364485981309988,31.432203634314067,5.529811553907926,0.8035121450991984,3.586037504737556,True,1.7932573009243784,4.0
GROWWSC250,Groww Nifty Smallcap 250 ETF,SMALLCAP,10.63,10.69,0.5612722170252453,10.011491414994811,3.103782735208549,1.1376351350474179,2.7346178847606337,True,1.7231210926952896,5.0
SML100CASE,Zerodha Nifty Smallcap 100 ETF,SMALLCAP,11.21,11.3,0.7964601769911492,10.535042533454984,2.374429223744312,1.2622790094437193,2.3937885031207817,True,1.6886780782908513,6.0
DEFENCE,Mirae Asset BSE IN Defence ETF,DEFENCE,82.69,82.69,0.0,76.04068625938282,7.250324254215301,1.4717351498277025,1.9830628757600484,True,1.6885912466478457,7.0
INTERNET,Mirae Nifty IN Internet ETF,EQUITY INDEX,14.27,15.0092,4.9249793460011215,12.980192508395957,4.695524578136445,0.888253423097137,3.0273900148060986,True,1.6532227839274247,8.0
GROWWEV,Groww Nifty EV&New Age Atm ETF,EV,34.2,34.2,0.0,31.346415557554383,5.915144007432649,0.8052435660331512,3.1565998310665795,True,1.6412841652805952,9.0
SELECTIPO,Mirae Asset BSE Select IPO ETF,SENSEX,48.55,50.566,3.9868686469169115,45.222087799552625,3.8724860932819682,0.9346701086205061,2.913009179918765,True,1.6448702650666562,10.0
HDFCSML250,HDFC NIFTY Smallcap 250 ETF,SMALLCAP,184.64,185.47,0.4475117269639362,174.79245901716098,2.6633305532387963,1.1597353098661747,2.3844080398253986,True,1.6136480279626126,11.0
MOSMALL250,Motilal Oswal Nifty SC 250 ETF,SMALLCAP,18.43,18.48,0.2705627705627744,17.423553583951442,2.616926503340755,1.1582116811404026,2.2779869720493764,True,1.5746217651088124,12.0
GROWWNET,Groww Nifty India Internet ETF,INDEX,10.62,11.1269,4.555626454807718,9.619518771527513,5.357142857142838,0.8653482306411407,2.770807079597948,True,1.5456857570774623,13.0
GILT5YBEES,Nippon ETF Nifty 5 yr BM G-Sec,NIFTY GSEC,66.53,66.53,0.0,65.3251810181641,0.8183058039096913,0.4674879091401222,3.4701584022670113,True,1.5170220347438512,14.0
CONSUMER,MiraeAs Nifty IN NA Cnsmp ETF,CONSUMPTION,12.29,12.44,1.2057877813504851,11.507101437819669,2.0764119601328845,0.47992291266853093,3.2890793611786635,True,1.4611226278063218,15.0
SMALLADD,DSP Nifty Smallcap 250 ETF,SMALLCAP,18.44,18.8,1.9148936170212734,17.425301969601176,2.6154702281580455,1.0231282441934018,2.268592158406051,True,1.4768394390883892,16.0
SMALLCAP,MiraeAs NftSmC250 Mt Ql100 ETF,SMALLCAP,48.44,48.61,0.349722279366389,45.73357028947106,3.526394528745458,1.1551839452791324,1.8203539440172032,True,1.4092642186734587,17.0
GROWWDEFNC,Groww Nifty India Defence ETF,DEFENCE,98.09,98.09,0.0,91.13893481681288,7.389971534924467,1.323434340642987,1.4914699449400888,True,1.4095656860038035,18.0
MODEFENCE,Motilal Oswal Nft INR Dfnc ETF,NIFTY DEFENCE,107.64,107.64,0.0,99.97955097586518,6.859922565273502,1.2907226446037305,1.5291347070566075,True,1.4001336109857192,19.0
HEALTHY,BSL Nifty Healthcare ETF,HEALTHCARE,17.03,17.24,1.2180974477958082,16.259910352114492,-1.045903544450899,1.5074225010453421,1.0330004011250857,True,1.3746446671076251,20.0
MIDSELIETF,ICICI Pru BSE MC Sel ETF,MIDCAP,19.95,19.95,0.0,18.763033156262797,2.570694087403602,0.8009875747687111,2.190245008101152,True,1.2936032835799085,21.0
MOIPO,Motilal Oswal BSE Sel IPO ETF,SELECT IPO,48.43,48.96,1.0825163398692832,45.325438454224,3.1083670427932697,0.6750664636210787,2.3217644083119184,True,1.2524910637466444,22.0
AUTOBEES,Nippon India Nifty Auto ETF,NIFTY AUTO,302.93,307.43,1.463747845037895,280.6819597067553,3.8178141814318556,0.2509178658021855,2.8589931570104254,True,1.1476200319432257,23.0
AUTOIETF,ICICI Prudential Nifty AutoETF,AUTO,30.38,30.72,1.1067708333333328,28.10794776395359,3.7922787837376237,0.25339864152596614,2.7515224742732265,True,1.1110186740188075,24.0
GROWWRLTY,Groww Nifty Realty ETF,NIFTY REALTY,10.04,10.5,4.3809523809523885,9.44768282236912,-0.3968253968254065,0.4377772181428541,2.4142941231711577,True,1.1196181818280015,25.0
HEALTHIETF,ICICI Pru Nifty Healthcare ETF,HEALTHCARE,168.59,171.89,1.919832450986086,162.18024543090357,-1.582019848219507,1.2772164251520135,0.7703494002418713,True,1.1200278207212326,26.0
LICNETFGSC,LIC MF Nifty 8-13 yr G-Sec ETF,GSEC10 NSE INDEX,29.73,29.73,0.0,29.158370409739025,0.8480325644504738,0.23794480918704414,2.6504362501714516,True,1.064157370854123,27.0
MOREALTY,Motilal Oswal Nifty Realty ETF,NIFTY REALTY,89.67,97.07,7.623364582260217,84.40945388461728,0.011153245594464067,0.4325413679270781,2.297111874358584,True,1.0741582711565556,28.0
JUNIORBEES,NipponETFNifty Next 50 Jr BeES,NIFTY NEXT 50,807.81,809.0,0.1470951792336285,769.5116876385639,2.9910116657104524,0.5534908092141873,2.002232483742843,True,1.0535233259536325,29.0
ALPHA,Kotak Nifty Alpha 50 ETF,NIFTY ALPHA,53.97,54.4,0.7904411764705876,50.73829817349868,5.000000000000004,0.6989927679964304,1.6978294060280477,True,1.0466548418050603,30.0
ABSLNN50ET,BSL Nifty Next 50 ETF,NIFTY NEXT 50,78.48,78.78,0.3808073115003772,74.82734855117272,2.7090694935218096,0.5771992588446632,1.9146040185197468,True,1.0388392001228552,31.0
TNIDETF,Tata Nifty India Digital ETF,DIGITAL,91.51,100.8,9.216269841269833,84.9787161845669,2.8780213603147864,0.30908944981655345,2.387557198441659,True,1.0201207423302652,32.0
NEXT50IETF,ICICI Pru Nifty Next 50 ETF,NIFTY NEXT 50,78.92,78.94,0.025335697998474817,75.0987121055727,3.1633986928104596,0.5417898486802015,1.9627940503358738,True,1.0312757062452103,33.0
MOALPHA50,MotiOs Nifty Alpha 50 ETF,NIFTY 50,56.15,56.4,0.44326241134751776,52.7164389533768,5.525277203533174,0.6809382889597815,1.6496036120934325,True,1.0168312309679506,34.0
MONEXT50,Motilal Oswal Nifty Next50 ETF,NIFTY NEXT 50,74.66,74.87,0.2804861760384773,71.06504208740772,2.8658032515844534,0.5391675141993434,1.8932107427069955,True,1.0046216778909023,35.0
SETFNN50,SBI Nifty Next 50 ETF,NIFTY NEXT 50,799.65,803.25,0.4481792717086863,762.4709085573087,2.698294462139117,0.5377095380765055,1.8935804846511424,True,1.0037343579318097,36.0
NEXT50,Mirae Asset Nifty Next 50 ETF,NIFTY NEXT 50,770.26,771.91,0.21375548962961707,734.2652556762135,2.8384512683578,0.5329385299423895,1.8590024316504659,True,0.9880649079760921,37.0
MOMNC,Motilal Oswal Nifty MNC ETF,MNC,33.76,33.9,0.4129793510324501,32.08746098945271,3.3363942454851525,0.6873952094241669,1.5309714876884153,True,0.9790280616760324,38.0
NEXT50BETA,UTI Nifty Next 50 ETF,NIFTY NEXT 50,80.47,80.5,0.037267080745343024,76.76018205996226,2.784519095669946,0.367477476490451,1.9824896800360052,True,0.9164468573692763,39.0
HDFCNEXT50,HDFC Nifty Next 50 ETF,NIFTY NEXT 50,76.05,76.22,0.2230385725531379,72.65867214888956,2.6177304007556357,0.456279706862734,1.8187152784867573,True,0.9201052441523516,40.0
SBIETFCON,SBI Nifty Consumption ETF,CONSUMPTION,125.56,130.14,3.519286921776536,120.25547577620766,0.6896551724137945,0.18239848015325216,2.2951148197146676,True,0.8985815736847443,41.0
NEXT50ETF,Kotak Nifty Next 50 ETF,NIFTY NEXT 50,75.24,76.79,2.018491991144695,71.83315192891197,3.139136394790931,0.4655239968251553,1.7799191567926376,True,0.912728682116086,42.0
CONSUMIETF,Pru Nifty IN Consump ETF,CONSUMPTION,126.0,130.55,3.4852546916890166,120.68981287693175,0.7838745800671898,0.19064083192955406,2.2674879969195776,True,0.8944887680010697,43.0
LTGILTBEES,Nippon 8-13 yr G-Sec LT Glt,NIFTY GSEC,30.05,30.12,0.23240371845949628,29.62923059890669,0.2669336002669498,-0.0034989200457357394,2.5982749056583785,True,0.8767679258386969,44.0
MAKEINDIA,MiraeAsset NiftyIndia Manu ETF,MANUFACTURING,169.29,169.61,0.18866812098344532,161.26913858550574,3.0622184341897007,0.4545039297528125,1.5890599688468854,True,0.8369441768667851,45.0
GROWWNXT50,Groww Nifty Next 50 ETF,INDEX,74.65,76.32,2.1881551362683274,71.52326480511496,2.7953731754337685,0.42343595049330723,1.5900123007947866,True,0.8155655676528637,46.0
MNC,Kotak Nifty MNC ETF,NIFTY MNC,34.79,35.26,1.3329551900170133,33.10541556394322,3.0509478672985813,0.5325505972481038,1.3645825784014056,True,0.8114306120437703,47.0
CONSUMBEES,Nippon ETF Nifty IN Consumpt,CONSUMPTION,135.23,140.7,3.887704335465529,129.71202764962067,0.5352761876440404,0.1640721840480628,2.023794815822644,True,0.7889886418667494,48.0
GROWWCHEM,Groww Nifty Chemicals ETF,CHEMICALS,30.83,30.97,0.45205037132709264,29.43177735631743,2.391232148787781,0.5705405432610823,1.266342853175589,True,0.8029449649133513,49.0
MID150CASE,Zerodha Nifty Midcap 150 ETF,MIDCAP,11.81,11.83,0.16906170752324237,11.335096043387335,2.074330164217808,0.5564616187988056,1.2558445645009415,True,0.7893581682408833,50.0
NEXT50ADD,DSP Nifty Next 50 ETF,NIFTY NEXT 50,75.1,75.27,0.22585359372924366,71.65535295528305,4.363535297387444,0.31578959063597895,1.6813792945488626,True,0.7729058035971217,51.0
MOMGF,MotilalOswal Nifty IN Manu ETF,MANUFACTURING,165.88,167.9,1.2030970815961943,158.2577660781948,3.0694668820678395,0.43372913953370656,1.4450478604005297,True,0.7710512457668244,52.0
LICNMID100,LIC MF Nifty Midcap 100 ETF,MIDCAP,64.46,64.57,0.17035775127768227,61.75792240670532,2.676011468620576,0.5352574057387786,1.2597675685762404,True,0.7759345616645346,53.0
SNXT50BETA,UTI BSE Sensex Next 50 ETF,NIFTY NEXT 50,96.62,96.85,0.23748064016519335,92.67520309280879,2.1785109983079476,0.2319110341647603,1.7729401893450385,True,0.7469302734893777,54.0
MIDCAPIETF,ICICI Pru Nifty Midcap 150 ETF,MIDCAP,24.33,24.36,0.12315270935961058,23.36795835703534,2.226890756302513,0.5121694192292323,1.2258686056292947,True,0.7477027216209224,55.0
SETF10GILT,SBI Nifty 10 yr BM G-Sec ETF,NIFTY GSEC,267.1,267.1,0.0,262.430288167169,1.0632260017405137,0.0934132080742848,1.9657079502635468,True,0.718873932783419,56.0
HDFCMID150,HDFC NIFTY Midcap 150 ETF,MIDCAP,23.8,23.9,0.4184100418409953,22.86020233193357,2.145922746781115,0.484862522958386,1.1753840309070593,True,0.7106054131493849,57.0
MIDCAPBETA,UTI Nifty Midcap 150 ETF,MIDCAP,237.8,239.83,0.8464328899637247,228.31559954637552,2.086374173606953,0.5195531906596424,1.0937106083240689,True,0.705722698818451,58.0
MID150BEES,Nippon IndiaETF NiftyMidcap150,MIDCAP,242.89,243.53,0.26280129758141285,233.48899106524425,2.0546218487394796,0.48442402485351294,1.1495904369877579,True,0.7010981176431605,59.0
MIDCAPETF,MiraeAsst Nifty Midcap 150 ETF,MIDCAP,23.98,24.01,0.12494793835902182,23.063114870898758,1.869158878504673,0.4753732115107346,1.1283694406502123,True,0.6872013944598098,60.0
GROWWMC150,Groww Nifty Midcap 150 ETF,MIDCAP,236.07,236.79,0.30406689471683723,226.29461972643014,2.5633227614372034,0.5120499322172054,0.9429408422208467,True,0.6466968303978041,61.0
MOM100,MotilalOswal NiftyMidcap100ETF,MIDCAP,68.86,69.0,0.20289855072463853,66.22473858525922,1.8337769890564903,0.4894041504368869,0.9831820202359302,True,0.6452204371673701,62.0
EQUAL200,Mirae Asset BSE200 EqlWght ETF,NIFTY 200,14.05,14.09,0.2838892831795539,13.562101167647652,1.2977649603460817,0.24897296794328308,1.4158007143197406,True,0.6314633383554193,63.0
MOTOUR,MotilalOswal Nifty IN Trsm ETF,TOURISM,80.18,93.3213,14.08177982947086,77.68124211673484,1.9064565327910454,-0.09127644015811394,2.012275807773145,True,0.6063762847117264,64.0
MIDSMALL,MiraeAs Nft MdSmC400MtQ100 ETF,MIDSMALL,52.19,52.49,0.5715374357020466,50.22014264569977,2.75644811970861,0.7798249205701563,0.4339167477386669,True,0.6523144751979589,65.0
HDFCGROWTH,HDFC Nifty Gth Sectors 15 ETF,NIFTY GROWTH,122.68,132.66,7.522991105080649,117.19696694558903,0.6316134853580513,-0.07274558070989373,1.948304953577194,True,0.5965115637123379,66.0
MULTICAP,MA Nifty500 Mltcp 50:25:25 ETF,NIFTY500,16.92,17.0,0.47058823529410765,16.3811374834907,1.6826923076923128,0.20942326833851393,1.2942699747303987,True,0.5604649261846009,67.0
NEXT30ADD,DSP BSE Sensex Next 30 ETF,NIFTY NEXT 50,43.78,44.26,1.0845006778129167,42.154307467485204,2.2658257416491523,0.41096771064434795,0.8941036833237044,True,0.5586139512717611,68.0
MIDCAPADD,DSP Nifty Midcap 150 ETF,MIDCAP,23.53,23.67,0.5914659907055367,22.65617784388024,2.0381613183001024,0.2805483657984997,1.0892446992475726,True,0.5370514928790691,69.0
HDFCQUAL,HDFC Nifty100 Quality 30 ETF,NIFTY 100,60.07,61.43,2.2139020022790157,57.770204576241994,1.7790579464588285,0.07027199269812502,1.422568183503319,True,0.5089550347348789,70.0
ALPL30IETF,ICICI Nifty Alp Lw- Vol 30 ETF,NIFTY ALPHA,28.33,28.56,0.8053221288515421,27.411473295410172,0.31869688385268713,-0.3190867766702045,2.109093264961846,True,0.48165917637408334,71.0
ABGSEC,Aditya BSL CRISIL BB Gilt ETF,NIFTY GSEC,115.49,115.49,0.0,113.23860813862859,0.4173550126076009,0.07700906498303212,1.3634224193503783,True,0.4925669192046135,72.0
AONETOTAL,Angel One Nifty Total Mrkt ETF,NIFTY TOTAL MARKET INDEX,12.05,12.15,0.8230452674897091,11.712849601290861,1.4309764309764272,-0.05032122246470902,1.511120766583252,True,0.4562407501729816,73.0
GSEC10IETF,ICICI Pru Nfty10yr BM GSec ETF,NIFTY GSEC,267.11,267.26,0.05612512160442164,261.98696061925546,1.493274564936553,0.11649567731034309,1.208108346462785,True,0.46476869906160556,74.0
MONIFTY500,Motilal Oswal Nifty 500 ETF,NIFTY 500,24.21,24.5,1.1836734693877515,23.562827657963847,1.4668901927912925,-0.10503511512331118,1.5735936033098776,True,0.44027708644359126,75.0
MOGSEC,MotilalOswalNifty5YBMG-Sec ETF,NIFTY GSEC,65.5,66.14,0.9676443906864236,64.53244396088176,0.26021735802848056,0.16547062229278872,1.078172885531841,True,0.4526561047021093,76.0
INFRA,Mirae Asset Nifty IN If&Lg ETF,INFRA,12.27,12.53,2.0750199521149226,11.999468432189877,2.164862614487917,0.4082633530898344,0.5811471344877733,True,0.44508960298073635,77.0
GSEC5IETF,ICICI Pru Nifty 5 yr G-SEC ETF,NIFTY GSEC,66.36,66.91,0.8219997010910135,65.47956850255476,0.24169184290030454,0.015206290149764923,1.2377787922595154,True,0.40454522501632767,78.0
NIFTYQLITY,Aditya BSL Nifty 200 Ql 30 ETF,NIFTY 200,21.9,22.61,3.1402034498009765,21.17599140761925,1.1547344110854452,0.0360026882812055,1.1773056304921585,True,0.3975118984582352,79.0
BSE500IETF,ICICI Prudential BSE 500 ETF,SENSEX,40.01,40.63,1.5259660349495556,38.923710727974,1.496702181633669,-0.1739385189660871,1.5339749932488629,True,0.37797738295559397,80.0
GSEC10ABSL,Aditya BSL CRISIL 10y Gilt ETF,NIFTY GSEC,113.27,114.93,1.44435743496042,111.72878381264759,1.0527254884467707,0.05871252420206421,1.0959115262420953,True,0.38435352522039634,81.0
GROWWPSUBK,Groww Nifty PSU Bank ETF,NIFTY BANK,87.54,90.1026,2.8440910695140755,84.73447434976109,4.92628550880978,,1.4603288303769866,True,0.6339630804795752,82.0
GSEC10YEAR,Mirae Asst Nfty8-13yr GSec ETF,NIFTY GSEC,30.55,30.81,0.8438818565400779,30.137361061934026,0.22965879265091083,-0.009976053825280115,1.1413002494117046,True,0.35252672298722365,83.0
MOMENTUM50,Motilal Osw Nifty500 Mmt50 ETF,NIFTY 500,54.41,54.72,0.5665204678362614,52.43487488264271,4.937319189971068,0.1744787433176721,0.7799015893357576,True,0.35255779074294025,84.0
SBIETFQLTY,SBI Nifty 200 Quality 30 ETF,NIFTY 200,228.82,234.95,2.609065758672056,220.56251954101444,1.5849056603773448,0.026263869776183134,0.9940445331082081,True,0.3253333534091529,85.0
QUAL30IETF,ICICI Pru Nifty 200Ql30ETF,NIFTY 200,21.65,22.28,2.827648114901268,20.949228785643616,1.1682242990654235,0.021918582123397774,0.9856448902323395,True,0.31929953336354144,86.0
AONETMMQ50,Angel One NiftyTtMktMtQt50 ETF,NIFTY 750,10.42,10.5047,0.8063057488552721,10.026518622277253,5.146316851664978,0.43872631544204543,0.196173238911391,True,0.32906202374406346,87.0
ALPHAETF,Mirae Asset Nifty200 Alp 30ETF,NIFTY 200,26.67,26.95,1.03896103896103,25.76485769697234,3.6533229692965463,0.13569245381758113,0.7083509451971179,True,0.29992130494939234,88.0
BANK10ADD,DSP BSE Top 10 Banks ETF,SENSEX,16.95,17.61,3.7478705281090297,16.828335134662723,-0.3527336860670305,,1.225054142310904,True,0.46611474234979255,89.0
MOQUALITY,Motilal Oswal BSE Quality ETF,BSE,205.35,207.48,1.026604973973393,200.54756221641497,1.6231998812292758,0.3174542864359882,0.3622787129830142,True,0.30353688165026677,90.0
GROWWMOM50,Groww Nifty 500 Momentum50 ETF,NIFTY 500,10.98,11.07,0.8130081300812995,10.608891902795119,5.0717703349282495,0.18727467815754184,0.5540001319396983,True,0.28092221820206714,91.0
ABSL10BANK,Aditya BSL BSE Top10 Banks ETF,NIFTY BANK,169.69,183.1,7.3238667394866175,169.80265982001416,-0.20583392143024293,,1.1651979452041097,True,0.4234124725317905,92.0
EQUAL50ADD,DSP N50 EqWt ETF,NIFTY 50,349.22,352.85,1.0287657644891584,340.5136636848037,0.7210429164743903,-0.18150081909195362,1.139416843004175,True,0.23194917545515198,93.0
GILT10BETA,UTI Nifty 10 yr Bnmk G-SEC ETF,NIFTY GSEC,26.91,27.05,0.5175600739371555,26.375799280840756,1.394122079879434,0.14902093441280823,0.5089294399783266,True,0.2381036015717025,94.0
LOWVOL,Mirae Asst Nfty 100Lw Vol30ETF,NIFTY 100,210.85,218.6,3.5452881976212263,205.58655437007684,-0.3497329741481203,-0.3798652955159146,1.3859567770366974,True,0.18122350651057073,95.0
MON50EQUAL,Motilal Oswal Nifty50EqWgt ETF,NIFTY 50,33.9,34.44,1.5679442508710777,33.06842333129993,0.4146919431279539,-0.215996414516216,1.0664579502709544,True,0.18180980039396336,96.0
BANKBETA,UTI Nifty Bank ETF,NIFTY BANK,59.77,63.31,5.591533722950559,58.81382379894602,1.2707556760420236,-0.6959861013890252,1.8691393118386148,True,0.13259147174469021,97.0
BANKADD,DSP Nifty Bank ETF,NIFTY BANK,59.26,62.85,5.712012728719178,58.12674775107101,1.3684570646596006,-0.7447229077111043,1.9492819894564644,True,0.12710909577419144,98.0
BBNPNBETF,Baroda BNP Prba Nifty Bank ETF,BHARATBOND,57.89,62.55,7.450039968025575,57.297605469354565,0.8009751001218923,-0.5207806773766475,1.5256192935629553,True,0.13253413297082656,99.0
LOWVOL1,Kotak Nifty 100 Low Vol 30 ETF,NIFTY 100,21.58,22.25,3.0112359550561876,21.02816471710385,0.046360686138147145,-0.2557722322737337,1.029260707501501,True,0.14073568188131375,100.0
HDFCBSE500,HDFC BSE 500 ETF,SENSEX,38.07,38.77,1.8055197317513614,37.11413053891813,1.0618529333687343,-0.10753555739907654,0.7565393876187416,True,0.14708003261421232,101.0
GROWWMETAL,Groww Nifty Metal ETF,NIFTY METAL,12.4,13.08,5.1987767584097835,12.01869558080455,2.7340513670256916,0.5821582723765729,-0.4933277531547331,True,0.18337929998888114,102.0
LOWVOLIETF,ICICI Nifty 100 LowVol 30 ETF,NIFTY 100,22.51,23.42,3.8855678906917173,22.037418497630597,-0.9678838539375234,-0.5235622458122622,1.4661093247098318,True,0.10936202308657572,103.0
EQUAL50,Mirae Asset Nifty50EqlWght ETF,NIFTY 50,337.0,341.18,1.2251597397268323,329.54097235602825,0.6811663479923347,-0.28469774740254666,1.0309808650710262,True,0.12112866781049164,104.0
FINIETF,ICICI PruNiftyFnlSvcEx-Bk ETF,FINANCIAL SERVICES,33.27,33.87,1.7714791851195584,32.241805270310955,2.117863720073676,0.01738124778619995,0.4604239372433931,True,0.1287775926576296,105.0
BANKIETF,ICICI Pru Nifty Bank ETF,NIFTY BANK,59.22,63.01,6.014918266941754,58.28308439019423,1.058020477815691,-0.7727831435016183,1.8713087847694492,True,0.07967976793610193,106.0
MSCIINDIA,Kotak MSCI India ETF,MSCI INDIA INDEX,30.38,31.38,3.186743148502231,29.701676194425556,1.3680347013680372,-0.2905524351252783,0.993015986413545,True,0.10349355819045084,107.0
SBINEQWETF,SBI Nifty50 Equal Weight ETF,NIFTY 50,33.99,34.54,1.5923566878980808,33.15030781221756,0.44326241134751143,-0.18024777547162327,0.7851323807401136,True,0.10644931607354444,108.0
TECH,Aditya BSL Nifty IT ETF,NIFTY IT TRI,34.29,42.41,19.14642772930912,32.71128814872608,0.3511852502194879,-0.2642838449924651,0.9283177451388915,True,0.09877849389663924,109.0
ABSLBANETF,Aditya BSL Nifty Bank ETF,NIFTY BANK,59.1,62.91,6.056270863137809,58.20499194660064,0.991114149008876,-0.7555395447531157,1.8097508304527175,True,0.06977587601644991,110.0
METAL,Mirae Asset Nifty Metal ETF,NIFTY METAL,13.12,13.83,5.133767172812733,12.723934190407524,2.180685358255441,0.550376193089349,-0.5583588572424462,True,0.137964728598365,111.0
HDFCNIFBAN,HDFC NIFTY Bank ETF,NIFTY BANK,59.29,63.14,6.097560975609758,58.43424236527824,0.9363295880149725,-0.7687159568631727,1.8287362170656192,True,0.06733702611969472,112.0
BANKBETF,Bajaj Finserv Nifty Bank ETF,NIFTY BANK,58.54,62.35,6.110665597433845,57.71541099127468,0.965850293204551,-0.8354159982774171,1.9491406744509205,True,0.06365897644057877,113.0
HDFCNIFIT,HDFC Nifty IT ETF,NIFTY IT TRI,33.44,41.62,19.65401249399327,31.97272741143347,0.3300330033003229,-0.3069353881235947,0.978871362519144,True,0.08699543849537159,114.0
GROWWN200,Groww Nifty 200 ETF,NIFTY 200,11.55,11.8648,2.6532263502123925,11.268987646225106,1.7621145374449476,-0.31219277408324714,0.9879809312248055,True,0.08656967040519781,115.0
EBANKNIFTY,Edelweiss Nifty Bank ETF,NIFTY BANK,58.22,62.34,6.608918832210466,57.285578038808154,0.9537020981446043,-0.7447960920473057,1.7697285286555033,True,0.06300992813184614,116.0
ITETF,Mirae Asset Nifty IT ETF,NIFTY IT TRI,33.2,41.33,19.670941204935872,31.69838110644844,0.4538577912254427,-0.2865178553861516,0.9291649689623388,True,0.08353784659326519,117.0
IT,Kotak Nifty IT ETF,NIFTY IT TRI,34.75,43.17,19.504285383368085,33.20035238666313,0.3465203580710341,-0.2892343474509198,0.9177573556442965,True,0.0775696841526094,118.0
SETFNIFBK,SBI Nifty Bank ETF,NIFTY BANK,592.3,630.36,6.037819658607789,583.2019677043799,1.0716357803487897,-0.7964278584062975,1.8233436087629245,True,0.04604122346456241,119.0
ITBETA,UTI Nifty IT ETF,NIFTY IT TRI,328.81,409.46,19.69667366775753,314.6424352363197,0.1278967081823401,-0.29474882424814647,0.9017345425866096,True,0.06799929383865808,120.0
BANKETF,Mirae Asset Nifty Bank ETF,NIFTY BANK,587.02,625.37,6.132369637174796,578.5336575297372,0.9353829223838428,-0.7613165322165315,1.7460992443285757,True,0.04303245054115279,121.0
BANKBEES,Nippon IN ETF Nifty Bank BeES,NIFTY BANK,596.37,635.86,6.21048658509735,587.8029070139401,0.8949719158151126,-0.8050855127967581,1.8187003319340997,True,0.038332732583945595,122.0
MOMIDMTM,MotiOs NiftyMidcap150Mmt50 ETF,MIDCAP,65.04,67.06,3.0122278556516493,63.296230097286575,3.7486042431009947,0.04073071781998127,0.28508991269197476,True,0.08255731714280752,123.0
ITBEES,Nippon India ETF Nifty IT,NIFTY IT TRI,34.81,43.29,19.588819588819582,33.23985394242531,0.5488157134604377,-0.29929731228364115,0.8893482741995737,True,0.06040136706364045,124.0
METALIETF,ICICI Pru Nifty Metal ETF,NIFTY METAL,13.07,13.81,5.3584359160028985,12.687027929706383,2.3492560689115205,0.5235161696559103,-0.617278926068298,True,0.09817080880200124,125.0
NIF100BEES,Nippon India ETF Nifty 100,NIFTY 100,271.73,280.9,3.264506941972218,265.89009576532175,1.1653015636634345,-0.5639313937606196,1.3246318403410264,True,0.0306756222111641,126.0
GILT5BETA,UTI Nifty 5 yr Bnmk G-SEC ETF,NIFTY GSEC,66.43,67.29,1.2780502303462615,65.63691154787509,0.5448766459815513,0.06564014134579091,0.1783559266534948,True,0.06189766513096476,127.0
HDFCLOWVOL,HDFC Nifty100 Low Vol 30 ETF,NIFTY 100,21.05,21.81,3.484640073360835,20.527027299051213,-0.04748338081670411,-0.6462020023721177,1.397986723196856,True,-0.000670074489728778,128.0
TOP100CASE,Zerodha Nifty 100 ETF,NIFTY 100,10.74,11.23,4.363312555654499,10.532690213800976,0.7504690431519689,-0.5727364602599877,1.2648863960307584,True,0.0032087433109903307,129.0
TOP20,Mirae Asset NiftyT20EqWght ETF,NIFTY TOP 20 EQUAL WEIGHT,9.07,9.52,4.726890756302514,8.835107513607216,0.6659267480577213,-0.7842692113742713,1.6432808223492295,True,-0.00968886730102908,130.0
SBIETFIT,SBI Nifty IT ETF,NIFTY IT TRI,346.72,432.65,19.861319773488955,332.12532945257766,0.1907183725365691,-0.3156758049176216,0.7921397578559044,True,0.014276879094168651,131.0
MONIFTY100,Motilal Oswal Nifty 100 ETF,NIFTY 100,25.8,26.9763,4.360494211585717,25.28781024269049,1.0971786833855912,-0.5311297744658788,1.1697735580276836,True,-0.001633210604833013,132.0
GROWWCAPM,Groww Nifty Capital Mrkts ETF,NIFTY CAPITAL MARKET,11.2,11.98,6.510851419031728,11.075358988321137,1.174345076784089,0.8612998677355826,-1.4213327214778322,True,0.0474893765207558,133.0
SBIMIDMOM,SBI Nifty Midcap150 Mmt 50 ETF,MIDCAP,64.38,64.78,0.6174745291756802,62.26251122905711,3.421686746987951,,0.41118424172479334,True,-0.11451172193378051,134.0
MOMENTUM,Aditya BSL Nifty200 Mmt 30 ETF,NIFTY 200,31.65,32.64,3.0330882352941235,30.91609154969969,3.9408866995073843,-0.2778576598473495,0.6279687189002662,True,-0.01784703941377098,135.0
MSCIADD,DSP MSCI India ETF,MSCI INDIA INDEX,29.99,30.91,2.97638304755743,29.426692689427313,0.6038242200603783,-0.43989438265964376,0.8563603289719856,True,-0.04965114663457365,136.0
ITADD,DSP Nifty IT ETF,NIFTY IT TRI,32.77,41.25,20.557575757575748,31.725391089065614,-1.1463046757164252,-0.3991829889722992,0.7314372739361985,True,-0.0657524797403647,137.0
PSUBANKADD,DSP Nifty PSU Bank ETF,BANK,88.37,99.37,11.069739357955116,85.75033687642045,5.027335393391974,-0.8925634581375521,1.569516337657404,True,-0.11170512473857253,138.0
MOM30IETF,ICICI Nifty200 Momentum 30 ETF,NIFTY 200,31.72,32.75,3.145038167938935,31.074148444021926,3.6262659261679264,-0.3515057609397671,0.5881788833178807,True,-0.08352463783656754,139.0
NIF100IETF,ICICI Prudential Nifty 100 ETF,NIFTY 100,28.53,29.98,4.836557705136755,27.994984051299127,0.9911504424778839,-0.5631355482297041,0.9692937218517921,True,-0.0955196917897223,140.0
MOMOMENTUM,Motilal Osw Nifty200 Mmt30 ETF,NIFTY 200,62.96,65.37,3.6867064402631233,61.82812410251837,3.1961973446976044,-0.3461416153106069,0.5750141088092947,True,-0.08447075956945613,141.0
HDFCNIF100,HDFC Nifty 100 ETF,NIFTY 100,26.37,27.66,4.663774403470713,25.95632053255685,0.6872852233676952,-0.530717914524319,0.8999075015548854,True,-0.0976084550350107,142.0
GROWWHOSPI,Groww BSE Hospitals ETF,HOSPITALS,52.67,54.9,4.0619307832422535,51.79700210475341,-3.6406878887669136,,0.19906190843894955,True,-0.2658428379790408,143.0
ITIETF,ICICI Prudential Nifty IT ETF,NIFTY IT TRI,34.27,43.27,20.79963022879593,33.221034423228815,-1.0681293302540307,-0.40957759631420115,0.6613404280200259,True,-0.09802295875800118,144.0
HDFCMOMENT,HDFC Nifty200 Momentum 30 ETF,NIFTY 200,31.38,32.53,3.535198278512149,30.81030667275998,3.189740217033865,-0.3428373395064685,0.5355077020252005,True,-0.09625309854962864,145.0
ABSLMSCIN,BSL MSCI India ETF,MSCI INDIA INDEX,29.89,34.79,14.084507042253517,29.466326047776615,0.8434547908232171,-0.20959457220481315,0.25934357744055986,True,-0.10161842881016765,146.0
PVTBANIETF,ICICI Pru Nifty PB ETF,NIFTY BANK,27.74,29.44,5.77445652173914,27.620022945361157,-0.07204610951009327,-0.7246282921124029,1.164656826098671,True,-0.13872503127357352,147.0
PSUBNKIETF,ICICI Pru Nifty PSU Bank ETF,BANK,88.58,100.16,11.561501597444087,86.0702815345486,5.014819205690579,-0.9369617120906204,1.5354120602287962,True,-0.15490731034656102,148.0
PSUBNKBEES,NipponINETFNifty PSU Bank BeES,NIFTY BANK,97.52,109.87,11.240557021935022,94.81022546171666,4.6801202232718,-0.9250501966858661,1.5127734084553022,True,-0.15465584223323187,149.0
GROWWLOVOL,Groww Nifty 500 Low Vol 50 ETF,NIFTY 500,10.6,10.9331,3.0467113627424975,10.371210932985319,0.09442870632672129,-0.4574751748207333,0.6616760139338967,True,-0.1313864281254128,150.0
ESG,Mirae Nifty 100 ESG Sec Ld ETF,NIFTY 100,41.95,44.95,6.674082313681868,41.42751536790392,0.3588516746411585,-0.6025607671656101,0.9074978846211884,True,-0.1451232165773293,151.0
PVTBANKADD,DSP Nifty Private Bank ETF,NIFTY BANK,27.84,29.46,5.498981670061103,27.77964067382651,-0.42918454935623185,-0.6709108338859349,1.0086038127620747,True,-0.1568386531234409,152.0
BANKPSU,Mirae Asset Nifty PSU Bank ETF,NIFTY BANK,87.99,99.03,11.14813692820358,85.57950017565457,4.50118764845604,-0.9297370301224398,1.4762030030741,True,-0.17097713559812416,153.0
NPBET,Tata Nifty Private Bank ETF,NIFTY PRIVATE BANK INDEX,283.44,302.17,6.1984975345004525,283.24454024397045,-0.327038717164263,-0.716810979863901,1.0887218129147445,True,-0.16034684221799045,154.0
HDFCPSUBK,HDFC NIFTY PSU Bank ETF,BANK,88.2,99.43,11.294377954339739,85.8188258160321,4.763035990022568,-0.9186148024955845,1.4199672278688276,True,-0.18326176020248047,155.0
GROWWPOWER,Groww BSE Power ETF,POWER,11.49,12.81,10.304449648711946,11.553933047975324,0.7011393514460895,0.7312479292341978,-1.5937897860215164,True,-0.10494111601182565,156.0
MOSERVICE,Motilal Oswal Nifty SvcsSt ETF,SERVICES,31.4,33.7159,6.868866024635259,30.990420461168405,0.38363171355497716,-0.8676902828779438,1.2767450965137497,True,-0.19875093988763431,157.0
SBIETFPB,SBI Nifty Private Bank ETF,BANK,279.76,296.53,5.6554142919771975,279.3291817182268,-0.47315806325375354,-0.7383613865083979,1.017984306526175,True,-0.2006443978034344,158.0
HDFCPVTBAN,HDFC Nifty Private Bank ETF,NIFTY BANK,27.82,29.64,6.140350877192984,27.865348374951,-0.8553100498930766,-0.7648044994268771,1.0613356726535317,True,-0.20366591852698773,159.0
LICNFNHGP,LIC MF Nifty 100 ETF,NIFTY 100,278.73,292.81,4.8085789419760205,275.1157111521355,0.03948029574332157,-0.6167526487523785,0.7929369572324833,True,-0.19590886656925255,160.0
NIFTYBETF,Bajaj Finserv Nifty 50 ETF,NIFTY 50,251.56,268.91,6.451972778996698,248.0930398637802,0.499380767847879,-0.7494613857850485,1.0323299730275683,True,-0.20328673658692747,161.0
NIFTYBEES,Nippon India ETF Nifty 50 BeES,NIFTY 50,278.35,297.55,6.452697025709961,274.6386309576583,0.6727187240044952,-0.845033463685986,1.0280502368888633,True,-0.2716237545199668,162.0
BSLNIFTY,Aditya BSL Nifty 50 ETF,NIFTY 50,28.66,30.6,6.339869281045756,28.27924072931301,0.6320224719101208,-0.848718700001253,1.0303110751519182,True,-0.2733934904385213,163.0
EMULTIMQ,Edelweiss Nifty500McpMtQ50 ETF,NIFTY500,42.29,43.32,2.3776546629732254,41.502832754687326,4.085650996800383,0.051465098583306695,-0.6112891237522853,True,-0.2296835632004924,164.0
SETFNIF50,SBI Nifty 50 ETF,NIFTY 50,263.05,281.21,6.457807332598403,259.5958929138799,0.6812875569334409,-0.8452496571609961,1.0104197593103688,True,-0.27806380408346787,165.0
NIFTYETF,Mirae Asset Nifty 50 ETF,NIFTY 50,265.71,284.31,6.542154690302847,262.25853702273054,0.43468400362864923,-0.8438357137939703,0.9963409338758067,True,-0.282097393993555,166.0
NIFTYIETF,ICICI Prudential Nifty 50 ETF,NIFTY 50,276.84,295.98,6.46665315224003,273.25497190702504,0.6581100243609805,-0.8481752796853458,0.977790346634567,True,-0.29174812887404944,167.0
NETF,Tata Nifty 50 ETF,NIFTY 50,264.83,284.05,6.766414363668377,262.2204614139361,0.3257945978709431,-0.8344652913572902,0.9361780647630938,True,-0.29700745422803365,168.0
NIFTY1,Kotak Nifty 50 ETF,NIFTY 50,270.84,289.49,6.44236415765658,267.49277596388583,0.5830578972778167,-0.8791168373046329,1.0092459762248918,True,-0.30215761695986987,169.0
NIFTYADD,DSP Nifty 50 ETF,NIFTY 50,256.83,275.07,6.631039371796274,253.9514995574198,0.3555798687089773,-0.8680971751807133,0.9371185273615463,True,-0.3201826147765599,170.0
NIFTYBETA,UTI Nifty 50 ETF,NIFTY 50,270.55,289.61,6.581264459100169,267.4987753845443,0.47909084156578796,-0.8969445280462632,0.9776689250720484,True,-0.3258839636868775,171.0
HDFCNIFTY,HDFC Nifty 50 ETF,NIFTY 50,274.89,294.23,6.573089079971462,271.59581287518455,0.5155770074594113,-0.8329793739340087,0.8600704397009252,True,-0.3231168479277362,172.0
AONENIFTY,Angel One Nifty 50 ETF,NIFTY 50,10.05,10.77,6.685236768802218,9.946043368628157,0.29940119760480943,-0.8772319580664891,0.9287936313676971,True,-0.329537906015242,173.0
MOENERGY,Motilal Oswal Nifty Energy ETF,NIFTY ENERGY INDEX,38.82,41.71,6.9287940541836495,38.89254585935401,0.9360374414976613,0.36509932576609244,-1.3405229844537987,True,-0.2705580637233697,174.0
SENSEXADD,DSP BSE Sensex ETF,SENSEX,80.32,87.94,8.664998862861047,79.70355369091106,0.26213955810758804,-0.8982552317325496,0.9391901538231211,True,-0.3405258750527075,175.0
SENSEXETF,Mirae Asset BSE Sensex ETF,BSE,80.58,87.86,8.285909401320284,79.76169357607648,0.4612891160703292,-0.9825999911230785,1.044349406272266,True,-0.3619766762141148,176.0
LICNETFN50,LIC MF Nifty 50 ETF,NIFTY 50,273.15,292.32,6.55788177339902,270.38438830628087,0.5966191581040725,-0.8498435282870046,0.8030380397369468,True,-0.35524973257294695,177.0
BFSI,Mirae Asset Nifty Fin Serv ETF,FINANCIAL SERVICES,27.31,29.42,7.17199184228417,27.27198046766669,0.3675119441381769,-0.8291098708625764,0.7624228606554381,True,-0.3552434336281154,178.0
MOM50,Motilal Oswal Nifty 50 ETF,NIFTY 50,254.28,273.6,7.061403508771937,252.3683328575531,1.2664277180406192,-0.8767099051713727,0.8198649438473566,True,-0.36802860515281566,179.0
LICNETFSEN,LIC MF BSE Sensex ETF,SENSEX,880.0,963.02,8.620797075865505,873.422168549969,0.632383043443463,-0.9876716036523919,1.0188484895545122,True,-0.3746183863829536,180.0
SENSEXIETF,ICICI Pru BSE Sensex ETF,SENSEX,896.91,979.95,8.473901729680094,888.8040547966428,0.3412167453516135,-0.9928860826026397,0.981976276270028,True,-0.3914161914975953,181.0
MOLOWVOL,Motilal Osw BSE LowVol ETF,MIDCAP,37.36,39.74,5.988928032209366,36.997241352266904,-0.34675913576954764,-0.6675041876899845,0.3640839933735753,True,-0.3843620538518958,182.0
TOP15IETF,Pru Nifty Top 15 Eql Wght ETF,NIFTY 50,10.07,11.1344,9.559563155625801,9.92562566626896,0.9018036072144353,-1.0283878204128198,1.0050910250727396,True,-0.4079887610728926,183.0
HDFCSENSEX,HDFC BSE Sensex ETF,SENSEX,88.25,96.73,8.766670112684796,87.64890820424313,0.04534633261534804,-1.03589434721081,1.0050161162432945,True,-0.4132629776069856,184.0
GROWWNIFTY,Groww Nifty 50 ETF,NIFTY 50,9.83,10.41,5.571565802113353,9.731775480942279,0.20387359836899765,-0.9399154076859303,0.8312582979486778,True,-0.4081488127731022,185.0
ENERGY,Mirae Asset Nifty Energy ETF,NIFTY ENERGY,38.78,41.77,7.158247546085712,38.92695740356102,0.674974039460019,0.36965375655442756,-1.5628947523380345,True,-0.34669585828398386,186.0
INFRABEES,Nippon IN ETF Nifty Infra BeES,INFRA,976.93,1008.86,3.164958467973759,964.5993405123397,0.8485511659836131,-0.5397921178851954,0.06929939161147916,True,-0.4002357190596371,187.0
SENSEXBETA,UTI BSE Sensex ETF,SENSEX,857.51,941.29,8.900551370990872,856.0793518030125,-0.3717860835821596,-0.9990628200787376,0.7591992171735226,True,-0.47520026308826335,188.0
INFRAIETF,ICICI Pru Nifty Infra ETF,INFRA,96.95,100.4,3.436254980079684,96.06167519773662,0.8110637412914734,-0.5530949665141928,-0.09932050196592836,True,-0.46968310469074087,189.0
BSLSENETFG,Aditya BSL BSE Sensex ETF,SENSEX,78.14,85.92,9.054934823091248,77.91442586500865,-0.2043422733077893,-0.9732048693237166,0.6588455222512292,True,-0.49292094414104487,190.0
GOLDIETF,ICICI Gold ETF,GOLD,131.02,153.33,14.550316311224156,125.5053537033354,7.8176431863068,-0.23479894743938795,-0.8098891931809573,True,-0.500640743429074,191.0
CHOICEGOLD,Choice Gold ETF,GOLD,152.08,171.79,11.47331043716164,145.5495297461729,7.537830575590454,-0.25396729082936975,-0.7897294835290852,True,-0.5068494100983963,192.0
IDFNIFTYET,Bandhan Nifty 50 ETF,NIFTY 50,267.57,338.95,21.059153267443577,266.5350215383613,0.02242906807221612,-0.9675093875219138,0.49882025695061755,True,-0.5460216333667192,193.0
GOLD1,Kotak Gold ETF,GOLD,127.7,146.62,12.904105851861958,122.25760980258993,7.863839851338805,-0.23294075128717487,-0.8387917134509879,True,-0.5096514932611153,194.0
GOLDADD,DSP Gold ETF,GOLD,148.65,173.61,14.377052013132888,142.37203403624193,7.748622789214266,-0.2376161613960552,-0.8516936882994707,True,-0.5175221020943861,195.0
HDFCGOLD,HDFC Gold ETF,GOLD,130.62,151.38,13.713832738803006,125.18942979776564,7.701187335092352,-0.245327973127375,-0.8870306958645328,True,-0.5355180682447956,196.0
UNIONGOLD,Union Gold ETF,GOLD,149.25,175.0,14.714285714285714,143.3954329724428,7.181328545780974,-0.2265788755380069,-0.9238421850894168,True,-0.5355422878488975,197.0
GOLDBETA,UTI Gold ETF,GOLD,128.75,148.25,13.15345699831366,123.3191557938673,7.7856843867726955,-0.26340840544702276,-0.9078854099994939,True,-0.5555963614052021,198.0
GOLD360,360 ONE Gold ETF,GOLD,148.9,172.85,13.855944460514891,143.07955558986754,7.315315315315329,-0.25221670703222054,-0.9305479234614507,True,-0.5558565985999241,199.0
VALUE,Mirae Asset Nifty500 Val50 ETF,NIFTY500,16.16,16.9578,4.704619703027508,16.126012554092032,0.06191950464398133,,-1.1413023044920876,True,-1.2220778987005674,200.0
DIVIDEND,Mirae Asset BSE500DivLds50 ETF,SENSEX,35.97,37.23,3.384367445608375,35.74295478472824,-0.3601108033241096,-0.4897207722677376,-0.5426107246579062,True,-0.5835056832029228,201.0
MOGOLD,Motilal Oswal Gold ETF,GOLD,150.85,172.4,12.500000000000005,144.9672929989459,7.252044081052245,-0.30101959403278716,-0.9244292935349125,True,-0.5877900776342594,202.0
SHARIABEES,NipponETFNifty 50 Shariah BeES,SHARIAH,471.72,522.78,9.767014805463091,465.7860961040619,-0.5418625735309601,-0.7684704816165943,-0.20710098278411676,True,-0.6586891065299445,203.0
GOLDBND,Bandhan Gold ETF,GOLD,151.22,167.73,9.843200381565605,147.84159767578757,6.350657570855889,-0.3249012368560733,-1.03809927378622,True,-0.6450316234447523,204.0
SETFGOLD,SBI Gold ETF,GOLD,129.06,151.15,14.61462123718161,124.98121794949722,6.546685379344508,-0.3210133773439646,-1.0856149619321207,True,-0.6592629718084093,205.0
GOLDBEES,Nippon India ETF Gold BeES,GOLD,125.13,146.53,14.60451784617485,121.14902219720551,6.6115702479338845,-0.32920510751389914,-1.1003386248631808,True,-0.6702415007722758,206.0
TWCGOLDETF,The Wealth Company Gold ETF,GOLD,150.85,168.44,10.442887675136548,147.26982952872427,6.284788275910658,-0.3150560687852946,-1.1288307290147914,True,-0.6705138430093137,207.0
TATAGOLD,Tata Gold ETF,GOLD,14.7,17.36,15.32258064516129,14.226614272118926,6.598984771573613,-0.32488814466094856,-1.1139326848182627,True,-0.6720727929784991,208.0
GOLDCASE,Zerodha Gold ETF,GOLD,23.81,27.88,14.598278335724535,23.05028429976184,6.627854903716979,-0.3367295210355708,-1.101840302764151,True,-0.6760371599231352,209.0
EGOLD,Edelweiss Gold ETF,GOLD,151.2,176.4,14.285714285714295,146.4894498451432,6.254392129304276,-0.3141378926349885,-1.1604653926066748,True,-0.6811562962673137,210.0
GOLDETF,Mirae Asset Gold ETF,GOLD,147.18,171.62,14.240764479664373,142.36617793624552,6.621269197334123,-0.34131971051049526,-1.1119764628949147,True,-0.6828616086571349,211.0
BSLGOLDETF,Aditya Birla Sun Life Gold ETF,GOLD,133.19,153.71,13.349814585908534,128.85201954334153,6.705656144848593,-0.327487669157235,-1.1456582285567016,True,-0.6852067398687842,212.0
QGOLDHALF,Quantum Gold Fund,GOLD,125.29,146.35,14.390160573966511,121.41667133696957,6.06111910606959,-0.32118767155282246,-1.1819760738074154,True,-0.6937575134211755,213.0
BBNPPGOLD,Baroda BNP Paribas Gold ETF,GOLD,146.2,175.55,16.718883508971814,141.8384228708261,6.057308668842931,-0.32809404750110255,-1.195692634485796,True,-0.703478264907992,214.0
AONEGOLD,Angel One Gold ETF,GOLD,14.1,16.2674,13.323579674686792,13.674568416146759,6.334841628959276,-0.35772024631221966,-1.223268420225712,True,-0.7340251705076698,215.0
ECAPINSURE,Edelws BSE Captl Mkts&Insr ETF,NIFTY CAPITAL MARKET,23.76,24.95,4.769539078156304,23.90614720220151,0.33783783783785104,-0.4966358125169535,-1.0738619474249287,True,-0.7778408182339134,216.0
COMMOIETF,ICICI Pru Nifty Commodity ETF,COMMODITIES,100.24,107.19,6.483813788599685,100.62523130954716,0.32025620496396456,-0.3441491818753757,-1.4122600734856243,True,-0.7919528907454808,217.0
TOP10ADD,DSP Nifty Top10Equal WeightETF,NIFTY 50,88.85,102.64,13.435307872174596,88.73294099540456,0.11267605633802358,-1.318326553786744,0.32756902014730377,True,-0.8523496502308207,218.0
DIVOPPBEES,Nippon ETF Nifty Div Opps 50,NIFTY 50,78.5,84.81,7.440160358448298,78.24360960228499,-0.12722646310431296,-1.130049100966307,-0.17397034580405327,True,-0.8996355203917661,219.0
AONESILVER,Angel One Silver ETF,SILVER,8.82,10.9225,19.249256122682528,9.084153266876159,6.521739130434789,,-1.9957951390104012,True,-1.8316853468992527,220.0
MOVALUE,Motilal Osw BSE EnhVal ETF,BSE,114.71,127.71,10.1793125048939,115.27618164311583,1.0749845801392155,-1.040107769481595,-0.5333880658209711,True,-0.964968211323548,221.0
VAL30IETF,ICICI Nifty200 Value 30 ETF,NIFTY 200,15.37,16.67,7.798440311937627,15.448005316451571,0.0,-0.831438858627599,-0.9864266264573294,True,-0.9806986887474569,222.0
SILVERBND,Bandhan Silver ETF,SILVER,231.56,287.69,19.510584309499805,234.05817731944106,6.660525103638881,-0.3750716573788581,-1.8319556457705481,True,-0.9632779095418614,223.0
MOINFRA,Motilal Oswal BSE IN Infra ETF,INFRA,59.94,64.9221,7.67396618408832,61.18679340159894,-0.4484304932735439,-0.4737928550238732,-1.6714808851083327,True,-0.9750472332192041,224.0
OILIETF,ICICI Prudential Nifty O&G ETF,NIFTY OIL&GAS,11.37,12.53,9.257781324820433,11.434142007366123,0.619469026548658,-1.1760571426101143,-0.8297687421740806,True,-1.1657257928052904,225.0
NV20BEES,NipponINETFNifty 50 Value 20,NIFTY 50,141.24,156.84,9.946442234123944,142.2334297994356,0.08503401360544505,-1.4733095157867053,-0.4633822213728612,True,-1.2428296788259552,226.0
HDFCVALUE,HDFC Nifty50 Value 20 ETF,NIFTY 50,126.99,140.9,9.872249822569206,128.3665970907176,0.1814452508677844,-1.5697539923953494,-0.571216662313651,True,-1.3487152599612968,227.0
CASHIETF,ICICI Pru BSE LiqRt ETF-Growth,LIQUID,1075.6,1075.6,0.0,1065.7109188650159,0.2376403709053676,-1.4037753695085655,-0.9205715362216547,True,-1.3573040007808115,228.0
NV20IETF,ICICI Pru Nifty50 Value 20 ETF,NIFTY 50,13.73,15.3,10.261437908496733,13.900214792446013,-0.1454545454545375,-1.7059292193089697,-0.4389447905423523,True,-1.3967272872736947,229.0
GROWWPSE,Groww Nifty PSE ETF,NIFTY PSE INDEX,98.68,108.28,8.86590321388991,101.22560617408026,-0.04051863857373883,-0.9581163266992893,-2.0371947735266716,True,-1.4440700954793078,230.0
ABSLPSE,Aditya BSL Nifty PSE ETF,PSE,10.21,11.17,8.594449418084146,10.41858376737518,-0.6809338521400643,-0.8869895327779411,-2.1807515062218097,True,-1.4455560726801668,231.0
FMCGIETF,ICICI Pru Nifty FMCG ETF,NIFTY FMCG,51.98,61.0,14.786885245901644,53.15687046956618,-2.348299830922407,-1.1871604695390234,-1.6947603272973606,True,-1.4820363637219884,232.0
MOPSE,Motilal Oswal Nifty PSE ETF,PSE,100.39,109.3108,8.160950244623587,101.99933632470474,-0.049780963759460395,-0.9725597834416077,-2.164157786363716,True,-1.4994555238933884,233.0
HNGSNGBEES,Nippon India ETF HangSeng BeES,HANG SENG INDEX,482.66,566.34,14.77557650881096,497.1248507901993,-2.555923443430508,-0.9559775208219922,-2.5544498295145845,True,-1.6270835357693934,234.0
GROWWRAIL,Groww Nifty IN Railway PSU ETF,RAILWAYS,29.21,36.4,19.752747252747245,30.165331966619966,0.6547208821502393,-1.442143752902222,-1.956422658978769,True,-1.7536212445525239,235.0
ICICIB22,Bharat 22 ETF,SENSEX,115.64,128.02,9.670364005624128,118.29135609007021,0.0865501125151491,-1.5438502379336052,-2.2724809159933925,True,-1.9374602026207177,236.0
CPSEETF,CPSE ETF,CPSE ETF,93.85,108.81,13.748736329381497,98.01765914188833,-0.7718333685768686,-1.7697016247089135,-4.589239399204823,True,-2.9217477445271403,237.0
AXSENSEX,Axis BSE Sensex ETF,BROAD_MARKET,80.93,80.93,0.0,,0.0,,,True,,251.0
AXISGOLD,Axis Gold ETF,GOLD,126.02,127.48,1.1452776906181426,,6.5437943862022285,,,True,,251.0
AXISNIFTY,Axis Nifty 50 ETF,BROAD_MARKET,270.39,272.45,0.7561020370710231,,0.6252093334822018,,,True,,251.0
AXISBNKETF,Axis Nifty Bank ETF,BANKING_BROAD,595.34,602.18,1.1358729947855988,,1.3327432724549393,,,True,,251.0
AXISHCETF,Axis Nifty Healthcare ETF,HEALTHCARE,167.82,170.6,1.629542790152404,,-1.1835364776541346,,,True,,251.0
AXISCETF,Axis Nifty India Consump ETF,CONSUMPTION,125.44,126.27,0.6573216124178335,,0.5531062124248587,,,True,,251.0
AXISTECETF,Axis Nifty IT ETF,IT_TECH,346.0,349.5,1.0014306151645207,,0.9599953313297105,,,True,,251.0
AXISVALUE,Axis Nifty500 Value 50 ETF,FACTOR_VALUE,32.78,33.09,0.9368389241462746,,0.0,,,True,,251.0
AXISILVER,Axis Silver ETF,SILVER,229.93,234.77,2.061592196617968,,7.0238316886985785,,,True,,251.0
FLEXIADD,DSP Nifty500 Flxcp Qlty 30 ETF,NIFTY500,10.33,10.36,0.2895752895752834,,,,,True,,251.0
ESENSEX,Edelweiss BSE Sensex ETF,SENSEX,78.75,80.13,1.7222014226881261,,,,,True,,251.0
ENIFTY,Edelweiss Nifty 50 ETF,NIFTY 50,24.63,24.92,1.163723916532916,,,,,True,,251.0
ELM250,Edelweiss Nifty LgMdcp 250 ETF,LARGEMIDCAP 250,16.91,17.05,0.8211143695014695,,1.990349819059123,,,True,,251.0
HSBCGOLD,HSBC Gold ETF,GOLD,131.42,132.83,1.0615071896409132,,,,,True,,251.0
NIFTY100EW,Kotak Nifty 100 Eq Weight ETF,NIFTY 100,35.85,36.06,0.5823627287853601,,,,,True,,251.0
MOMENTUM30,Kotak Nifty 200 Mmntm 30 ETF,NIFTY 200,31.17,31.32,0.47892720306512954,,,,,True,,251.0
CHEMICAL,Kotak Nifty Chemicals ETF,CHEMICALS,30.8,30.97,0.5489183080400328,,,,,True,,251.0
MID150,Kotak Nifty Midcap 150 ETF,MIDCAP,23.8,23.91,0.46005855290673126,,,,,True,,251.0
QUALITY30,Kotak Nifty200 Quality 30 ETF,NIFTY 200,21.27,21.46,0.885368126747443,,,,,True,,251.0
SMALL250,Mirae Asset Nifty Smcp 250 ETF,SMALLCAP,18.34,18.44,0.5422993492407885,,,,,True,,251.0
MOCAPITAL,Motilal Oswal Nifty CptMkt ETF,NIFTY CAPITAL MARKET,53.26,56.86,6.331340133661628,,1.1585944919278335,,,True,,251.0
MANUFGBEES,Nippon India Nifty IN Manu ETF,MANUFACTURING,169.27,169.27,0.0,,,,,True,,251.0
SNXT30BEES,Nippon IndiaBSESensexNext30ETF,NIFTY NEXT 50,43.74,43.99,0.5683109797681292,,,,,True,,251.0
EVIETF,Pru Nifty EV&New Age Atmtv ETF,EV,34.12,34.27,0.43770061278087447,,,,,True,,251.0
SBIBPB,SBI BSE PSU BANK ETF,NIFTY BANK,50.62,50.73,0.21683422038241562,,,,,True,,251.0
NIFTYCASE,Zerodha Nifty 50 ETF,NIFTY 50,9.82,9.9,0.8080808080808087,,,,,True,,251.0
LTGILTCASE,Zerodha Nifty 8-13Y G-Sec ETF,NIFTY GSEC,30.7,30.7,0.0,,,,,True,,251.0
QNIFTY,Quantum Nifty 50 ETF,NIFTY 50,268.8,2872.49,90.6422650731595,445.48002315469137,0.47095761381474865,-0.8564213525095439,0.9137147239161192,False,-0.320368844594647,
CONS,Kotak Nifty India Consump ETF,CONSUMPTION,12.55,129.58,90.31486340484643,21.66130673438156,0.9654062751407899,-1.3951756771849926,1.7432673146181898,False,-0.40108189074222744,
BANKNIFTY1,Kotak Nifty Bank ETF,NIFTY BANK,59.77,637.24,90.6204883560354,106.87213174278337,0.7755859045692093,-1.4550656593848077,1.840132777675095,False,-0.4083958436351116,
MIDCAP,Kotak Nifty Midcap 50 ETF,MIDCAP,18.7,175.8942,89.36860908432456,30.40678720677591,1.4650027129679888,-1.323343177260536,1.0483608281249297,False,-0.5987449511609535,
GROWWGOLD,Groww Gold ETF,GOLD,14.77,174.56,91.53872593950504,21.195967698262848,6.488824801730364,-0.32658053554969857,-1.176804290043356,False,-0.6956826246261976,
MAHKTECH,Mirae Asset Hang Seng TECH ETF,IT_TECH,23.41,34.13,31.409317316144158,23.50082654459927,0.5152425933877325,-0.6367653412605695,-0.6123948116608535,False,-0.7111908187631442,
SILVERBETA,UTI Silver ETF,SILVER,225.93,355.03,36.36312424302171,223.9415688862426,8.312958435207829,-0.3311291224175559,-1.683936053693547,False,-0.8797598878945418,
SILVERADD,DSP Silver ETF,SILVER,225.65,351.92,35.88031370766083,223.5120820593101,8.1787238122633,-0.32429229435698936,-1.7025090626157926,False,-0.881605675518205,
TATSILV,Tata Silver ETF,SILVER,22.7,34.94,35.031482541499706,22.52021322706323,8.095238095238088,-0.33968822230302176,-1.6853597533708573,False,-0.8862510372141259,
SILVERAG,Mirae Asset Silver ETF,SILVER,227.28,362.27,37.26226295304607,225.79251734158527,8.027948096392423,-0.36221936269971644,-1.743666171539932,False,-0.9227999240197792,
SILVER360,360 ONE Silver ETF,SILVER,229.72,356.89,35.63282804225391,228.08334810716343,8.26146378245911,-0.37487905213357126,-1.7478440739907004,False,-0.9331400662852196,
HDFCSILVER,HDFC Silver ETF,SILVER,221.2,355.42,37.763772438242086,221.8726608173446,7.020175141516272,-0.37181712458876326,-1.8026084018946242,False,-0.9505344306253255,
MOSILVER,Motilal Oswal Silver ETF,SILVER,230.87,377.27,38.80509979590214,229.3033892990816,7.832788416627756,-0.37501778599201513,-1.8265739255158489,False,-0.9613205521066994,
SBISILVER,SBI Silver ETF,SILVER,226.67,358.24,36.72677534613668,227.11877389003146,6.960173650434132,-0.37661067070933507,-1.8509217140686827,False,-0.9711191014182036,
GROWWSLVR,Groww Silver ETF,SILVER,22.66,367.4977,93.83397501535383,33.637400706067254,6.937234544596493,-0.38765941714442304,-1.8448953781222908,False,-0.9766931763944816,
SILVERBEES,Nippon India Silver ETF,SILVER,221.22,351.91,37.13733625074593,221.71773122840546,7.060930165029289,-0.3927318516669335,-1.8489117026818078,False,-0.9816717530333975,
ESILVER,Edelweiss Silver ETF,SILVER,231.22,368.91,37.3234664281261,231.62520750335383,7.0264765784114,-0.39434186627568774,-1.8657154680570724,False,-0.9887912699415775,
SILVER,Aditya BSL Silver ETF,SILVER,231.05,367.12,37.064175201568965,231.41667493313184,7.096505052377866,-0.3881450573557342,-1.898487934531527,False,-0.9961495163038461,
SILVERIETF,ICICI Prudential Silver ETF,SILVER,230.92,367.25,37.12185159972771,231.41203388843965,6.981700254806578,-0.3900059781741124,-1.9004385530666354,False,-0.9981462071193286,
SILVERCASE,Zerodha Silver ETF,SILVER,23.45,37.8,37.96296296296296,23.515835659017803,7.028753993610226,-0.39600361724644273,-1.903092551341255,False,-1.0032856036450926,
NV20,Kotak Nifty 50 Value 20 ETF,NIFTY 50,14.07,156.3,90.99808061420346,26.22921406500313,-0.14194464158977516,-1.47502185729392,-0.41858098731777693,False,-1.2280457829058964,
IVZINGOLD,Invesco India Gold ETF,GOLD,131.4,15439.9004,99.14895824068917,2602.9776969589648,6.224737267582858,-1.4281472616172295,-1.0307164934336492,False,-1.4136308581659915,
LICMFGOLD,LIC MF Gold ETF,GOLD,136.4,16058.9502,99.15062941038325,1371.1649158000578,6.93845550764407,-1.4217518374795486,-1.0818986564552984,False,-1.4274171318408244,
HEALTHADD,DSP Nifty Healthcare ETF,HEALTHCARE,16.68,162.94,89.76310298269301,88.61735203880798,-1.0089020771513413,-1.3635642225220705,-1.9959552587233949,False,-1.7127911738118522,
MIDQ50ADD,DSP Nifty Midcap 150 Ql 50 ETF,MIDCAP,25.68,256.45,89.98635211542211,139.43494703471137,2.026221692491048,-1.3861894312718932,-1.9584414697015278,False,-1.715226064524934,
SILVER1,Kotak Silver ETF,SILVER,22.43,357.72,93.72973275187297,38.410759442238984,7.166746297181081,-1.4754164106902508,-1.8433401147781876,False,-1.7365434003424365,
IVZINNIFTY,Invesco India Nifty 50 ETF,NIFTY 50,279.72,2996.03,90.66364489007121,2225.0430073889765,-89.9616365991868,-1.455992037520625,-1.982624175536095,False,-1.7726482646847415,
PSUBANK,Kotak Nifty PSU Bank ETF,NIFTY PSU BANK,87.24,985.6,91.14853896103897,529.6629758902088,4.717320849837936,-1.5118220249912107,-1.9645892436511414,False,-1.805243462633436,
