TYPE,REASON,TICKER,NAME,ENTRY_DATE,EXIT_DATE,HOLDING_DAYS,ENTRY_PRICE,EXIT_PRICE,SHARES,GROSS_PNL,COSTS,NET_PNL,REGIME
BUY,NEW BUY (rank=120),IDFNIFTYET,Bandhan Nifty 50 ETF,2020-04-13,,,104.0,,1923.7093,,20.0,,BULL
BUY,NEW BUY (rank=120),MIDSELIETF,ICICI Pru BSE MC Sel ETF,2020-04-13,,,4.969,,40262.7817,,20.0,,BULL
BUY,NEW BUY (rank=120),LOWVOLIETF,ICICI Nifty 100 LowVol 30 ETF,2020-04-13,,,7.824,,25570.7774,,20.0,,BULL
BUY,NEW BUY (rank=120),CONSUMBEES,Nippon ETF Nifty IN Consumpt,2020-04-13,,,48.54,,4121.668,,20.0,,BULL
BUY,NEW BUY (rank=120),HDFCSENSEX,HDFC BSE Sensex ETF,2020-04-13,,,32.8044,,6098.7478,,20.0,,BULL
SELL,Rank 120 | TSL 7.4%,IDFNIFTYET,Bandhan Nifty 50 ETF,2020-04-13,2020-04-20,7.0,104.0,96.33,1923.7093,-14754.85,20.0,-14774.85,BULL
SELL,Rank 120,MIDSELIETF,ICICI Pru BSE MC Sel ETF,2020-04-13,2020-04-20,7.0,4.969,5.2,40262.7817,9300.7,20.0,9280.7,BULL
SELL,Rank 120,LOWVOLIETF,ICICI Nifty 100 LowVol 30 ETF,2020-04-13,2020-04-20,7.0,7.824,8.053,25570.7774,5855.71,20.0,5835.71,BULL
SELL,Rank 120,CONSUMBEES,Nippon ETF Nifty IN Consumpt,2020-04-13,2020-04-20,7.0,48.54,54.07,4121.668,22792.82,20.0,22772.82,BULL
SELL,Rank 120,HDFCSENSEX,HDFC BSE Sensex ETF,2020-04-13,2020-04-20,7.0,32.8044,33.6868,6098.7478,5381.54,20.0,5361.54,BULL
BUY,NEW BUY (rank=120),IDFNIFTYET,Bandhan Nifty 50 ETF,2020-04-20,,,96.33,,2136.0006,,20.0,,BULL
BUY,NEW BUY (rank=120),MIDSELIETF,ICICI Pru BSE MC Sel ETF,2020-04-20,,,5.2,,39569.4119,,20.0,,BULL
BUY,NEW BUY (rank=120),LOWVOLIETF,ICICI Nifty 100 LowVol 30 ETF,2020-04-20,,,8.053,,25550.8434,,20.0,,BULL
BUY,NEW BUY (rank=120),CONSUMBEES,Nippon ETF Nifty IN Consumpt,2020-04-20,,,54.07,,3805.4548,,20.0,,BULL
BUY,NEW BUY (rank=120),HDFCSENSEX,HDFC BSE Sensex ETF,2020-04-20,,,33.6868,,6108.0584,,20.0,,BULL
SELL,Rank 120,IDFNIFTYET,Bandhan Nifty 50 ETF,2020-04-20,2020-04-27,7.0,96.33,97.0,2136.0006,1431.12,20.0,1411.12,BULL
SELL,Rank 120,MIDSELIETF,ICICI Pru BSE MC Sel ETF,2020-04-20,2020-04-27,7.0,5.2,5.096,39569.4119,-4115.22,20.0,-4135.22,BULL
SELL,Rank 120,LOWVOLIETF,ICICI Nifty 100 LowVol 30 ETF,2020-04-20,2020-04-27,7.0,8.053,8.322,25550.8434,6873.18,20.0,6853.18,BULL
SELL,Rank 120,CONSUMBEES,Nippon ETF Nifty IN Consumpt,2020-04-20,2020-04-27,7.0,54.07,53.26,3805.4548,-3082.42,20.0,-3102.42,BULL
SELL,Rank 120,HDFCSENSEX,HDFC BSE Sensex ETF,2020-04-20,2020-04-27,7.0,33.6868,33.591,6108.0584,-585.15,20.0,-605.15,BULL
BUY,NEW BUY (rank=120),IDFNIFTYET,Bandhan Nifty 50 ETF,2020-04-27,,,97.0,,2121.9096,,20.0,,BULL
BUY,NEW BUY (rank=120),MIDSELIETF,ICICI Pru BSE MC Sel ETF,2020-04-27,,,5.096,,40389.5668,,20.0,,BULL
BUY,NEW BUY (rank=120),LOWVOLIETF,ICICI Nifty 100 LowVol 30 ETF,2020-04-27,,,8.322,,24732.6643,,20.0,,BULL
BUY,NEW BUY (rank=120),CONSUMBEES,Nippon ETF Nifty IN Consumpt,2020-04-27,,,53.26,,3864.5368,,20.0,,BULL
BUY,NEW BUY (rank=120),HDFCSENSEX,HDFC BSE Sensex ETF,2020-04-27,,,33.591,,6127.3922,,20.0,,BULL
SELL,Rank 120,IDFNIFTYET,Bandhan Nifty 50 ETF,2020-04-27,2020-05-04,7.0,97.0,96.7,2121.9096,-636.57,20.0,-656.57,BULL
SELL,Rank 120,MIDSELIETF,ICICI Pru BSE MC Sel ETF,2020-04-27,2020-05-04,7.0,5.096,4.937,40389.5668,-6421.94,20.0,-6441.94,BULL
SELL,Rank 120,LOWVOLIETF,ICICI Nifty 100 LowVol 30 ETF,2020-04-27,2020-05-04,7.0,8.322,8.065,24732.6643,-6356.29,20.0,-6376.29,BULL
SELL,Rank 120,CONSUMBEES,Nippon ETF Nifty IN Consumpt,2020-04-27,2020-05-04,7.0,53.26,51.8,3864.5368,-5642.22,20.0,-5662.22,BULL
SELL,Rank 120,HDFCSENSEX,HDFC BSE Sensex ETF,2020-04-27,2020-05-04,7.0,33.591,34.1762,6127.3922,3585.75,20.0,3565.75,BULL
BUY,NEW BUY (rank=120),IDFNIFTYET,Bandhan Nifty 50 ETF,2020-05-04,,,96.7,,2096.0803,,20.0,,BULL
BUY,NEW BUY (rank=120),MIDSELIETF,ICICI Pru BSE MC Sel ETF,2020-05-04,,,4.937,,41055.4927,,20.0,,BULL
BUY,NEW BUY (rank=120),LOWVOLIETF,ICICI Nifty 100 LowVol 30 ETF,2020-05-04,,,8.065,,25132.172,,20.0,,BULL
BUY,NEW BUY (rank=120),CONSUMBEES,Nippon ETF Nifty IN Consumpt,2020-05-04,,,51.8,,3912.953,,20.0,,BULL
BUY,NEW BUY (rank=120),HDFCSENSEX,HDFC BSE Sensex ETF,2020-05-04,,,34.1762,,5930.7637,,20.0,,BULL
SELL,Rank 120,IDFNIFTYET,Bandhan Nifty 50 ETF,2020-05-04,2020-05-11,7.0,96.7,93.81,2096.0803,-6057.67,20.0,-6077.67,BULL
SELL,Rank 120,MIDSELIETF,ICICI Pru BSE MC Sel ETF,2020-05-04,2020-05-11,7.0,4.937,5.082,41055.4927,5953.05,20.0,5933.05,BULL
SELL,Rank 120,LOWVOLIETF,ICICI Nifty 100 LowVol 30 ETF,2020-05-04,2020-05-11,7.0,8.065,7.946,25132.172,-2990.73,20.0,-3010.73,BULL
SELL,Rank 120,CONSUMBEES,Nippon ETF Nifty IN Consumpt,2020-05-04,2020-05-11,7.0,51.8,52.72,3912.953,3599.92,20.0,3579.92,BULL
SELL,Rank 120,HDFCSENSEX,HDFC BSE Sensex ETF,2020-05-04,2020-05-11,7.0,34.1762,33.5524,5930.7637,-3699.61,20.0,-3719.61,BULL
BUY,NEW BUY (rank=120),IDFNIFTYET,Bandhan Nifty 50 ETF,2020-05-11,,,93.81,,2153.4159,,20.0,,BULL
BUY,NEW BUY (rank=120),MIDSELIETF,ICICI Pru BSE MC Sel ETF,2020-05-11,,,5.082,,39750.4815,,20.0,,BULL
BUY,NEW BUY (rank=120),LOWVOLIETF,ICICI Nifty 100 LowVol 30 ETF,2020-05-11,,,7.946,,25423.0993,,20.0,,BULL
BUY,NEW BUY (rank=120),CONSUMBEES,Nippon ETF Nifty IN Consumpt,2020-05-11,,,52.72,,3831.7896,,20.0,,BULL
BUY,NEW BUY (rank=120),HDFCSENSEX,HDFC BSE Sensex ETF,2020-05-11,,,33.5524,,6020.7898,,20.0,,BULL
SELL,Rank 120,IDFNIFTYET,Bandhan Nifty 50 ETF,2020-05-11,2020-05-18,7.0,93.81,96.89,2153.4159,6632.52,20.0,6612.52,BULL
SELL,Rank 120,MIDSELIETF,ICICI Pru BSE MC Sel ETF,2020-05-11,2020-05-18,7.0,5.082,4.966,39750.4815,-4611.06,20.0,-4631.06,BULL
SELL,Rank 120,LOWVOLIETF,ICICI Nifty 100 LowVol 30 ETF,2020-05-11,2020-05-18,7.0,7.946,8.017,25423.0993,1805.04,20.0,1785.04,BULL
SELL,Rank 120 | TSL 10.2%,CONSUMBEES,Nippon ETF Nifty IN Consumpt,2020-05-11,2020-05-18,7.0,52.72,47.36,3831.7896,-20538.39,20.0,-20558.39,BULL
SELL,Rank 120,HDFCSENSEX,HDFC BSE Sensex ETF,2020-05-11,2020-05-18,7.0,33.5524,32.7233,6020.7898,-4991.84,20.0,-5011.84,BULL
BUY,NEW BUY (rank=120),IDFNIFTYET,Bandhan Nifty 50 ETF,2020-05-18,,,96.89,,2039.7481,,20.0,,BULL
BUY,NEW BUY (rank=120),MIDSELIETF,ICICI Pru BSE MC Sel ETF,2020-05-18,,,4.966,,39796.8568,,20.0,,BULL
BUY,NEW BUY (rank=120),LOWVOLIETF,ICICI Nifty 100 LowVol 30 ETF,2020-05-18,,,8.017,,24651.5144,,20.0,,BULL
BUY,NEW BUY (rank=120),CONSUMBEES,Nippon ETF Nifty IN Consumpt,2020-05-18,,,47.36,,4172.9559,,20.0,,BULL
BUY,NEW BUY (rank=120),HDFCSENSEX,HDFC BSE Sensex ETF,2020-05-18,,,32.7233,,6039.464,,20.0,,BULL
SELL,Rank 120,IDFNIFTYET,Bandhan Nifty 50 ETF,2020-05-18,2020-05-26,8.0,96.89,93.02,2039.7481,-7893.83,20.0,-7913.83,BULL
SELL,Rank 120,MIDSELIETF,ICICI Pru BSE MC Sel ETF,2020-05-18,2020-05-26,8.0,4.966,4.96,39796.8568,-238.78,20.0,-258.78,BULL
SELL,Rank 120,LOWVOLIETF,ICICI Nifty 100 LowVol 30 ETF,2020-05-18,2020-05-26,8.0,8.017,7.981,24651.5144,-887.45,20.0,-907.45,BULL
SELL,Rank 120,CONSUMBEES,Nippon ETF Nifty IN Consumpt,2020-05-18,2020-05-26,8.0,47.36,47.44,4172.9559,333.84,20.0,313.84,BULL
SELL,Rank 120,HDFCSENSEX,HDFC BSE Sensex ETF,2020-05-18,2020-05-26,8.0,32.7233,32.75,6039.464,161.25,20.0,141.25,BULL
BUY,NEW BUY (rank=120),IDFNIFTYET,Bandhan Nifty 50 ETF,2020-05-26,,,93.02,,2105.8502,,20.0,,BULL
BUY,NEW BUY (rank=120),MIDSELIETF,ICICI Pru BSE MC Sel ETF,2020-05-26,,,4.96,,39493.1827,,20.0,,BULL
BUY,NEW BUY (rank=120),LOWVOLIETF,ICICI Nifty 100 LowVol 30 ETF,2020-05-26,,,7.981,,24544.0654,,20.0,,BULL
BUY,NEW BUY (rank=120),CONSUMBEES,Nippon ETF Nifty IN Consumpt,2020-05-26,,,47.44,,4129.1355,,20.0,,BULL
BUY,NEW BUY (rank=120),HDFCSENSEX,HDFC BSE Sensex ETF,2020-05-26,,,32.75,,5981.2576,,20.0,,BULL
SELL,Rank 120,IDFNIFTYET,Bandhan Nifty 50 ETF,2020-05-26,2020-06-01,6.0,93.02,101.85,2105.8502,18594.66,20.0,18574.66,BULL
SELL,Rank 120,MIDSELIETF,ICICI Pru BSE MC Sel ETF,2020-05-26,2020-06-01,6.0,4.96,5.276,39493.1827,12479.85,20.0,12459.85,BULL
SELL,Rank 120,LOWVOLIETF,ICICI Nifty 100 LowVol 30 ETF,2020-05-26,2020-06-01,6.0,7.981,8.457,24544.0654,11682.98,20.0,11662.98,BULL
SELL,Rank 120,CONSUMBEES,Nippon ETF Nifty IN Consumpt,2020-05-26,2020-06-01,6.0,47.44,50.27,4129.1355,11685.45,20.0,11665.45,BULL
SELL,Rank 120,HDFCSENSEX,HDFC BSE Sensex ETF,2020-05-26,2020-06-01,6.0,32.75,35.0667,5981.2576,13856.78,20.0,13836.78,BULL
BUY,NEW BUY (rank=120),IDFNIFTYET,Bandhan Nifty 50 ETF,2020-06-01,,,101.85,,2057.0066,,20.0,,BULL
BUY,NEW BUY (rank=120),MIDSELIETF,ICICI Pru BSE MC Sel ETF,2020-06-01,,,5.276,,39709.2721,,20.0,,BULL
BUY,NEW BUY (rank=120),LOWVOLIETF,ICICI Nifty 100 LowVol 30 ETF,2020-06-01,,,8.457,,24773.1015,,20.0,,BULL
BUY,NEW BUY (rank=120),CONSUMBEES,Nippon ETF Nifty IN Consumpt,2020-06-01,,,50.27,,4167.6173,,20.0,,BULL
BUY,NEW BUY (rank=120),HDFCSENSEX,HDFC BSE Sensex ETF,2020-06-01,,,35.0667,,5974.5034,,20.0,,BULL
SELL,Rank 120,IDFNIFTYET,Bandhan Nifty 50 ETF,2020-06-01,2020-06-08,7.0,101.85,104.35,2057.0066,5142.52,20.0,5122.52,BULL
SELL,Rank 120,MIDSELIETF,ICICI Pru BSE MC Sel ETF,2020-06-01,2020-06-08,7.0,5.276,5.494,39709.2721,8656.62,20.0,8636.62,BULL
SELL,Rank 120,LOWVOLIETF,ICICI Nifty 100 LowVol 30 ETF,2020-06-01,2020-06-08,7.0,8.457,8.601,24773.1015,3567.33,20.0,3547.33,BULL
SELL,Rank 120,CONSUMBEES,Nippon ETF Nifty IN Consumpt,2020-06-01,2020-06-08,7.0,50.27,50.91,4167.6173,2667.28,20.0,2647.28,BULL
SELL,Rank 120,HDFCSENSEX,HDFC BSE Sensex ETF,2020-06-01,2020-06-08,7.0,35.0667,36.47,5974.5034,8384.02,20.0,8364.02,BULL
BUY,NEW BUY (rank=120),IDFNIFTYET,Bandhan Nifty 50 ETF,2020-06-08,,,104.35,,2061.808,,20.0,,BULL
BUY,NEW BUY (rank=120),MIDSELIETF,ICICI Pru BSE MC Sel ETF,2020-06-08,,,5.494,,39160.841,,20.0,,BULL
BUY,NEW BUY (rank=120),LOWVOLIETF,ICICI Nifty 100 LowVol 30 ETF,2020-06-08,,,8.601,,25014.4937,,20.0,,BULL
BUY,NEW BUY (rank=120),CONSUMBEES,Nippon ETF Nifty IN Consumpt,2020-06-08,,,50.91,,4226.0786,,20.0,,BULL
BUY,NEW BUY (rank=120),HDFCSENSEX,HDFC BSE Sensex ETF,2020-06-08,,,36.47,,5899.36,,20.0,,BULL
SELL,Rank 120,IDFNIFTYET,Bandhan Nifty 50 ETF,2020-06-08,2020-06-15,7.0,104.35,103.4,2061.808,-1958.72,20.0,-1978.72,BULL
SELL,Rank 120,MIDSELIETF,ICICI Pru BSE MC Sel ETF,2020-06-08,2020-06-15,7.0,5.494,5.436,39160.841,-2271.33,20.0,-2291.33,BULL
SELL,Rank 120,LOWVOLIETF,ICICI Nifty 100 LowVol 30 ETF,2020-06-08,2020-06-15,7.0,8.601,8.361,25014.4937,-6003.48,20.0,-6023.48,BULL
SELL,Rank 120,CONSUMBEES,Nippon ETF Nifty IN Consumpt,2020-06-08,2020-06-15,7.0,50.91,49.96,4226.0786,-4014.77,20.0,-4034.77,BULL
SELL,Rank 120,HDFCSENSEX,HDFC BSE Sensex ETF,2020-06-08,2020-06-15,7.0,36.47,35.4417,5899.36,-6066.31,20.0,-6086.31,BULL
BUY,NEW BUY (rank=120),IDFNIFTYET,Bandhan Nifty 50 ETF,2020-06-15,,,103.4,,2041.0709,,20.0,,BULL
BUY,NEW BUY (rank=120),MIDSELIETF,ICICI Pru BSE MC Sel ETF,2020-06-15,,,5.436,,38823.9013,,20.0,,BULL
BUY,NEW BUY (rank=120),LOWVOLIETF,ICICI Nifty 100 LowVol 30 ETF,2020-06-15,,,8.361,,25241.8045,,20.0,,BULL
BUY,NEW BUY (rank=120),CONSUMBEES,Nippon ETF Nifty IN Consumpt,2020-06-15,,,49.96,,4224.314,,20.0,,BULL
BUY,NEW BUY (rank=120),HDFCSENSEX,HDFC BSE Sensex ETF,2020-06-15,,,35.4417,,5954.7575,,20.0,,BULL
SELL,Rank 120,IDFNIFTYET,Bandhan Nifty 50 ETF,2020-06-15,2020-06-22,7.0,103.4,107.15,2041.0709,7654.02,20.0,7634.02,BULL
SELL,Rank 120,MIDSELIETF,ICICI Pru BSE MC Sel ETF,2020-06-15,2020-06-22,7.0,5.436,5.561,38823.9013,4852.99,20.0,4832.99,BULL
SELL,Rank 120,LOWVOLIETF,ICICI Nifty 100 LowVol 30 ETF,2020-06-15,2020-06-22,7.0,8.361,8.513,25241.8045,3836.75,20.0,3816.75,BULL
SELL,Rank 120,CONSUMBEES,Nippon ETF Nifty IN Consumpt,2020-06-15,2020-06-22,7.0,49.96,49.75,4224.314,-887.11,20.0,-907.11,BULL
SELL,Rank 120,HDFCSENSEX,HDFC BSE Sensex ETF,2020-06-15,2020-06-22,7.0,35.4417,36.75,5954.7575,7790.61,20.0,7770.61,BULL
BUY,NEW BUY (rank=120),IDFNIFTYET,Bandhan Nifty 50 ETF,2020-06-22,,,107.15,,2012.6567,,20.0,,BULL
BUY,NEW BUY (rank=120),MIDSELIETF,ICICI Pru BSE MC Sel ETF,2020-06-22,,,5.561,,38780.1058,,20.0,,BULL
BUY,NEW BUY (rank=120),LOWVOLIETF,ICICI Nifty 100 LowVol 30 ETF,2020-06-22,,,8.513,,25332.57,,20.0,,BULL
BUY,NEW BUY (rank=120),CONSUMBEES,Nippon ETF Nifty IN Consumpt,2020-06-22,,,49.75,,4334.7974,,20.0,,BULL
BUY,NEW BUY (rank=120),HDFCSENSEX,HDFC BSE Sensex ETF,2020-06-22,,,36.75,,5868.1951,,20.0,,BULL
SELL,Rank 120,IDFNIFTYET,Bandhan Nifty 50 ETF,2020-06-22,2020-06-29,7.0,107.15,106.1,2012.6567,-2113.29,20.0,-2133.29,BULL
SELL,Rank 120,MIDSELIETF,ICICI Pru BSE MC Sel ETF,2020-06-22,2020-06-29,7.0,5.561,5.533,38780.1058,-1085.84,20.0,-1105.84,BULL
SELL,Rank 120,LOWVOLIETF,ICICI Nifty 100 LowVol 30 ETF,2020-06-22,2020-06-29,7.0,8.513,8.653,25332.57,3546.56,20.0,3526.56,BULL
SELL,Rank 120,CONSUMBEES,Nippon ETF Nifty IN Consumpt,2020-06-22,2020-06-29,7.0,49.75,51.19,4334.7974,6242.11,20.0,6222.11,BULL
SELL,Rank 120,HDFCSENSEX,HDFC BSE Sensex ETF,2020-06-22,2020-06-29,7.0,36.75,36.68,5868.1951,-410.77,20.0,-430.77,BULL
BUY,NEW BUY (rank=120),IDFNIFTYET,Bandhan Nifty 50 ETF,2020-06-29,,,106.1,,2043.8446,,20.0,,BULL
BUY,NEW BUY (rank=120),MIDSELIETF,ICICI Pru BSE MC Sel ETF,2020-06-29,,,5.533,,39192.4652,,20.0,,BULL
BUY,NEW BUY (rank=120),LOWVOLIETF,ICICI Nifty 100 LowVol 30 ETF,2020-06-29,,,8.653,,25060.8933,,20.0,,BULL
BUY,NEW BUY (rank=120),CONSUMBEES,Nippon ETF Nifty IN Consumpt,2020-06-29,,,51.19,,4236.2163,,20.0,,BULL
BUY,NEW BUY (rank=120),HDFCSENSEX,HDFC BSE Sensex ETF,2020-06-29,,,36.68,,5911.9932,,20.0,,BULL
SELL,Rank 120,IDFNIFTYET,Bandhan Nifty 50 ETF,2020-06-29,2020-07-06,7.0,106.1,109.99,2043.8446,7950.56,20.0,7930.56,BULL
SELL,Rank 120,MIDSELIETF,ICICI Pru BSE MC Sel ETF,2020-06-29,2020-07-06,7.0,5.533,5.726,39192.4652,7564.15,20.0,7544.15,BULL
SELL,Rank 120,LOWVOLIETF,ICICI Nifty 100 LowVol 30 ETF,2020-06-29,2020-07-06,7.0,8.653,8.874,25060.8933,5538.46,20.0,5518.46,BULL
SELL,Rank 120,CONSUMBEES,Nippon ETF Nifty IN Consumpt,2020-06-29,2020-07-06,7.0,51.19,52.5,4236.2163,5549.44,20.0,5529.44,BULL
SELL,Rank 120,HDFCSENSEX,HDFC BSE Sensex ETF,2020-06-29,2020-07-06,7.0,36.68,38.4612,5911.9932,10530.44,20.0,10510.44,BULL
BUY,NEW BUY (rank=120),IDFNIFTYET,Bandhan Nifty 50 ETF,2020-07-06,,,109.99,,2038.7172,,20.0,,BULL
BUY,NEW BUY (rank=120),MIDSELIETF,ICICI Pru BSE MC Sel ETF,2020-07-06,,,5.726,,39161.4579,,20.0,,BULL
BUY,NEW BUY (rank=120),LOWVOLIETF,ICICI Nifty 100 LowVol 30 ETF,2020-07-06,,,8.874,,25269.158,,20.0,,BULL
BUY,NEW BUY (rank=120),CONSUMBEES,Nippon ETF Nifty IN Consumpt,2020-07-06,,,52.5,,4271.2097,,20.0,,BULL
BUY,NEW BUY (rank=120),HDFCSENSEX,HDFC BSE Sensex ETF,2020-07-06,,,38.4612,,5830.2525,,20.0,,BULL
SELL,Rank 30,IDFNIFTYET,Bandhan Nifty 50 ETF,2020-07-06,2020-07-13,7.0,109.99,110.02,2038.7172,61.16,20.0,41.16,BULL
SELL,Rank 38,CONSUMBEES,Nippon ETF Nifty IN Consumpt,2020-07-06,2020-07-13,7.0,52.5,52.99,4271.2097,2092.89,20.0,2072.89,BULL
BUY,NEW BUY (rank=1),NIFTY1,Kotak Nifty 50 ETF,2020-07-13,,,112.55,,1998.8311,,20.0,,BULL
BUY,NEW BUY (rank=3),INFRABEES,Nippon IN ETF Nifty Infra BeES,2020-07-13,,,316.41,,711.0029,,20.0,,BULL
SELL,Rank 25,MIDSELIETF,ICICI Pru BSE MC Sel ETF,2020-07-06,2020-07-20,14.0,5.726,5.802,39161.4579,2976.27,20.0,2956.27,BULL
SELL,Rank 21,LOWVOLIETF,ICICI Nifty 100 LowVol 30 ETF,2020-07-06,2020-07-20,14.0,8.874,9.116,25269.158,6115.14,20.0,6095.14,BULL
SELL,Rank 21,HDFCSENSEX,HDFC BSE Sensex ETF,2020-07-06,2020-07-20,14.0,38.4612,39.5899,5830.2525,6580.61,20.0,6560.61,BULL
BUY,NEW BUY (rank=7),SBIETFQLTY,SBI Nifty 200 Quality 30 ETF,2020-07-20,,,98.33,,2322.6383,,20.0,,BULL
BUY,NEW BUY (rank=10),MOM100,MotilalOswal NiftyMidcap100ETF,2020-07-20,,,15.98,,14291.9289,,20.0,,BULL
BUY,NEW BUY (rank=14),JUNIORBEES,NipponETFNifty Next 50 Jr BeES,2020-07-20,,,276.22,,826.8229,,20.0,,BULL
SELL,Rank 21,INFRABEES,Nippon IN ETF Nifty Infra BeES,2020-07-13,2020-07-27,14.0,316.41,320.01,711.0029,2559.61,20.0,2539.61,BULL
BUY,NEW BUY (rank=9),HDFCSENSEX,HDFC BSE Sensex ETF,2020-07-27,,,39.8343,,5752.9266,,20.0,,BULL
SELL,Rank 21,SBIETFQLTY,SBI Nifty 200 Quality 30 ETF,2020-07-20,2020-08-31,42.0,98.33,103.89,2322.6383,12913.87,20.0,12893.87,BULL
BUY,NEW BUY (rank=13),LOWVOLIETF,ICICI Nifty 100 LowVol 30 ETF,2020-08-31,,,9.438,,25373.3479,,20.0,,BULL
SELL,Rank 23,JUNIORBEES,NipponETFNifty Next 50 Jr BeES,2020-07-20,2020-09-07,49.0,276.22,281.93,826.8229,4721.16,20.0,4701.16,BULL
BUY,NEW BUY (rank=15),SBIETFQLTY,SBI Nifty 200 Quality 30 ETF,2020-09-07,,,103.8,,2302.9354,,20.0,,BULL
SELL,REGIME_SLOT_CUT,LOWVOLIETF,ICICI Nifty 100 LowVol 30 ETF,2020-08-31,2020-09-28,28.0,9.438,9.579,25373.3479,3577.64,20.0,3557.64,PARTIAL
SELL,REGIME_SLOT_CUT,SBIETFQLTY,SBI Nifty 200 Quality 30 ETF,2020-09-07,2020-09-28,21.0,103.8,106.68,2302.9354,6632.45,20.0,6612.45,PARTIAL
BUY,NEW BUY (rank=1),ITBEES,Nippon India ETF Nifty IT,2020-10-05,,,20.87,,11711.7535,,20.0,,BULL
BUY,NEW BUY (rank=4),LOWVOLIETF,ICICI Nifty 100 LowVol 30 ETF,2020-10-05,,,9.745,,25082.0211,,20.0,,BULL
SELL,TSL 5.6%,MOM100,MotilalOswal NiftyMidcap100ETF,2020-07-20,2020-10-12,84.0,15.98,17.55,14291.9289,22438.33,20.0,22418.33,BULL
SELL,Rank 144,ITBEES,Nippon India ETF Nifty IT,2020-10-05,2020-10-12,7.0,20.87,22.31,11711.7535,16864.93,20.0,16844.93,BULL
BUY,NEW BUY (rank=7),MIDCAPIETF,ICICI Pru Nifty Midcap 150 ETF,2020-10-12,,,6.53,,38511.5871,,20.0,,BULL
BUY,NEW BUY (rank=7),SBIETFQLTY,SBI Nifty 200 Quality 30 ETF,2020-10-12,,,108.85,,2310.3414,,20.0,,BULL
SELL,Rank 22,MIDCAPIETF,ICICI Pru Nifty Midcap 150 ETF,2020-10-12,2020-11-17,36.0,6.53,7.087,38511.5871,21450.95,20.0,21430.95,BULL
SELL,Rank 26,SBIETFQLTY,SBI Nifty 200 Quality 30 ETF,2020-10-12,2020-11-17,36.0,108.85,111.9,2310.3414,7046.54,20.0,7026.54,BULL
BUY,NEW BUY (rank=3),SETFNIFBK,SBI Nifty Bank ETF,2020-11-17,,,290.28,,920.6405,,20.0,,BULL
BUY,NEW BUY (rank=14),MIDSELIETF,ICICI Pru BSE MC Sel ETF,2020-11-17,,,7.035,,37987.7095,,20.0,,BULL
SELL,Rank 21,SETFNIFBK,SBI Nifty Bank ETF,2020-11-17,2021-01-11,55.0,290.28,318.49,920.6405,25971.27,20.0,25951.27,BULL
BUY,NEW BUY (rank=1),JUNIORBEES,NipponETFNifty Next 50 Jr BeES,2021-01-11,,,358.63,,846.2241,,20.0,,BULL
SELL,Rank 40 | TSL 8.5%,HDFCSENSEX,HDFC BSE Sensex ETF,2020-07-27,2021-02-01,189.0,39.8343,51.3532,5752.9266,66267.39,20.0,66247.39,PARTIAL
SELL,Rank 24,LOWVOLIETF,ICICI Nifty 100 LowVol 30 ETF,2020-10-05,2021-02-01,119.0,9.745,11.483,25082.0211,43592.55,20.0,43572.55,PARTIAL
SELL,Rank 21,JUNIORBEES,NipponETFNifty Next 50 Jr BeES,2021-01-11,2021-02-01,21.0,358.63,341.85,846.2241,-14199.64,20.0,-14219.64,PARTIAL
BUY,NEW BUY (rank=2),ICICIB22,Bharat 22 ETF,2021-02-01,,,33.9,,8683.9184,,20.0,,PARTIAL
BUY,NEW BUY (rank=11),PSUBANK,Kotak Nifty PSU Bank ETF,2021-02-08,,,219.05,,1399.0179,,20.0,,BULL
BUY,NEW BUY (rank=11),PSUBNKBEES,NipponINETFNifty PSU Bank BeES,2021-02-08,,,24.69,,12412.1053,,20.0,,BULL
SELL,Rank 22,PSUBANK,Kotak Nifty PSU Bank ETF,2021-02-08,2021-03-15,35.0,219.05,226.87,1399.0179,10940.32,20.0,10920.32,BULL
SELL,Rank 26,PSUBNKBEES,NipponINETFNifty PSU Bank BeES,2021-02-08,2021-03-15,35.0,24.69,25.22,12412.1053,6578.42,20.0,6558.42,BULL
BUY,NEW BUY (rank=9),INFRABEES,Nippon IN ETF Nifty Infra BeES,2021-03-15,,,432.87,,719.5684,,20.0,,BULL
BUY,NEW BUY (rank=9),NIF100IETF,ICICI Prudential Nifty 100 ETF,2021-03-15,,,161.6,,1927.4727,,20.0,,BULL
SELL,Rank 21,NIFTY1,Kotak Nifty 50 ETF,2020-07-13,2021-03-30,260.0,112.55,154.91,1998.8311,84670.48,20.0,84650.48,PARTIAL
SELL,TSL 6.0%,ICICIB22,Bharat 22 ETF,2021-02-01,2021-03-30,57.0,33.9,35.84,8683.9184,16846.8,20.0,16826.8,PARTIAL
SELL,Rank 21,NIF100IETF,ICICI Prudential Nifty 100 ETF,2021-03-15,2021-03-30,15.0,161.6,161.16,1927.4727,-848.09,20.0,-868.09,PARTIAL
BUY,NEW BUY (rank=4),ICICIB22,Bharat 22 ETF,2021-03-30,,,35.84,,8547.1362,,20.0,,PARTIAL
BUY,NEW BUY (rank=4),NV20,Kotak Nifty 50 Value 20 ETF,2021-04-05,,,80.11,,3812.2958,,20.0,,BULL
BUY,NEW BUY (rank=7),PSUBANK,Kotak Nifty PSU Bank ETF,2021-04-05,,,208.34,,1465.8876,,20.0,,BULL
SELL,TSL 5.2%,MIDSELIETF,ICICI Pru BSE MC Sel ETF,2020-11-17,2021-04-12,146.0,7.035,8.398,37987.7095,51777.25,20.0,51757.25,BULL
SELL,TSL 5.7%,ICICIB22,Bharat 22 ETF,2021-03-30,2021-04-12,13.0,35.84,33.8,8547.1362,-17436.16,20.0,-17456.16,BULL
SELL,TSL 5.5%,PSUBANK,Kotak Nifty PSU Bank ETF,2021-04-05,2021-04-12,7.0,208.34,196.86,1465.8876,-16828.39,20.0,-16848.39,BULL
BUY,NEW BUY (rank=1),MIDCAPIETF,ICICI Pru Nifty Midcap 150 ETF,2021-04-12,,,8.86,,33515.3762,,20.0,,BULL
BUY,NEW BUY (rank=8),PSUBNKBEES,NipponINETFNifty PSU Bank BeES,2021-04-12,,,21.84,,13596.4392,,20.0,,BULL
BUY,NEW BUY (rank=8),ICICIB22,Bharat 22 ETF,2021-04-12,,,33.8,,8785.3915,,20.0,,BULL
SELL,TSL 5.5%,INFRABEES,Nippon IN ETF Nifty Infra BeES,2021-03-15,2021-04-19,35.0,432.87,409.23,719.5684,-17010.6,20.0,-17030.6,BULL
BUY,NEW BUY (rank=6),INFRABEES,Nippon IN ETF Nifty Infra BeES,2021-04-19,,,409.23,,718.2337,,20.0,,BULL
SELL,52wk high DD 25.4%,PSUBNKBEES,NipponINETFNifty PSU Bank BeES,2021-04-12,2021-04-26,14.0,21.84,21.89,13596.4392,679.82,20.0,659.82,PARTIAL
SELL,REGIME_SLOT_CUT,INFRABEES,Nippon IN ETF Nifty Infra BeES,2021-04-19,2021-04-26,7.0,409.23,413.32,718.2337,2937.58,20.0,2917.58,PARTIAL
BUY,NEW BUY (rank=4),CPSEETF,CPSE ETF,2021-05-03,,,23.13,,13014.2355,,20.0,,BULL
BUY,NEW BUY (rank=7),JUNIORBEES,NipponETFNifty Next 50 Jr BeES,2021-05-03,,,366.46,,821.4246,,20.0,,BULL
SELL,Rank 26,CPSEETF,CPSE ETF,2021-05-03,2021-06-07,35.0,23.13,26.28,13014.2355,40994.84,20.0,40974.84,BULL
BUY,NEW BUY (rank=8),SHARIABEES,NipponETFNifty 50 Shariah BeES,2021-06-07,,,388.42,,864.7736,,20.0,,BULL
SELL,Rank 25,ICICIB22,Bharat 22 ETF,2021-04-12,2021-06-14,63.0,33.8,40.21,8785.3915,56314.36,20.0,56294.36,BULL
BUY,NEW BUY (rank=7),LOWVOLIETF,ICICI Nifty 100 LowVol 30 ETF,2021-06-14,,,12.996,,26066.0672,,20.0,,BULL
SELL,Rank 21,NV20,Kotak Nifty 50 Value 20 ETF,2021-04-05,2021-07-19,105.0,80.11,87.35,3812.2958,27601.02,20.0,27581.02,BULL
SELL,Rank 28,SHARIABEES,NipponETFNifty 50 Shariah BeES,2021-06-07,2021-07-19,42.0,388.42,404.69,864.7736,14069.87,20.0,14049.87,BULL
BUY,NEW BUY (rank=2),LICNETFN50,LIC MF Nifty 50 ETF,2021-07-19,,,203.0,,1684.2518,,20.0,,BULL
BUY,NEW BUY (rank=6),ICICIB22,Bharat 22 ETF,2021-07-19,,,40.6,,8421.2591,,20.0,,BULL
SELL,Rank 45 | TSL 16.7%,LICNETFN50,LIC MF Nifty 50 ETF,2021-07-19,2021-08-02,14.0,203.0,169.15,1684.2518,-57011.92,20.0,-57031.92,BULL
BUY,NEW BUY (rank=1),SBIETFQLTY,SBI Nifty 200 Quality 30 ETF,2021-08-02,,,142.74,,2337.0855,,20.0,,BULL
SELL,Rank 32,ICICIB22,Bharat 22 ETF,2021-07-19,2021-08-16,28.0,40.6,40.78,8421.2591,1515.83,20.0,1495.83,BULL
BUY,NEW BUY (rank=1),ITBEES,Nippon India ETF Nifty IT,2021-08-16,,,33.19,,10072.0103,,20.0,,BULL
SELL,Rank 24,JUNIORBEES,NipponETFNifty Next 50 Jr BeES,2021-05-03,2021-08-23,112.0,366.46,411.24,821.4246,36783.39,20.0,36763.39,BULL
BUY,NEW BUY (rank=2),SHARIABEES,NipponETFNifty 50 Shariah BeES,2021-08-23,,,439.53,,767.847,,20.0,,BULL
SELL,Rank 24,MIDCAPIETF,ICICI Pru Nifty Midcap 150 ETF,2021-04-12,2021-08-30,140.0,8.86,10.725,33515.3762,62506.18,20.0,62486.18,BULL
BUY,NEW BUY (rank=5),ALPL30IETF,ICICI Nifty Alp Lw- Vol 30 ETF,2021-08-30,,,17.359,,19782.409,,20.0,,BULL
SELL,Rank 22,SHARIABEES,NipponETFNifty 50 Shariah BeES,2021-08-23,2021-10-04,42.0,439.53,450.18,767.847,8177.57,20.0,8157.57,BULL
SELL,Rank 22,ALPL30IETF,ICICI Nifty Alp Lw- Vol 30 ETF,2021-08-30,2021-10-04,35.0,17.359,18.023,19782.409,13135.52,20.0,13115.52,BULL
BUY,NEW BUY (rank=2),SETFNIF50,SBI Nifty 50 ETF,2021-10-04,,,180.48,,1977.2857,,20.0,,BULL
BUY,NEW BUY (rank=12),INFRABEES,Nippon IN ETF Nifty Infra BeES,2021-10-04,,,526.99,,677.1676,,20.0,,BULL
SELL,Rank 24,ITBEES,Nippon India ETF Nifty IT,2021-08-16,2021-10-18,63.0,33.19,36.86,10072.0103,36964.28,20.0,36944.28,BULL
BUY,NEW BUY (rank=11),JUNIORBEES,NipponETFNifty Next 50 Jr BeES,2021-10-18,,,468.13,,785.2348,,20.0,,BULL
SELL,Rank 29 | TSL 5.5%,SBIETFQLTY,SBI Nifty 200 Quality 30 ETF,2021-08-02,2021-10-25,84.0,142.74,152.27,2337.0855,22272.42,20.0,22252.42,BULL
SELL,Rank 33 | TSL 6.0%,JUNIORBEES,NipponETFNifty Next 50 Jr BeES,2021-10-18,2021-10-25,7.0,468.13,440.17,785.2348,-21955.16,20.0,-21975.16,BULL
BUY,NEW BUY (rank=10),HDFCSENSEX,HDFC BSE Sensex ETF,2021-10-25,,,65.504,,5371.1747,,20.0,,BULL
BUY,NEW BUY (rank=15),BANKNIFTY1,Kotak Nifty Bank ETF,2021-10-25,,,415.96,,845.8348,,20.0,,BULL
SELL,Rank 21,BANKNIFTY1,Kotak Nifty Bank ETF,2021-10-25,2021-11-01,7.0,415.96,402.85,845.8348,-11088.89,20.0,-11108.89,BULL
BUY,NEW BUY (rank=14),MID150BEES,Nippon IndiaETF NiftyMidcap150,2021-11-01,,,116.8,,2988.1969,,20.0,,BULL
SELL,Rank 24,LOWVOLIETF,ICICI Nifty 100 LowVol 30 ETF,2021-06-14,2021-11-15,154.0,12.996,14.377,26066.0672,35997.24,20.0,35977.24,BULL
BUY,NEW BUY (rank=1),NIF100IETF,ICICI Prudential Nifty 100 ETF,2021-11-15,,,199.06,,1793.1197,,20.0,,BULL
SELL,TSL 5.2%,SETFNIF50,SBI Nifty 50 ETF,2021-10-04,2021-11-22,49.0,180.48,178.25,1977.2857,-4409.35,20.0,-4429.35,BULL
SELL,Rank 23,HDFCSENSEX,HDFC BSE Sensex ETF,2021-10-25,2021-11-22,28.0,65.504,63.298,5371.1747,-11848.81,20.0,-11868.81,BULL
BUY,NEW BUY (rank=5),CONSUMBEES,Nippon ETF Nifty IN Consumpt,2021-11-22,,,79.24,,4326.6434,,20.0,,BULL
BUY,NEW BUY (rank=9),NIFTYBEES,Nippon India ETF Nifty 50 BeES,2021-11-22,,,188.53,,1818.5075,,20.0,,BULL
SELL,TSL 6.5%,INFRABEES,Nippon IN ETF Nifty Infra BeES,2021-10-04,2021-11-29,56.0,526.99,517.74,677.1676,-6263.8,20.0,-6283.8,PARTIAL
SELL,TSL 6.6%,MID150BEES,Nippon IndiaETF NiftyMidcap150,2021-11-01,2021-11-29,28.0,116.8,113.12,2988.1969,-10996.56,20.0,-11016.56,PARTIAL
SELL,TSL 5.8%,NIF100IETF,ICICI Prudential Nifty 100 ETF,2021-11-15,2021-11-29,14.0,199.06,187.42,1793.1197,-20871.91,20.0,-20891.91,PARTIAL
SELL,Rank 21,NIFTYBEES,Nippon India ETF Nifty 50 BeES,2021-11-22,2021-11-29,7.0,188.53,184.55,1818.5075,-7237.66,20.0,-7257.66,PARTIAL
BUY,NEW BUY (rank=3),MIDCAPIETF,ICICI Pru Nifty Midcap 150 ETF,2021-11-29,,,11.298,,29569.9805,,20.0,,PARTIAL
BUY,NEW BUY (rank=3),INFRABEES,Nippon IN ETF Nifty Infra BeES,2021-11-29,,,517.74,,645.2691,,20.0,,PARTIAL
SELL,TSL 5.1%,CONSUMBEES,Nippon ETF Nifty IN Consumpt,2021-11-22,2021-12-06,14.0,79.24,75.18,4326.6434,-17566.17,20.0,-17586.17,PARTIAL
BUY,NEW BUY (rank=1),LICNFNHGP,LIC MF Nifty 100 ETF,2021-12-06,,,182.5,,1826.1671,,20.0,,PARTIAL
BUY,NEW BUY (rank=4),SBIETFIT,SBI Nifty IT ETF,2021-12-13,,,368.77,,919.8353,,20.0,,BULL
BUY,NEW BUY (rank=4),PSUBANK,Kotak Nifty PSU Bank ETF,2021-12-13,,,271.91,,1247.4998,,20.0,,BULL
SELL,REGIME_SLOT_CUT,MIDCAPIETF,ICICI Pru Nifty Midcap 150 ETF,2021-11-29,2021-12-20,21.0,11.298,11.107,29569.9805,-5647.87,20.0,-5667.87,BEAR
SELL,REGIME_SLOT_CUT,INFRABEES,Nippon IN ETF Nifty Infra BeES,2021-11-29,2021-12-20,21.0,517.74,494.16,645.2691,-15215.45,20.0,-15235.45,BEAR
SELL,REGIME_SLOT_CUT,LICNFNHGP,LIC MF Nifty 100 ETF,2021-12-06,2021-12-20,14.0,182.5,177.74,1826.1671,-8692.56,20.0,-8712.56,BEAR
SELL,REGIME_SLOT_CUT,SBIETFIT,SBI Nifty IT ETF,2021-12-13,2021-12-20,7.0,368.77,366.37,919.8353,-2207.6,20.0,-2227.6,BEAR
SELL,REGIME_SLOT_CUT,PSUBANK,Kotak Nifty PSU Bank ETF,2021-12-13,2021-12-20,7.0,271.91,241.13,1247.4998,-38398.04,20.0,-38418.04,BEAR
BUY,NEW BUY (rank=1),SBIETFIT,SBI Nifty IT ETF,2022-01-03,,,400.65,,797.328,,20.0,,BULL
BUY,NEW BUY (rank=3),MOM100,MotilalOswal NiftyMidcap100ETF,2022-01-03,,,32.19,,9923.873,,20.0,,BULL
BUY,NEW BUY (rank=4),SHARIABEES,NipponETFNifty 50 Shariah BeES,2022-01-03,,,465.66,,686.0144,,20.0,,BULL
BUY,NEW BUY (rank=4),NV20IETF,ICICI Pru Nifty50 Value 20 ETF,2022-01-03,,,9.87,,32365.7014,,20.0,,BULL
BUY,NEW BUY (rank=7),LICNFNHGP,LIC MF Nifty 100 ETF,2022-01-03,,,188.75,,1692.4475,,20.0,,BULL
SELL,Rank 22,MOM100,MotilalOswal NiftyMidcap100ETF,2022-01-03,2022-01-10,7.0,32.19,32.91,9923.873,7145.19,20.0,7125.19,BULL
BUY,NEW BUY (rank=10),MIDCAPIETF,ICICI Pru Nifty Midcap 150 ETF,2022-01-10,,,11.936,,26921.0554,,20.0,,BULL
SELL,TSL 10.3%,SBIETFIT,SBI Nifty IT ETF,2022-01-03,2022-01-24,21.0,400.65,359.2,797.328,-33049.25,20.0,-33069.25,BULL
SELL,TSL 7.8%,SHARIABEES,NipponETFNifty 50 Shariah BeES,2022-01-03,2022-01-24,21.0,465.66,438.46,686.0144,-18659.59,20.0,-18679.59,BULL
SELL,TSL 6.4%,NV20IETF,ICICI Pru Nifty50 Value 20 ETF,2022-01-03,2022-01-24,21.0,9.87,9.55,32365.7014,-10357.02,20.0,-10377.02,BULL
SELL,TSL 5.2%,LICNFNHGP,LIC MF Nifty 100 ETF,2022-01-03,2022-01-24,21.0,188.75,185.81,1692.4475,-4975.8,20.0,-4995.8,BULL
SELL,TSL 7.8%,MIDCAPIETF,ICICI Pru Nifty Midcap 150 ETF,2022-01-10,2022-01-24,14.0,11.936,11.279,26921.0554,-17687.13,20.0,-17707.13,BULL
BUY,NEW BUY (rank=1),CPSEETF,CPSE ETF,2022-01-24,,,31.4,,9678.513,,20.0,,BULL
BUY,NEW BUY (rank=1),SBIETFIT,SBI Nifty IT ETF,2022-01-24,,,359.2,,846.0615,,20.0,,BULL
BUY,NEW BUY (rank=4),SHARIABEES,NipponETFNifty 50 Shariah BeES,2022-01-24,,,438.46,,693.1198,,20.0,,BULL
BUY,NEW BUY (rank=4),NV20,Kotak Nifty 50 Value 20 ETF,2022-01-24,,,97.01,,3132.7215,,20.0,,BULL
BUY,NEW BUY (rank=8),LICNFNHGP,LIC MF Nifty 100 ETF,2022-01-24,,,185.81,,1635.5703,,20.0,,BULL
SELL,REGIME_SLOT_CUT,CPSEETF,CPSE ETF,2022-01-24,2022-01-31,7.0,31.4,32.71,9678.513,12678.85,20.0,12658.85,BEAR
SELL,REGIME_SLOT_CUT,SBIETFIT,SBI Nifty IT ETF,2022-01-24,2022-01-31,7.0,359.2,357.0,846.0615,-1861.34,20.0,-1881.34,BEAR
SELL,REGIME_SLOT_CUT,SHARIABEES,NipponETFNifty 50 Shariah BeES,2022-01-24,2022-01-31,7.0,438.46,439.06,693.1198,415.87,20.0,395.87,BEAR
SELL,REGIME_SLOT_CUT,NV20,Kotak Nifty 50 Value 20 ETF,2022-01-24,2022-01-31,7.0,97.01,97.21,3132.7215,626.54,20.0,606.54,BEAR
SELL,REGIME_SLOT_CUT,LICNFNHGP,LIC MF Nifty 100 ETF,2022-01-24,2022-01-31,7.0,185.81,185.86,1635.5703,81.78,20.0,61.78,BEAR
BUY,NEW BUY (rank=1),CPSEETF,CPSE ETF,2022-02-07,,,32.57,,9404.8987,,20.0,,PARTIAL
BUY,NEW BUY (rank=2),ICICIB22,Bharat 22 ETF,2022-02-07,,,48.1,,6368.3482,,20.0,,PARTIAL
BUY,NEW BUY (rank=4),LICNFNHGP,LIC MF Nifty 100 ETF,2022-02-07,,,184.26,,1662.4202,,20.0,,PARTIAL
SELL,REGIME_SLOT_CUT,CPSEETF,CPSE ETF,2022-02-07,2022-02-14,7.0,32.57,31.77,9404.8987,-7523.92,20.0,-7543.92,BEAR
SELL,REGIME_SLOT_CUT,ICICIB22,Bharat 22 ETF,2022-02-07,2022-02-14,7.0,48.1,46.94,6368.3482,-7387.28,20.0,-7407.28,BEAR
SELL,REGIME_SLOT_CUT,LICNFNHGP,LIC MF Nifty 100 ETF,2022-02-07,2022-02-14,7.0,184.26,180.35,1662.4202,-6500.06,20.0,-6520.06,BEAR
BUY,NEW BUY (rank=1),CPSEETF,CPSE ETF,2022-03-21,,,33.23,,9100.9857,,20.0,,PARTIAL
BUY,NEW BUY (rank=2),ICICIB22,Bharat 22 ETF,2022-03-21,,,47.96,,6305.7914,,20.0,,PARTIAL
BUY,NEW BUY (rank=2),GOLDBEES,Nippon India ETF Gold BeES,2022-03-21,,,44.14,,6851.5124,,20.0,,PARTIAL
SELL,REGIME_SLOT_CUT,CPSEETF,CPSE ETF,2022-03-21,2022-03-28,7.0,33.23,34.01,9100.9857,7098.77,20.0,7078.77,BEAR
SELL,REGIME_SLOT_CUT,ICICIB22,Bharat 22 ETF,2022-03-21,2022-03-28,7.0,47.96,48.63,6305.7914,4224.88,20.0,4204.88,BEAR
SELL,REGIME_SLOT_CUT,GOLDBEES,Nippon India ETF Gold BeES,2022-03-21,2022-03-28,7.0,44.14,44.49,6851.5124,2398.03,20.0,2378.03,BEAR
BUY,NEW BUY (rank=1),CPSEETF,CPSE ETF,2022-04-04,,,34.91,,8744.2811,,20.0,,PARTIAL
BUY,NEW BUY (rank=2),ICICIB22,Bharat 22 ETF,2022-04-04,,,50.33,,6065.2266,,20.0,,PARTIAL
BUY,NEW BUY (rank=3),GOLDBEES,Nippon India ETF Gold BeES,2022-04-04,,,44.22,,6903.2758,,20.0,,PARTIAL
BUY,NEW BUY (rank=4),PSUBANK,Kotak Nifty PSU Bank ETF,2022-04-11,,,286.12,,1086.2261,,20.0,,BULL
BUY,NEW BUY (rank=4),PSUBNKBEES,NipponINETFNifty PSU Bank BeES,2022-04-11,,,31.96,,9724.3745,,20.0,,BULL
SELL,TSL 6.0%,PSUBANK,Kotak Nifty PSU Bank ETF,2022-04-11,2022-04-25,14.0,286.12,269.02,1086.2261,-18574.47,20.0,-18594.47,BULL
SELL,TSL 6.4%,PSUBNKBEES,NipponINETFNifty PSU Bank BeES,2022-04-11,2022-04-25,14.0,31.96,29.9,9724.3745,-20032.21,20.0,-20052.21,BULL
BUY,NEW BUY (rank=4),PSUBANK,Kotak Nifty PSU Bank ETF,2022-04-25,,,269.02,,1114.4317,,20.0,,BULL
BUY,NEW BUY (rank=4),PSUBNKBEES,NipponINETFNifty PSU Bank BeES,2022-04-25,,,29.9,,10026.9036,,20.0,,BULL
SELL,REGIME_SLOT_CUT,CPSEETF,CPSE ETF,2022-04-04,2022-05-02,28.0,34.91,35.6,8744.2811,6033.55,20.0,6013.55,BEAR
SELL,REGIME_SLOT_CUT,ICICIB22,Bharat 22 ETF,2022-04-04,2022-05-02,28.0,50.33,49.23,6065.2266,-6671.75,20.0,-6691.75,BEAR
SELL,REGIME_SLOT_CUT,GOLDBEES,Nippon India ETF Gold BeES,2022-04-04,2022-05-02,28.0,44.22,44.16,6903.2758,-414.2,20.0,-434.2,BEAR
SELL,REGIME_SLOT_CUT,PSUBANK,Kotak Nifty PSU Bank ETF,2022-04-25,2022-05-02,7.0,269.02,269.44,1114.4317,468.06,20.0,448.06,BEAR
SELL,REGIME_SLOT_CUT,PSUBNKBEES,NipponINETFNifty PSU Bank BeES,2022-04-25,2022-05-02,7.0,29.9,29.94,10026.9036,401.08,20.0,381.08,BEAR
BUY,NEW BUY (rank=1),CONSUMBEES,Nippon ETF Nifty IN Consumpt,2022-07-25,,,80.86,,3690.8618,,20.0,,PARTIAL
BUY,NEW BUY (rank=3),PSUBNKBEES,NipponINETFNifty PSU Bank BeES,2022-07-25,,,30.77,,9699.1578,,20.0,,PARTIAL
BUY,NEW BUY (rank=3),PSUBANK,Kotak Nifty PSU Bank ETF,2022-07-25,,,274.92,,1085.5634,,20.0,,PARTIAL
SELL,Rank 24,PSUBNKBEES,NipponINETFNifty PSU Bank BeES,2022-07-25,2022-08-08,14.0,30.77,31.3,9699.1578,5140.55,20.0,5120.55,PARTIAL
SELL,Rank 24,PSUBANK,Kotak Nifty PSU Bank ETF,2022-07-25,2022-08-08,14.0,274.92,281.15,1085.5634,6763.06,20.0,6743.06,PARTIAL
BUY,NEW BUY (rank=3),ICICIB22,Bharat 22 ETF,2022-08-08,,,51.18,,5926.8336,,20.0,,PARTIAL
BUY,NEW BUY (rank=3),SBIETFQLTY,SBI Nifty 200 Quality 30 ETF,2022-08-08,,,153.71,,1973.4262,,20.0,,PARTIAL
SELL,Rank 26,SBIETFQLTY,SBI Nifty 200 Quality 30 ETF,2022-08-08,2022-08-16,8.0,153.71,154.79,1973.4262,2131.3,20.0,2111.3,BULL
BUY,NEW BUY (rank=3),BANKNIFTY1,Kotak Nifty Bank ETF,2022-08-16,,,397.9,,767.291,,20.0,,BULL
BUY,NEW BUY (rank=6),SBIETFPB,SBI Nifty Private Bank ETF,2022-08-16,,,201.16,,1517.7227,,20.0,,BULL
BUY,NEW BUY (rank=6),NPBET,Tata Nifty Private Bank ETF,2022-08-16,,,204.46,,1493.2265,,20.0,,BULL
SELL,Rank 21,ICICIB22,Bharat 22 ETF,2022-08-08,2022-08-22,14.0,51.18,51.57,5926.8336,2311.47,20.0,2291.47,BULL
SELL,Rank 21,BANKNIFTY1,Kotak Nifty Bank ETF,2022-08-16,2022-08-22,6.0,397.9,387.8,767.291,-7749.64,20.0,-7769.64,BULL
SELL,Rank 21,NPBET,Tata Nifty Private Bank ETF,2022-08-16,2022-08-22,6.0,204.46,199.28,1493.2265,-7734.91,20.0,-7754.91,BULL
BUY,NEW BUY (rank=1),FMCGIETF,ICICI Pru Nifty FMCG ETF,2022-08-22,,,43.797,,6841.1459,,20.0,,BULL
BUY,NEW BUY (rank=4),LICNETFN50,LIC MF Nifty 50 ETF,2022-08-22,,,188.97,,1585.5515,,20.0,,BULL
BUY,NEW BUY (rank=8),LICNETFSEN,LIC MF BSE Sensex ETF,2022-08-22,,,639.32,,468.6568,,20.0,,BULL
SELL,Rank 21,SBIETFPB,SBI Nifty Private Bank ETF,2022-08-16,2022-08-29,13.0,201.16,197.38,1517.7227,-5736.99,20.0,-5756.99,BULL
SELL,Rank 21,LICNETFN50,LIC MF Nifty 50 ETF,2022-08-22,2022-08-29,7.0,188.97,187.1,1585.5515,-2964.98,20.0,-2984.98,BULL
SELL,Rank 21,LICNETFSEN,LIC MF BSE Sensex ETF,2022-08-22,2022-08-29,7.0,639.32,628.0,468.6568,-5305.19,20.0,-5325.19,BULL
BUY,NEW BUY (rank=5),MIDCAPIETF,ICICI Pru Nifty Midcap 150 ETF,2022-08-29,,,11.862,,25202.8847,,20.0,,BULL
BUY,NEW BUY (rank=5),PSUBNKBEES,NipponINETFNifty PSU Bank BeES,2022-08-29,,,32.52,,9193.0079,,20.0,,BULL
BUY,NEW BUY (rank=5),ICICIB22,Bharat 22 ETF,2022-08-29,,,52.21,,5726.0413,,20.0,,BULL
SELL,TSL 6.0%,MIDCAPIETF,ICICI Pru Nifty Midcap 150 ETF,2022-08-29,2022-09-26,28.0,11.862,11.714,25202.8847,-3730.03,20.0,-3750.03,BULL
SELL,TSL 8.4%,PSUBNKBEES,NipponINETFNifty PSU Bank BeES,2022-08-29,2022-09-26,28.0,32.52,32.7,9193.0079,1654.74,20.0,1634.74,BULL
SELL,TSL 5.7%,ICICIB22,Bharat 22 ETF,2022-08-29,2022-09-26,28.0,52.21,51.4,5726.0413,-4638.09,20.0,-4658.09,BULL
BUY,NEW BUY (rank=5),MIDCAPIETF,ICICI Pru Nifty Midcap 150 ETF,2022-09-26,,,11.714,,25552.5784,,20.0,,BULL
BUY,NEW BUY (rank=5),ICICIB22,Bharat 22 ETF,2022-09-26,,,51.4,,5823.4028,,20.0,,BULL
BUY,NEW BUY (rank=7),ABSLNN50ET,BSL Nifty Next 50 ETF,2022-09-26,,,43.25,,6920.7608,,20.0,,BULL
SELL,REGIME_SLOT_CUT,ICICIB22,Bharat 22 ETF,2022-09-26,2022-10-03,7.0,51.4,50.95,5823.4028,-2620.53,20.0,-2640.53,PARTIAL
SELL,REGIME_SLOT_CUT,ABSLNN50ET,BSL Nifty Next 50 ETF,2022-09-26,2022-10-03,7.0,43.25,42.63,6920.7608,-4290.87,20.0,-4310.87,PARTIAL
BUY,NEW BUY (rank=5),SBIETFPB,SBI Nifty Private Bank ETF,2022-10-10,,,202.9,,1467.3506,,20.0,,BULL
BUY,NEW BUY (rank=5),ICICIB22,Bharat 22 ETF,2022-10-10,,,52.69,,5650.5112,,20.0,,BULL
SELL,REGIME_SLOT_CUT,SBIETFPB,SBI Nifty Private Bank ETF,2022-10-10,2022-10-17,7.0,202.9,208.05,1467.3506,7556.86,20.0,7536.86,PARTIAL
SELL,REGIME_SLOT_CUT,ICICIB22,Bharat 22 ETF,2022-10-10,2022-10-17,7.0,52.69,52.87,5650.5112,1017.09,20.0,997.09,PARTIAL
BUY,NEW BUY (rank=1),PSUBNKBEES,NipponINETFNifty PSU Bank BeES,2022-10-24,,,37.18,,8117.0723,,20.0,,BULL
BUY,NEW BUY (rank=4),SBIETFPB,SBI Nifty Private Bank ETF,2022-10-24,,,212.13,,1422.6783,,20.0,,BULL
SELL,Rank 29,MIDCAPIETF,ICICI Pru Nifty Midcap 150 ETF,2022-09-26,2022-10-31,35.0,11.714,12.067,25552.5784,9020.06,20.0,9000.06,BULL
BUY,NEW BUY (rank=1),PSUBANK,Kotak Nifty PSU Bank ETF,2022-10-31,,,343.53,,887.1444,,20.0,,BULL
SELL,Rank 34,CONSUMBEES,Nippon ETF Nifty IN Consumpt,2022-07-25,2022-11-14,112.0,80.86,85.32,3690.8618,16461.24,20.0,16441.24,BULL
BUY,NEW BUY (rank=3),ICICIB22,Bharat 22 ETF,2022-11-14,,,56.0,,5608.2039,,20.0,,BULL
SELL,Rank 26,FMCGIETF,ICICI Pru Nifty FMCG ETF,2022-08-22,2022-11-28,98.0,43.797,45.102,6841.1459,8927.7,20.0,8907.7,BULL
BUY,NEW BUY (rank=13),NPBET,Tata Nifty Private Bank ETF,2022-11-28,,,222.82,,1472.6806,,20.0,,BULL
SELL,REGIME_SLOT_CUT,PSUBNKBEES,NipponINETFNifty PSU Bank BeES,2022-10-24,2022-12-26,63.0,37.18,46.44,8117.0723,75164.09,20.0,75144.09,BEAR
SELL,REGIME_SLOT_CUT,SBIETFPB,SBI Nifty Private Bank ETF,2022-10-24,2022-12-26,63.0,212.13,217.21,1422.6783,7227.21,20.0,7207.21,BEAR
SELL,REGIME_SLOT_CUT,PSUBANK,Kotak Nifty PSU Bank ETF,2022-10-31,2022-12-26,56.0,343.53,413.39,887.1444,61975.91,20.0,61955.91,BEAR
SELL,REGIME_SLOT_CUT,ICICIB22,Bharat 22 ETF,2022-11-14,2022-12-26,42.0,56.0,56.65,5608.2039,3645.33,20.0,3625.33,BEAR
SELL,REGIME_SLOT_CUT,NPBET,Tata Nifty Private Bank ETF,2022-11-28,2022-12-26,28.0,222.82,220.86,1472.6806,-2886.45,20.0,-2906.45,BEAR
BUY,NEW BUY (rank=1),PSUBANK,Kotak Nifty PSU Bank ETF,2023-01-02,,,432.66,,764.423,,20.0,,PARTIAL
BUY,NEW BUY (rank=2),PSUBNKBEES,NipponINETFNifty PSU Bank BeES,2023-01-02,,,48.24,,6856.0376,,20.0,,PARTIAL
BUY,NEW BUY (rank=6),ICICIB22,Bharat 22 ETF,2023-01-02,,,57.68,,5733.9677,,20.0,,PARTIAL
SELL,REGIME_SLOT_CUT,PSUBANK,Kotak Nifty PSU Bank ETF,2023-01-02,2023-01-09,7.0,432.66,430.69,764.423,-1505.91,20.0,-1525.91,BEAR
SELL,REGIME_SLOT_CUT,PSUBNKBEES,NipponINETFNifty PSU Bank BeES,2023-01-02,2023-01-09,7.0,48.24,47.89,6856.0376,-2399.61,20.0,-2419.61,BEAR
SELL,REGIME_SLOT_CUT,ICICIB22,Bharat 22 ETF,2023-01-02,2023-01-09,7.0,57.68,57.83,5733.9677,860.1,20.0,840.1,BEAR
BUY,NEW BUY (rank=1),PSUBNKBEES,NipponINETFNifty PSU Bank BeES,2023-01-16,,,48.19,,6852.6432,,20.0,,PARTIAL
BUY,NEW BUY (rank=1),PSUBANK,Kotak Nifty PSU Bank ETF,2023-01-16,,,431.27,,765.7126,,20.0,,PARTIAL
BUY,NEW BUY (rank=3),GOLDBEES,Nippon India ETF Gold BeES,2023-01-16,,,48.7,,6780.8804,,20.0,,PARTIAL
SELL,REGIME_SLOT_CUT,PSUBNKBEES,NipponINETFNifty PSU Bank BeES,2023-01-16,2023-01-30,14.0,48.19,42.59,6852.6432,-38374.8,20.0,-38394.8,BEAR
SELL,REGIME_SLOT_CUT,PSUBANK,Kotak Nifty PSU Bank ETF,2023-01-16,2023-01-30,14.0,431.27,380.0,765.7126,-39258.09,20.0,-39278.09,BEAR
SELL,REGIME_SLOT_CUT,GOLDBEES,Nippon India ETF Gold BeES,2023-01-16,2023-01-30,14.0,48.7,48.77,6780.8804,474.66,20.0,454.66,BEAR
BUY,NEW BUY (rank=1),GOLDBEES,Nippon India ETF Gold BeES,2023-04-17,,,51.7,,6106.4238,,20.0,,PARTIAL
BUY,NEW BUY (rank=2),CPSEETF,CPSE ETF,2023-04-17,,,41.28,,7647.8224,,20.0,,PARTIAL
BUY,NEW BUY (rank=3),SILVERBEES,Nippon India Silver ETF,2023-04-17,,,74.62,,4230.7975,,20.0,,PARTIAL
SELL,REGIME_SLOT_CUT,GOLDBEES,Nippon India ETF Gold BeES,2023-04-17,2023-04-24,7.0,51.7,51.26,6106.4238,-2686.83,20.0,-2706.83,BEAR
SELL,REGIME_SLOT_CUT,CPSEETF,CPSE ETF,2023-04-17,2023-04-24,7.0,41.28,41.07,7647.8224,-1606.04,20.0,-1626.04,BEAR
SELL,REGIME_SLOT_CUT,SILVERBEES,Nippon India Silver ETF,2023-04-17,2023-04-24,7.0,74.62,73.67,4230.7975,-4019.26,20.0,-4039.26,BEAR
BUY,NEW BUY (rank=1),FMCGIETF,ICICI Pru Nifty FMCG ETF,2023-05-02,,,49.118,,6395.544,,20.0,,PARTIAL
BUY,NEW BUY (rank=3),GOLDBEES,Nippon India ETF Gold BeES,2023-05-02,,,51.31,,6122.3218,,20.0,,PARTIAL
BUY,NEW BUY (rank=3),SILVERBEES,Nippon India Silver ETF,2023-05-02,,,72.99,,4303.827,,20.0,,PARTIAL
BUY,NEW BUY (rank=1),ICICIB22,Bharat 22 ETF,2023-05-15,,,63.06,,5023.3118,,20.0,,BULL
BUY,NEW BUY (rank=1),CPSEETF,CPSE ETF,2023-05-15,,,42.63,,7430.6836,,20.0,,BULL
SELL,Rank 25 | TSL 6.7%,SILVERBEES,Nippon India Silver ETF,2023-05-02,2023-05-29,27.0,72.99,70.2,4303.827,-12007.68,20.0,-12027.68,BULL
BUY,NEW BUY (rank=6),MIDSELIETF,ICICI Pru BSE MC Sel ETF,2023-05-29,,,10.516,,30043.0777,,20.0,,BULL
SELL,Rank 24,GOLDBEES,Nippon India ETF Gold BeES,2023-05-02,2023-06-05,34.0,51.31,50.72,6122.3218,-3612.17,20.0,-3632.17,BULL
SELL,Rank 24,CPSEETF,CPSE ETF,2023-05-15,2023-06-05,21.0,42.63,41.96,7430.6836,-4978.56,20.0,-4998.56,BULL
BUY,NEW BUY (rank=2),CONSUMBEES,Nippon ETF Nifty IN Consumpt,2023-06-05,,,88.31,,3580.605,,20.0,,BULL
BUY,NEW BUY (rank=5),JUNIORBEES,NipponETFNifty Next 50 Jr BeES,2023-06-05,,,449.08,,704.1134,,20.0,,BULL
SELL,Rank 29,JUNIORBEES,NipponETFNifty Next 50 Jr BeES,2023-06-05,2023-07-24,49.0,449.08,467.7,704.1134,13110.59,20.0,13090.59,BULL
BUY,NEW BUY (rank=3),AUTOBEES,Nippon India Nifty Auto ETF,2023-07-24,,,158.1136,,2107.0305,,20.0,,BULL
SELL,Rank 32,FMCGIETF,ICICI Pru Nifty FMCG ETF,2023-05-02,2023-08-07,97.0,49.118,53.625,6395.544,28824.72,20.0,28804.72,BULL
BUY,NEW BUY (rank=4),PHARMABEES,Nippon India Nifty Pharma ETF,2023-08-07,,,15.73,,21091.7194,,20.0,,BULL
SELL,Rank 32,CONSUMBEES,Nippon ETF Nifty IN Consumpt,2023-06-05,2023-08-14,70.0,88.31,90.17,3580.605,6659.93,20.0,6639.93,BULL
BUY,NEW BUY (rank=3),ALPHA,Kotak Nifty Alpha 50 ETF,2023-08-14,,,32.34,,10208.0101,,20.0,,BULL
SELL,TSL 5.7%,MIDSELIETF,ICICI Pru BSE MC Sel ETF,2023-05-29,2023-10-23,147.0,10.516,11.811,30043.0777,38905.79,20.0,38885.79,BULL
BUY,NEW BUY (rank=1),CPSEETF,CPSE ETF,2023-10-23,,,52.58,,6504.8069,,20.0,,BULL
SELL,REGIME_SLOT_CUT,ICICIB22,Bharat 22 ETF,2023-05-15,2023-10-30,168.0,63.06,73.82,5023.3118,54050.83,20.0,54030.83,BEAR
SELL,REGIME_SLOT_CUT,AUTOBEES,Nippon India Nifty Auto ETF,2023-07-24,2023-10-30,98.0,158.1136,162.7298,2107.0305,9726.47,20.0,9706.47,BEAR
SELL,REGIME_SLOT_CUT,PHARMABEES,Nippon India Nifty Pharma ETF,2023-08-07,2023-10-30,84.0,15.73,15.02,21091.7194,-14975.12,20.0,-14995.12,BEAR
SELL,REGIME_SLOT_CUT,ALPHA,Kotak Nifty Alpha 50 ETF,2023-08-14,2023-10-30,77.0,32.34,34.01,10208.0101,17047.38,20.0,17027.38,BEAR
SELL,REGIME_SLOT_CUT,CPSEETF,CPSE ETF,2023-10-23,2023-10-30,7.0,52.58,53.04,6504.8069,2992.21,20.0,2972.21,BEAR
BUY,NEW BUY (rank=1),CPSEETF,CPSE ETF,2023-11-06,,,54.35,,6279.8831,,20.0,,PARTIAL
BUY,NEW BUY (rank=2),MIDCAPIETF,ICICI Pru Nifty Midcap 150 ETF,2023-11-06,,,15.291,,22321.0809,,20.0,,PARTIAL
BUY,NEW BUY (rank=6),ICICIB22,Bharat 22 ETF,2023-11-06,,,75.64,,4512.3169,,20.0,,PARTIAL
BUY,NEW BUY (rank=5),ALPHA,Kotak Nifty Alpha 50 ETF,2023-11-13,,,36.52,,9521.2209,,20.0,,BULL
BUY,NEW BUY (rank=9),MOVALUE,Motilal Osw BSE EnhVal ETF,2023-11-13,,,66.99,,5190.5506,,20.0,,BULL
SELL,TSL 5.3%,CPSEETF,CPSE ETF,2023-11-06,2024-02-12,98.0,54.35,74.99,6279.8831,129616.79,20.0,129596.79,BULL
BUY,NEW BUY (rank=1),CPSEETF,CPSE ETF,2024-02-12,,,74.99,,5801.0413,,20.0,,BULL
SELL,Rank 22,MIDCAPIETF,ICICI Pru Nifty Midcap 150 ETF,2023-11-06,2024-02-19,105.0,15.291,18.621,22321.0809,74329.2,20.0,74309.2,BULL
BUY,NEW BUY (rank=4),SETFNN50,SBI Nifty Next 50 ETF,2024-02-19,,,617.98,,741.1214,,20.0,,BULL
SELL,Rank 22 | TSL 6.8%,ICICIB22,Bharat 22 ETF,2023-11-06,2024-03-18,133.0,75.64,97.22,4512.3169,97375.8,20.0,97355.8,BULL
SELL,Rank 29 | TSL 5.6%,ALPHA,Kotak Nifty Alpha 50 ETF,2023-11-13,2024-03-18,126.0,36.52,42.96,9521.2209,61316.66,20.0,61296.66,BULL
SELL,Rank 22 | TSL 7.1%,MOVALUE,Motilal Osw BSE EnhVal ETF,2023-11-13,2024-03-18,126.0,66.99,88.46,5190.5506,111441.12,20.0,111421.12,BULL
SELL,TSL 8.5%,CPSEETF,CPSE ETF,2024-02-12,2024-03-18,35.0,74.99,76.54,5801.0413,8991.61,20.0,8971.61,BULL
BUY,NEW BUY (rank=1),HEALTHY,BSL Nifty Healthcare ETF,2024-03-18,,,12.01,,36436.34,,20.0,,BULL
BUY,NEW BUY (rank=1),ALPL30IETF,ICICI Nifty Alp Lw- Vol 30 ETF,2024-03-18,,,26.287,,16647.0287,,20.0,,BULL
BUY,NEW BUY (rank=3),PHARMABEES,Nippon India Nifty Pharma ETF,2024-03-18,,,19.15,,22851.1981,,20.0,,BULL
BUY,NEW BUY (rank=6),LOWVOLIETF,ICICI Nifty 100 LowVol 30 ETF,2024-03-18,,,19.5,,22441.0484,,20.0,,BULL
SELL,Rank 24,LOWVOLIETF,ICICI Nifty 100 LowVol 30 ETF,2024-03-18,2024-04-08,21.0,19.5,19.75,22441.0484,5610.26,20.0,5590.26,BULL
BUY,NEW BUY (rank=1),AUTOBEES,Nippon India Nifty Auto ETF,2024-04-08,,,223.963,,2023.2205,,20.0,,BULL
SELL,Rank 22,PHARMABEES,Nippon India Nifty Pharma ETF,2024-03-18,2024-05-06,49.0,19.15,19.5,22851.1981,7997.92,20.0,7977.92,BULL
BUY,NEW BUY (rank=5),MOMENTUM,Aditya BSL Nifty200 Mmt 30 ETF,2024-05-06,,,33.0,,13877.3445,,20.0,,BULL
SELL,Rank 21,HEALTHY,BSL Nifty Healthcare ETF,2024-03-18,2024-05-13,56.0,12.01,12.16,36436.34,5465.45,20.0,5445.45,BULL
BUY,NEW BUY (rank=4),CONSUMBEES,Nippon ETF Nifty IN Consumpt,2024-05-13,,,114.04,,3982.0497,,20.0,,BULL
SELL,Rank 39,MOMENTUM,Aditya BSL Nifty200 Mmt 30 ETF,2024-05-06,2024-07-22,77.0,33.0,35.64,13877.3445,36636.19,20.0,36616.19,BULL
BUY,NEW BUY (rank=1),NIFTYQLITY,Aditya BSL Nifty 200 Ql 30 ETF,2024-07-22,,,22.14,,22789.4818,,20.0,,BULL
SELL,TSL 6.3%,AUTOBEES,Nippon India Nifty Auto ETF,2024-04-08,2024-08-05,119.0,223.963,252.0744,2023.2205,56875.56,20.0,56855.56,BULL
BUY,NEW BUY (rank=4),HEALTHY,BSL Nifty Healthcare ETF,2024-08-05,,,14.02,,35881.6882,,20.0,,BULL
SELL,Rank 30,SETFNN50,SBI Nifty Next 50 ETF,2024-02-19,2024-08-19,182.0,617.98,775.75,741.1214,116926.72,20.0,116906.72,BULL
BUY,NEW BUY (rank=3),PHARMABEES,Nippon India Nifty Pharma ETF,2024-08-19,,,22.73,,22636.9291,,20.0,,BULL
SELL,Rank 22,ALPL30IETF,ICICI Nifty Alp Lw- Vol 30 ETF,2024-03-18,2024-09-16,182.0,26.287,31.37,16647.0287,84616.85,20.0,84596.85,BULL
BUY,NEW BUY (rank=5),TNIDETF,Tata Nifty India Digital ETF,2024-09-16,,,100.16,,5395.1669,,20.0,,BULL
SELL,TSL 5.7%,CONSUMBEES,Nippon ETF Nifty IN Consumpt,2024-05-13,2024-10-07,147.0,114.04,135.3,3982.0497,84658.38,20.0,84638.38,PARTIAL
SELL,REGIME_SLOT_CUT,TNIDETF,Tata Nifty India Digital ETF,2024-09-16,2024-10-07,21.0,100.16,95.99,5395.1669,-22497.85,20.0,-22517.85,PARTIAL
BUY,NEW BUY (rank=4),CONSUMBEES,Nippon ETF Nifty IN Consumpt,2024-10-14,,,137.4,,3888.7617,,20.0,,BULL
BUY,NEW BUY (rank=6),MAHKTECH,Mirae Asset Hang Seng TECH ETF,2024-10-14,,,19.79,,26999.2856,,20.0,,BULL
SELL,TSL 5.1%,NIFTYQLITY,Aditya BSL Nifty 200 Ql 30 ETF,2024-07-22,2024-10-21,91.0,22.14,22.73,22789.4818,13445.79,20.0,13425.79,PARTIAL
SELL,REGIME_SLOT_CUT,MAHKTECH,Mirae Asset Hang Seng TECH ETF,2024-10-14,2024-10-21,7.0,19.79,18.5,26999.2856,-34829.08,20.0,-34849.08,PARTIAL
SELL,REGIME_SLOT_CUT,HEALTHY,BSL Nifty Healthcare ETF,2024-08-05,2024-10-28,84.0,14.02,14.77,35881.6882,26911.27,20.0,26891.27,BEAR
SELL,REGIME_SLOT_CUT,PHARMABEES,Nippon India Nifty Pharma ETF,2024-08-19,2024-10-28,70.0,22.73,23.33,22636.9291,13582.16,20.0,13562.16,BEAR
SELL,REGIME_SLOT_CUT,CONSUMBEES,Nippon ETF Nifty IN Consumpt,2024-10-14,2024-10-28,14.0,137.4,128.01,3888.7617,-36515.47,20.0,-36535.47,BEAR
BUY,NEW BUY (rank=1),MAHKTECH,Mirae Asset Hang Seng TECH ETF,2024-12-09,,,19.05,,26793.2133,,20.0,,BULL
BUY,NEW BUY (rank=2),TNIDETF,Tata Nifty India Digital ETF,2024-12-09,,,101.77,,5015.3357,,20.0,,BULL
BUY,NEW BUY (rank=5),ITBEES,Nippon India ETF Nifty IT,2024-12-09,,,48.09,,10613.6559,,20.0,,BULL
BUY,NEW BUY (rank=5),NIF100BEES,Nippon India ETF Nifty 100,2024-12-09,,,265.5,,1922.4509,,20.0,,BULL
BUY,NEW BUY (rank=8),MIDCAP,Kotak Nifty Midcap 50 ETF,2024-12-09,,,159.55,,3199.0643,,20.0,,BULL
SELL,REGIME_SLOT_CUT,MAHKTECH,Mirae Asset Hang Seng TECH ETF,2024-12-09,2024-12-23,14.0,19.05,18.51,26793.2133,-14468.34,20.0,-14488.34,BEAR
SELL,REGIME_SLOT_CUT,TNIDETF,Tata Nifty India Digital ETF,2024-12-09,2024-12-23,14.0,101.77,99.48,5015.3357,-11485.12,20.0,-11505.12,BEAR
SELL,REGIME_SLOT_CUT,ITBEES,Nippon India ETF Nifty IT,2024-12-09,2024-12-23,14.0,48.09,47.01,10613.6559,-11462.75,20.0,-11482.75,BEAR
SELL,REGIME_SLOT_CUT,NIF100BEES,Nippon India ETF Nifty 100,2024-12-09,2024-12-23,14.0,265.5,265.5,1922.4509,0.0,20.0,-20.0,BEAR
SELL,REGIME_SLOT_CUT,MIDCAP,Kotak Nifty Midcap 50 ETF,2024-12-09,2024-12-23,14.0,159.55,159.55,3199.0643,0.0,20.0,-20.0,BEAR
BUY,NEW BUY (rank=1),GOLDBEES,Nippon India ETF Gold BeES,2025-04-21,,,81.07,,6230.0358,,20.0,,PARTIAL
BUY,NEW BUY (rank=2),NIF100BEES,Nippon India ETF Nifty 100,2025-04-21,,,265.5,,1902.3315,,20.0,,PARTIAL
BUY,NEW BUY (rank=3),MAHKTECH,Mirae Asset Hang Seng TECH ETF,2025-04-21,,,21.21,,23812.7772,,20.0,,PARTIAL
SELL,Rank 111,NIF100BEES,Nippon India ETF Nifty 100,2025-04-21,2025-05-19,28.0,265.5,265.5,1902.3315,0.0,20.0,-20.0,BULL
BUY,NEW BUY (rank=3),BFSI,Mirae Asset Nifty Fin Serv ETF,2025-05-19,,,27.16,,18780.5643,,20.0,,BULL
BUY,NEW BUY (rank=4),MOHEALTH,Motilal Oswal BSE HC ETF,2025-05-19,,,43.14,,11823.8323,,20.0,,BULL
BUY,NEW BUY (rank=8),SBIETFPB,SBI Nifty Private Bank ETF,2025-05-19,,,279.66,,1823.9295,,20.0,,BULL
SELL,Rank 21,SBIETFPB,SBI Nifty Private Bank ETF,2025-05-19,2025-06-16,28.0,279.66,281.0,1823.9295,2444.07,20.0,2424.07,BULL
BUY,NEW BUY (rank=8),HNGSNGBEES,Nippon India ETF HangSeng BeES,2025-06-16,,,385.75,,1338.4723,,20.0,,BULL
SELL,TSL 5.5%,MAHKTECH,Mirae Asset Hang Seng TECH ETF,2025-04-21,2025-06-23,63.0,21.21,21.77,23812.7772,13335.16,20.0,13315.16,BULL
BUY,NEW BUY (rank=2),MAHKTECH,Mirae Asset Hang Seng TECH ETF,2025-06-23,,,21.77,,23400.5316,,20.0,,BULL
SELL,REGIME_SLOT_CUT,HNGSNGBEES,Nippon India ETF HangSeng BeES,2025-06-16,2025-07-28,42.0,385.75,441.0,1338.4723,73950.6,20.0,73930.6,PARTIAL
SELL,REGIME_SLOT_CUT,MAHKTECH,Mirae Asset Hang Seng TECH ETF,2025-06-23,2025-07-28,35.0,21.77,23.78,23400.5316,47035.07,20.0,47015.07,PARTIAL
SELL,REGIME_SLOT_CUT,GOLDBEES,Nippon India ETF Gold BeES,2025-04-21,2025-08-04,105.0,81.07,83.23,6230.0358,13456.88,20.0,13436.88,BEAR
SELL,REGIME_SLOT_CUT,BFSI,Mirae Asset Nifty Fin Serv ETF,2025-05-19,2025-08-04,77.0,27.16,27.26,18780.5643,1878.06,20.0,1858.06,BEAR
SELL,REGIME_SLOT_CUT,MOHEALTH,Motilal Oswal BSE HC ETF,2025-05-19,2025-08-04,77.0,43.14,45.08,11823.8323,22938.23,20.0,22918.23,BEAR
BUY,NEW BUY (rank=1),GOLDBEES,Nippon India ETF Gold BeES,2025-08-18,,,82.75,,6532.2697,,20.0,,PARTIAL
BUY,NEW BUY (rank=2),MAHKTECH,Mirae Asset Hang Seng TECH ETF,2025-08-18,,,25.16,,21484.3131,,20.0,,PARTIAL
BUY,NEW BUY (rank=3),HNGSNGBEES,Nippon India ETF HangSeng BeES,2025-08-18,,,458.06,,1180.0754,,20.0,,PARTIAL
BUY,NEW BUY (rank=4),SILVERBEES,Nippon India Silver ETF,2025-08-25,,,112.05,,4826.8461,,20.0,,BULL
BUY,NEW BUY (rank=5),BFSI,Mirae Asset Nifty Fin Serv ETF,2025-08-25,,,27.21,,19876.814,,20.0,,BULL
SELL,REGIME_SLOT_CUT,GOLDBEES,Nippon India ETF Gold BeES,2025-08-18,2025-09-01,14.0,82.75,86.61,6532.2697,25214.56,20.0,25194.56,BEAR
SELL,REGIME_SLOT_CUT,MAHKTECH,Mirae Asset Hang Seng TECH ETF,2025-08-18,2025-09-01,14.0,25.16,25.52,21484.3131,7734.35,20.0,7714.35,BEAR
SELL,REGIME_SLOT_CUT,HNGSNGBEES,Nippon India ETF HangSeng BeES,2025-08-18,2025-09-01,14.0,458.06,477.73,1180.0754,23212.08,20.0,23192.08,BEAR
SELL,REGIME_SLOT_CUT,SILVERBEES,Nippon India Silver ETF,2025-08-25,2025-09-01,7.0,112.05,118.59,4826.8461,31567.57,20.0,31547.57,BEAR
SELL,REGIME_SLOT_CUT,BFSI,Mirae Asset Nifty Fin Serv ETF,2025-08-25,2025-09-01,7.0,27.21,26.62,19876.814,-11727.32,20.0,-11747.32,BEAR
BUY,NEW BUY (rank=1),GOLDBEES,Nippon India ETF Gold BeES,2025-09-08,,,89.98,,6178.2293,,20.0,,PARTIAL
BUY,NEW BUY (rank=2),SILVERBEES,Nippon India Silver ETF,2025-09-08,,,120.25,,4623.011,,20.0,,PARTIAL
BUY,NEW BUY (rank=3),MAHKTECH,Mirae Asset Hang Seng TECH ETF,2025-09-08,,,25.35,,21929.6675,,20.0,,PARTIAL
BUY,NEW BUY (rank=4),HNGSNGBEES,Nippon India ETF HangSeng BeES,2025-09-15,,,518.64,,1092.1923,,20.0,,BULL
BUY,NEW BUY (rank=5),BANKIETF,ICICI Pru Nifty Bank ETF,2025-09-15,,,56.18,,10082.8517,,20.0,,BULL
SELL,REGIME_SLOT_CUT,GOLDBEES,Nippon India ETF Gold BeES,2025-09-08,2025-09-29,21.0,89.98,95.9,6178.2293,36575.12,20.0,36555.12,BEAR
SELL,REGIME_SLOT_CUT,SILVERBEES,Nippon India Silver ETF,2025-09-08,2025-09-29,21.0,120.25,139.06,4623.011,86958.84,20.0,86938.84,BEAR
SELL,REGIME_SLOT_CUT,MAHKTECH,Mirae Asset Hang Seng TECH ETF,2025-09-08,2025-09-29,21.0,25.35,29.23,21929.6675,85087.11,20.0,85067.11,BEAR
SELL,REGIME_SLOT_CUT,HNGSNGBEES,Nippon India ETF HangSeng BeES,2025-09-15,2025-09-29,14.0,518.64,528.93,1092.1923,11238.66,20.0,11218.66,BEAR
SELL,REGIME_SLOT_CUT,BANKIETF,ICICI Pru Nifty Bank ETF,2025-09-15,2025-09-29,14.0,56.18,55.71,10082.8517,-4738.94,20.0,-4758.94,BEAR
BUY,NEW BUY (rank=1),GOLDBEES,Nippon India ETF Gold BeES,2025-10-06,,,99.22,,6038.008,,20.0,,BULL
BUY,NEW BUY (rank=2),SILVERBEES,Nippon India Silver ETF,2025-10-06,,,143.67,,4169.9113,,20.0,,BULL
BUY,NEW BUY (rank=3),MAHKTECH,Mirae Asset Hang Seng TECH ETF,2025-10-06,,,34.13,,17553.2129,,20.0,,BULL
BUY,NEW BUY (rank=4),HNGSNGBEES,Nippon India ETF HangSeng BeES,2025-10-06,,,563.54,,1063.0854,,20.0,,BULL
BUY,NEW BUY (rank=5),BANKIETF,ICICI Pru Nifty Bank ETF,2025-10-06,,,57.5,,10418.9766,,20.0,,BULL
SELL,TSL 13.0%,MAHKTECH,Mirae Asset Hang Seng TECH ETF,2025-10-06,2025-10-13,7.0,34.13,29.68,17553.2129,-78111.8,20.0,-78131.8,BULL
SELL,TSL 6.1%,HNGSNGBEES,Nippon India ETF HangSeng BeES,2025-10-06,2025-10-13,7.0,563.54,529.37,1063.0854,-36325.63,20.0,-36345.63,BULL
BUY,NEW BUY (rank=4),MODEFENCE,Motilal Oswal Nft INR Dfnc ETF,2025-10-13,,,87.96,,6803.3027,,20.0,,BULL
BUY,NEW BUY (rank=5),MAHKTECH,Mirae Asset Hang Seng TECH ETF,2025-10-13,,,29.68,,20162.3486,,20.0,,BULL
SELL,TSL 9.4%,SILVERBEES,Nippon India Silver ETF,2025-10-06,2025-10-20,14.0,143.67,148.82,4169.9113,21475.04,20.0,21455.04,BULL
SELL,TSL 8.2%,MAHKTECH,Mirae Asset Hang Seng TECH ETF,2025-10-13,2025-10-20,7.0,29.68,27.26,20162.3486,-48792.88,20.0,-48812.88,BULL
BUY,NEW BUY (rank=2),SILVERBEES,Nippon India Silver ETF,2025-10-20,,,148.82,,3921.0504,,20.0,,BULL
BUY,NEW BUY (rank=4),HNGSNGBEES,Nippon India ETF HangSeng BeES,2025-10-20,,,512.68,,1138.1968,,20.0,,BULL
SELL,TSL 6.7%,SILVERBEES,Nippon India Silver ETF,2025-10-20,2025-10-27,7.0,148.82,138.85,3921.0504,-39092.87,20.0,-39112.87,BULL
BUY,NEW BUY (rank=2),SILVERBEES,Nippon India Silver ETF,2025-10-27,,,138.85,,4106.4423,,20.0,,BULL
SELL,TSL 5.7%,HNGSNGBEES,Nippon India ETF HangSeng BeES,2025-10-20,2025-11-24,35.0,512.68,498.57,1138.1968,-16059.96,20.0,-16079.96,BULL
BUY,NEW BUY (rank=3),HNGSNGBEES,Nippon India ETF HangSeng BeES,2025-11-24,,,498.57,,1151.1797,,20.0,,BULL
SELL,Rank 30 | TSL 9.4%,MODEFENCE,Motilal Oswal Nft INR Dfnc ETF,2025-10-13,2025-12-08,56.0,87.96,82.54,6803.3027,-36873.9,20.0,-36893.9,BULL
BUY,NEW BUY (rank=5),PSUBNKIETF,ICICI Pru Nifty PSU Bank ETF,2025-12-08,,,82.51,,7252.7337,,20.0,,BULL
SELL,Rank 25 | TSL 5.4%,HNGSNGBEES,Nippon India ETF HangSeng BeES,2025-11-24,2025-12-29,35.0,498.57,494.08,1151.1797,-5168.8,20.0,-5188.8,BULL
BUY,NEW BUY (rank=8),PSUBANK,Kotak Nifty PSU Bank ETF,2025-12-29,,,825.4,,775.7039,,20.0,,BULL
SELL,REGIME_SLOT_CUT,GOLDBEES,Nippon India ETF Gold BeES,2025-10-06,2026-01-12,98.0,99.22,116.76,6038.008,105906.66,20.0,105886.66,BEAR
SELL,REGIME_SLOT_CUT,BANKIETF,ICICI Pru Nifty Bank ETF,2025-10-06,2026-01-12,98.0,57.5,60.78,10418.9766,34174.24,20.0,34154.24,BEAR
SELL,REGIME_SLOT_CUT,SILVERBEES,Nippon India Silver ETF,2025-10-27,2026-01-12,77.0,138.85,243.35,4106.4423,429123.22,20.0,429103.22,BEAR
SELL,REGIME_SLOT_CUT,PSUBNKIETF,ICICI Pru Nifty PSU Bank ETF,2025-12-08,2026-01-12,35.0,82.51,87.28,7252.7337,34595.54,20.0,34575.54,BEAR
SELL,REGIME_SLOT_CUT,PSUBANK,Kotak Nifty PSU Bank ETF,2025-12-29,2026-01-12,14.0,825.4,862.47,775.7039,28755.34,20.0,28735.34,BEAR
BUY,NEW BUY (rank=1),GOLDBEES,Nippon India ETF Gold BeES,2026-02-09,,,127.98,,5300.0752,,20.0,,PARTIAL
BUY,NEW BUY (rank=2),VAL30IETF,ICICI Nifty200 Value 30 ETF,2026-02-09,,,15.95,,42526.8727,,20.0,,PARTIAL
BUY,NEW BUY (rank=3),METALIETF,ICICI Pru Nifty Metal ETF,2026-02-09,,,12.15,,55827.4584,,20.0,,PARTIAL
SELL,REGIME_SLOT_CUT,GOLDBEES,Nippon India ETF Gold BeES,2026-02-09,2026-02-16,7.0,127.98,126.92,5300.0752,-5618.08,20.0,-5638.08,BEAR
SELL,REGIME_SLOT_CUT,VAL30IETF,ICICI Nifty200 Value 30 ETF,2026-02-09,2026-02-16,7.0,15.95,15.99,42526.8727,1701.07,20.0,1681.07,BEAR
SELL,REGIME_SLOT_CUT,METALIETF,ICICI Pru Nifty Metal ETF,2026-02-09,2026-02-16,7.0,12.15,11.98,55827.4584,-9490.67,20.0,-9510.67,BEAR
BUY,NEW BUY (rank=1),METALIETF,ICICI Pru Nifty Metal ETF,2026-04-20,,,12.91,,52451.9701,,20.0,,PARTIAL
BUY,NEW BUY (rank=3),CPSEETF,CPSE ETF,2026-04-20,,,106.93,,6332.6937,,20.0,,PARTIAL
BUY,NEW BUY (rank=4),VAL30IETF,ICICI Nifty200 Value 30 ETF,2026-04-20,,,16.07,,42137.8304,,20.0,,PARTIAL
SELL,REGIME_SLOT_CUT,METALIETF,ICICI Pru Nifty Metal ETF,2026-04-20,2026-04-27,7.0,12.91,13.04,52451.9701,6818.76,20.0,6798.76,BEAR
SELL,REGIME_SLOT_CUT,CPSEETF,CPSE ETF,2026-04-20,2026-04-27,7.0,106.93,107.44,6332.6937,3229.67,20.0,3209.67,BEAR
SELL,REGIME_SLOT_CUT,VAL30IETF,ICICI Nifty200 Value 30 ETF,2026-04-20,2026-04-27,7.0,16.07,16.01,42137.8304,-2528.27,20.0,-2548.27,BEAR
BUY,NEW BUY (rank=1),METALIETF,ICICI Pru Nifty Metal ETF,2026-05-11,,,12.98,,52317.5013,,20.0,,PARTIAL
BUY,NEW BUY (rank=3),CPSEETF,CPSE ETF,2026-05-11,,,105.51,,6436.1782,,20.0,,PARTIAL
BUY,NEW BUY (rank=4),GROWWDEFNC,Groww Nifty India Defence ETF,2026-05-11,,,92.81,,7316.8965,,20.0,,PARTIAL
SELL,REGIME_SLOT_CUT,METALIETF,ICICI Pru Nifty Metal ETF,2026-05-11,2026-05-18,7.0,12.98,13.25,52317.5013,14125.73,20.0,14105.73,BEAR
SELL,REGIME_SLOT_CUT,CPSEETF,CPSE ETF,2026-05-11,2026-05-18,7.0,105.51,104.68,6436.1782,-5342.03,20.0,-5362.03,BEAR
SELL,REGIME_SLOT_CUT,GROWWDEFNC,Groww Nifty India Defence ETF,2026-05-11,2026-05-18,7.0,92.81,89.46,7316.8965,-24511.6,20.0,-24531.6,BEAR
BUY,NEW BUY (rank=1),METAL,Mirae Asset Nifty Metal ETF,2026-06-22,,,13.21,,51242.4397,,20.0,,PARTIAL
BUY,NEW BUY (rank=3),GROWWDEFNC,Groww Nifty India Defence ETF,2026-06-22,,,97.02,,6977.0421,,20.0,,PARTIAL
BUY,NEW BUY (rank=4),MODEFENCE,Motilal Oswal Nft INR Dfnc ETF,2026-06-22,,,106.92,,6331.0197,,20.0,,PARTIAL
BUY,NEW BUY (rank=1),MOHEALTH,Motilal Oswal BSE HC ETF,2026-07-06,,,50.7,,13240.8023,,20.0,,BULL
BUY,NEW BUY (rank=2),PHARMABEES,Nippon India Nifty Pharma ETF,2026-07-06,,,26.53,,25303.7572,,20.0,,BULL
