date,equity,regime,n_holdings
2016-04-01,1000054.794520548,BEAR,0
2016-04-04,1000109.5920435354,BEAR,0
2016-04-05,1000164.3925691269,BEAR,0
2016-04-06,1000219.1960974869,BEAR,0
2016-04-07,1000274.00262878,BEAR,0
2016-04-08,1000328.8121631707,BEAR,0
2016-04-11,1000383.6247008236,BEAR,0
2016-04-12,1000438.4402419032,BEAR,0
2016-04-13,1000493.258786574,BEAR,0
2016-04-18,1000488.0803350005,PARTIAL,3
2016-04-20,1022857.0607359853,PARTIAL,3
2016-04-21,1032507.1292940527,PARTIAL,3
2016-04-22,1028322.5656124975,PARTIAL,3
2016-04-25,1022307.4450592329,BULL,5
2016-04-26,1033440.9885059112,BULL,5
2016-04-27,1012103.1237383375,BULL,5
2016-04-28,1001623.1586652527,BULL,5
2016-04-29,1009388.7488025214,BULL,5
2016-05-02,1003824.4995499037,BULL,5
2016-05-03,996850.0797570624,BULL,5
2016-05-04,987469.4119879348,BULL,5
2016-05-05,985142.1102759348,BULL,5
2016-05-06,985659.011392321,BULL,5
2016-05-09,1003579.3513832288,BULL,5
2016-05-10,1002832.9812925082,BULL,5
2016-05-11,1000662.6836547795,BULL,5
2016-05-12,1002323.3298328513,BULL,5
2016-05-13,994094.5582074495,BULL,5
2016-05-16,993946.4181286353,BULL,5
2016-05-17,1004174.2663833138,BULL,5
2016-05-18,1000651.4914010597,BULL,5
2016-05-19,992654.8420080811,BULL,5
2016-05-20,986952.9136694835,BULL,5
2016-05-23,985839.0390847124,PARTIAL,3
2016-05-24,986050.6665273607,PARTIAL,3
2016-05-25,985332.6541563959,PARTIAL,3
2016-05-26,989666.715413426,PARTIAL,3
2016-05-27,989902.154206382,PARTIAL,3
2016-05-30,996855.8260980397,BULL,5
2016-05-31,994143.6910444293,BULL,5
2016-06-01,994482.869808151,BULL,5
2016-06-02,1001467.4886212792,BULL,5
2016-06-03,999146.7783358182,BULL,5
2016-06-06,999171.2710805349,BULL,5
2016-06-07,1014021.7120644237,BULL,5
2016-06-08,1011313.9312420464,BULL,5
2016-06-09,1010681.215077859,BULL,5
2016-06-10,1006339.4654882168,BULL,5
2016-06-13,1004633.4659601985,BULL,5
2016-06-14,1004966.7055360648,BULL,5
2016-06-15,1012543.1913840771,BULL,5
2016-06-16,1011848.6059481599,BULL,5
2016-06-17,1006083.1418558093,BULL,5
2016-06-20,1009942.2136003054,BULL,5
2016-06-21,1011850.9556658563,BULL,5
2016-06-22,1012930.9843207609,BULL,5
2016-06-23,1014954.5217398196,BULL,5
2016-06-24,1009000.2226982692,BULL,5
2016-06-27,1010710.8828263404,BULL,5
2016-06-28,1013565.9329893021,BULL,5
2016-06-29,1019549.709932937,BULL,5
2016-06-30,1026705.0312376975,BULL,5
2016-07-01,1040732.743168364,BULL,5
2016-07-04,1047000.9705828095,BULL,5
2016-07-05,1047769.4346878221,BULL,5
2016-07-07,1048129.8912257821,BULL,5
2016-07-08,1041559.7378988502,BULL,5
2016-07-11,1053357.0141563984,BULL,5
2016-07-12,1058276.2204170346,BULL,5
2016-07-13,1061204.7394813467,BULL,5
2016-07-14,1065060.0087795532,BULL,5
2016-07-15,1066460.7102162282,BULL,5
2016-07-18,1059445.1870053918,BULL,5
2016-07-19,1062111.0722402094,BULL,5
2016-07-20,1069480.0574101754,BULL,5
2016-07-21,1064792.2701095014,BULL,5
2016-07-22,1076109.4158489287,BULL,5
2016-07-25,1077873.3104452756,BULL,5
2016-07-26,1076055.3693983497,BULL,5
2016-07-27,1076091.2498523556,BULL,5
2016-07-28,1080306.1040574657,BULL,5
2016-07-29,1078948.6952374524,BULL,5
2016-08-01,1078533.1908626552,BULL,5
2016-08-02,1078243.8203571592,BULL,5
2016-08-03,1069266.6543847232,BULL,5
2016-08-04,1069062.8086864843,BULL,5
2016-08-05,1084894.7247677203,BULL,5
2016-08-08,1089958.5534143425,BULL,5
2016-08-09,1088517.918597324,BULL,5
2016-08-10,1078723.5286422553,BULL,5
2016-08-11,1078290.3269839664,BULL,5
2016-08-12,1086069.4612493562,BULL,5
2016-08-16,1087818.9333200185,BULL,5
2016-08-17,1093224.5726619372,BULL,5
2016-08-18,1098927.8666851292,BULL,5
2016-08-19,1098949.7460260228,BULL,5
2016-08-22,1096582.2077068842,BULL,5
2016-08-23,1093952.8476869673,BULL,5
2016-08-24,1098860.9160246812,BULL,5
2016-08-25,1095524.1631013928,BULL,5
2016-08-26,1093512.9233797803,BULL,5
2016-08-29,1094362.3906681174,BULL,5
2016-08-30,1105991.3140961486,BULL,5
2016-08-31,1111240.2291205903,BULL,5
2016-09-01,1112716.0654218583,BULL,5
2016-09-02,1113649.9229905976,BULL,5
2016-09-06,1126585.297999039,BULL,5
2016-09-07,1128245.0048782919,BULL,5
2016-09-08,1130158.8318639544,BULL,5
2016-09-09,1128290.234091312,BULL,5
2016-09-12,1109335.5069313927,BULL,5
2016-09-14,1115126.2021558112,BULL,5
2016-09-15,1113457.4731943577,BULL,5
2016-09-16,1117139.7966344925,BULL,5
2016-09-19,1117137.736345008,BULL,5
2016-09-20,1118765.3363578075,BULL,5
2016-09-21,1117886.6900048545,BULL,5
2016-09-22,1128352.6227335518,BULL,5
2016-09-23,1127139.741048229,BULL,5
2016-09-26,1116085.2384365243,BULL,5
2016-09-27,1109068.696938204,BULL,5
2016-09-28,1119423.3716605424,BULL,5
2016-09-29,1091104.7903350284,BULL,5
2016-09-30,1101159.746749312,BULL,5
2016-10-03,1125937.8945281338,BULL,5
2016-10-04,1136402.1082524408,BULL,5
2016-10-05,1135701.3827847978,BULL,5
2016-10-06,1131266.0571575258,BULL,5
2016-10-07,1141522.435298709,BULL,5
2016-10-10,1129200.668569789,BULL,5
2016-10-13,1110092.571254048,BULL,5
2016-10-14,1115486.4716275835,BULL,5
2016-10-17,1110424.572812224,BULL,5
2016-10-18,1164680.706054509,BULL,5
2016-10-19,1121067.9638443824,BULL,5
2016-10-20,1135555.477475354,BULL,5
2016-10-21,1140647.8905468076,BULL,5
2016-10-24,1140920.5757386326,BULL,5
2016-10-25,1138475.5823984349,BULL,5
2016-10-26,1134740.800839283,BULL,5
2016-10-27,1087975.946230522,BULL,5
2016-10-28,1137179.3309054375,BULL,5
2016-11-01,1095634.6510156165,BULL,5
2016-11-02,1076618.0079891093,BULL,5
2016-11-03,1068658.6081018238,BULL,5
2016-11-04,1055524.6647277968,BULL,5
2016-11-07,1063416.289234299,BEAR,0
2016-11-08,1063474.5586200105,BEAR,0
2016-11-09,1063532.8311985652,BEAR,0
2016-11-10,1063591.1069701377,BEAR,0
2016-11-11,1063649.3859349033,BEAR,0
2016-11-15,1063707.6680930369,BEAR,0
2016-11-16,1063765.9534447133,BEAR,0
2016-11-17,1063824.2419901076,BEAR,0
2016-11-18,1063882.533729395,BEAR,0
2016-11-21,1063940.82866275,BEAR,0
2016-11-22,1063999.1267903482,BEAR,0
2016-11-23,1064057.4281123641,BEAR,0
2016-11-24,1064115.7326289732,BEAR,0
2016-11-25,1064174.0403403502,BEAR,0
2016-11-28,1064232.3512466704,BEAR,0
2016-11-29,1064290.6653481086,BEAR,0
2016-11-30,1064348.9826448401,BEAR,0
2016-12-01,1064407.30313704,BEAR,0
2016-12-02,1064465.6268248833,BEAR,0
2016-12-05,1064523.953708545,BEAR,0
2016-12-06,1064582.2837882005,BEAR,0
2016-12-07,1064640.6170640246,BEAR,0
2016-12-08,1064698.9535361924,BEAR,0
2016-12-09,1064757.2932048794,BEAR,0
2016-12-12,1064815.6360702605,BEAR,0
2016-12-13,1064873.982132511,BEAR,0
2016-12-14,1064932.331391806,BEAR,0
2016-12-15,1064990.6838483207,BEAR,0
2016-12-16,1065049.0395022302,BEAR,0
2016-12-19,1065107.3983537098,BEAR,0
2016-12-20,1065165.7604029349,BEAR,0
2016-12-21,1065224.1256500804,BEAR,0
2016-12-22,1065282.4940953215,BEAR,0
2016-12-23,1065340.8657388336,BEAR,0
2016-12-26,1065399.2405807918,BEAR,0
2016-12-27,1065457.6186213717,BEAR,0
2016-12-28,1065515.9998607482,BEAR,0
2016-12-29,1065574.384299097,BEAR,0
2016-12-30,1065632.7719365929,BEAR,0
2017-01-02,1065691.1627734115,BEAR,0
2017-01-03,1065749.5568097278,BEAR,0
2017-01-04,1065807.9540457174,BEAR,0
2017-01-05,1065866.3544815555,BEAR,0
2017-01-06,1065924.7581174176,BEAR,0
2017-01-09,1065983.1649534788,BEAR,0
2017-01-10,1066041.5749899147,BEAR,0
2017-01-11,1066099.9882269006,BEAR,0
2017-01-12,1066158.4046646117,BEAR,0
2017-01-13,1066216.8243032235,BEAR,0
2017-01-16,1066215.2471429114,PARTIAL,3
2017-01-17,1067771.9007229428,PARTIAL,3
2017-01-18,1068073.148315828,PARTIAL,3
2017-01-19,1073496.1342218718,PARTIAL,3
2017-01-20,1067055.4487271567,PARTIAL,3
2017-01-23,1073567.5526877914,PARTIAL,3
2017-01-24,1072632.1053253936,PARTIAL,3
2017-01-25,1079060.0861851685,PARTIAL,3
2017-01-27,1084314.5134841958,PARTIAL,3
2017-01-30,1087687.1962632174,BULL,5
2017-01-31,1070442.2465625298,BULL,5
2017-02-01,1075631.2887891897,BULL,5
2017-02-02,3052797.8870266294,BULL,5
2017-02-03,1075321.7240777623,BULL,5
2017-02-06,3074989.561199598,BULL,5
2017-02-07,3084753.392184767,BULL,5
2017-02-08,3084898.0477609695,BULL,5
2017-02-09,3087898.5396590712,BULL,5
2017-02-10,3084731.481311888,BULL,5
2017-02-13,3072858.8444391377,BULL,5
2017-02-14,3077627.082812923,BULL,5
2017-02-15,3046693.8863372477,BULL,5
2017-02-16,3072993.2298920862,BULL,5
2017-02-17,3078064.586339604,BULL,5
2017-02-20,3091601.9332879735,BULL,5
2017-02-21,3098482.948020245,BULL,5
2017-02-22,3102393.025078887,BULL,5
2017-02-23,3104907.354654098,BULL,5
2017-02-27,3102278.4934205823,BULL,5
2017-02-28,3102432.601997979,BULL,5
2017-03-01,3106864.9841323653,BULL,5
2017-03-02,3099031.709790229,BULL,5
2017-03-03,3088273.0329429805,BULL,5
2017-03-06,3099359.642436687,BULL,5
2017-03-07,3111035.540259106,BULL,5
2017-03-08,3097658.929674835,BULL,5
2017-03-09,3097010.0287124086,BULL,5
2017-03-10,3095222.7374916407,BULL,5
2017-03-14,3107663.1711225845,BULL,5
2017-03-15,3122000.099199793,BULL,5
2017-03-16,3132990.9550516773,BULL,5
2017-03-17,3128278.0544661907,BULL,5
2017-03-20,3133239.358717558,BULL,5
2017-03-21,3131425.4318963774,BULL,5
2017-03-22,3128435.361097885,BULL,5
2017-03-23,3126847.9962132345,BULL,5
2017-03-24,3144467.7607199186,BULL,5
2017-03-27,3131041.260961829,BULL,5
2017-03-28,3138866.9405076373,BULL,5
2017-03-29,3151601.944396331,BULL,5
2017-03-30,3163407.6492244718,BULL,5
2017-03-31,3160526.3200816098,BULL,5
2017-04-03,3169061.1069666483,BULL,5
2017-04-05,3179153.682602278,BULL,5
2017-04-06,3175378.554752337,BULL,5
2017-04-07,3166578.1776033267,BULL,5
2017-04-10,3174010.046634866,BULL,5
2017-04-11,3192341.285043044,BULL,5
2017-04-12,3200527.3077580826,BULL,5
2017-04-13,3194189.2303706054,BULL,5
2017-04-17,3186782.374386832,BULL,5
2017-04-18,3194158.8576634754,BULL,5
2017-04-19,3187889.7935164943,BULL,5
2017-04-20,3192008.9881675127,BULL,5
2017-04-21,3192150.003336763,BULL,5
2017-04-24,3220403.1699658944,BULL,5
2017-04-25,3232314.226575072,BULL,5
2017-04-26,3251563.688439967,BULL,5
2017-04-27,3248376.524275,BULL,5
2017-04-28,3257727.735389393,BULL,5
2017-05-02,3248319.4512497885,BULL,5
2017-05-03,3257220.880349967,BULL,5
2017-05-04,3269809.190591093,BULL,5
2017-05-05,3265737.538298771,BULL,5
2017-05-08,3261909.4401087235,BULL,5
2017-05-09,3269941.648466817,BULL,5
2017-05-10,3295418.3672684496,BULL,5
2017-05-11,3319846.484410986,BULL,5
2017-05-12,3277577.536453115,BULL,5
2017-05-15,3291349.2364249034,BULL,5
2017-05-16,3300425.2298242487,BULL,5
2017-05-17,3300319.4582067793,BULL,5
2017-05-18,3275821.4552166774,BULL,5
2017-05-19,3264603.7197882524,BULL,5
2017-05-22,3251478.2342563192,BULL,5
2017-05-23,3224376.120785469,BULL,5
2017-05-24,3213025.891886788,BULL,5
2017-05-25,3242466.833028307,BULL,5
2017-05-26,3265205.1021323004,BULL,5
2017-05-29,3274590.520231186,BULL,5
2017-05-30,3274322.212054268,BULL,5
2017-05-31,3275199.931240824,BULL,5
2017-06-01,3269340.6116816644,BULL,5
2017-06-02,3287602.8793696724,BULL,5
2017-06-05,3295199.982209575,BULL,5
2017-06-06,3290723.3326633996,BULL,5
2017-06-07,3310769.812298744,BULL,5
2017-06-08,3312163.546573083,BULL,5
2017-06-09,3319613.199543189,BULL,5
2017-06-12,3308165.700003873,BULL,5
2017-06-13,3298666.365167542,BULL,5
2017-06-14,3287741.807949368,BULL,5
2017-06-15,3271995.3936209464,BULL,5
2017-06-16,3286495.103393522,BULL,5
2017-06-19,3304389.683332348,BULL,5
2017-06-20,3304693.5420303904,BULL,5
2017-06-21,3305050.7908189185,BULL,5
2017-06-22,3305273.592924753,BULL,5
2017-06-23,3286053.461852948,BULL,5
2017-06-27,3260883.7327880147,BULL,5
2017-06-28,3250312.6952230004,BULL,5
2017-06-29,3260738.423924042,BULL,5
2017-06-30,3262984.5378676443,BULL,5
2017-07-03,3294350.1719264807,BULL,5
2017-07-04,3284392.391591599,BULL,5
2017-07-05,3296443.3591803545,BULL,5
2017-07-06,3305129.2786835567,BULL,5
2017-07-07,3319606.388477072,BULL,5
2017-07-10,3344926.8949034964,BULL,5
2017-07-11,3336818.013177112,BULL,5
2017-07-12,3345100.848562865,BULL,5
2017-07-13,3367816.3706309013,BULL,5
2017-07-14,3363137.5498756473,BULL,5
2017-07-17,3370089.943428934,BULL,5
2017-07-18,3355508.6579473782,BULL,5
2017-07-19,3374299.03713352,BULL,5
2017-07-20,3382158.9774980033,BULL,5
2017-07-21,3386038.0378099913,BULL,5
2017-07-24,3403935.8092301246,BULL,5
2017-07-25,3407918.487105767,BULL,5
2017-07-26,3425564.6326573812,BULL,5
2017-07-27,3433570.653011906,BULL,5
2017-07-28,3422673.7671505855,BULL,5
2017-07-31,3448249.795515083,BULL,5
2017-08-01,3448096.0874633607,BULL,5
2017-08-02,3444580.9826753433,BULL,5
2017-08-03,3420616.043551622,BULL,5
2017-08-04,3433199.3341777544,BULL,5
2017-08-07,3443212.2137571406,BULL,5
2017-08-08,3419128.76109894,BULL,5
2017-08-09,3390723.3263308196,BULL,5
2017-08-10,3358459.419341541,BULL,5
2017-08-11,3327198.73435902,BULL,5
2017-08-14,3360639.6073873886,PARTIAL,3
2017-08-16,3375544.395446932,PARTIAL,3
2017-08-17,3377622.363225581,PARTIAL,3
2017-08-18,3362890.079463746,PARTIAL,3
2017-08-21,3352125.993762832,BULL,5
2017-08-22,3352038.9055717797,BULL,5
2017-08-23,3366449.4562922493,BULL,5
2017-08-24,3378397.2913369625,BULL,5
2017-08-28,3384374.7453632266,BULL,5
2017-08-29,3361677.7529238793,BULL,5
2017-08-30,3381292.3396623936,BULL,5
2017-08-31,3385811.6033976143,BULL,5
2017-09-01,3403313.170063067,BULL,5
2017-09-04,3386646.5567122684,BULL,5
2017-09-05,3465206.846939043,BULL,5
2017-09-06,3458472.049420477,BULL,5
2017-09-07,3396411.522675105,BULL,5
2017-09-08,3390409.8831913546,BULL,5
2017-09-11,3414461.366812677,BULL,5
2017-09-12,3441062.0857852297,BULL,5
2017-09-13,3440779.671460378,BULL,5
2017-09-14,3453797.1771995975,BULL,5
2017-09-15,3443398.971607515,BULL,5
2017-09-18,3469681.7923007687,BULL,5
2017-09-19,3467840.700537734,BULL,5
2017-09-20,3460962.031330248,BULL,5
2017-09-21,3452241.6508350847,BULL,5
2017-09-22,3413676.6434449926,BULL,5
2017-09-25,3366632.196679049,BULL,5
2017-09-26,3353207.4696600228,BULL,5
2017-09-27,3329272.35281242,BULL,5
2017-09-28,3337495.601008587,BULL,5
2017-09-29,3339016.73120128,BULL,5
2017-10-03,3360396.7978280904,PARTIAL,3
2017-10-04,3371083.2455063523,PARTIAL,3
2017-10-05,3365160.444452425,PARTIAL,3
2017-10-06,3376262.4285568134,PARTIAL,3
2017-10-09,3379819.935549763,BULL,5
2017-10-10,3397223.3053776594,BULL,5
2017-10-11,3392227.793300354,BULL,5
2017-10-12,3400844.2687286097,BULL,5
2017-10-13,3422669.216214273,BULL,5
2017-10-16,3434580.909842893,BULL,5
2017-10-17,3440879.859237592,BULL,5
2017-10-18,3424999.597008162,BULL,5
2017-10-19,3423916.9724839022,BULL,5
2017-10-23,3402818.5640017944,BULL,5
2017-10-24,3406043.9511927385,BULL,5
2017-10-25,3405176.8093596394,BULL,5
2017-10-26,3426484.2888967437,BULL,5
2017-10-27,3432213.0591800255,BULL,5
2017-10-30,3458454.8154467903,BULL,5
2017-10-31,3442757.904587852,BULL,5
2017-11-01,3454529.1903161327,BULL,5
2017-11-02,3467607.3445344465,BULL,5
2017-11-03,3469366.739261985,BULL,5
2017-11-06,3481522.136928678,BULL,5
2017-11-07,3448897.9472969724,BULL,5
2017-11-08,3444941.147415622,BULL,5
2017-11-09,3443431.951920349,BULL,5
2017-11-10,3436307.4253696078,BULL,5
2017-11-13,3414510.834327336,BULL,5
2017-11-14,3399128.9204845945,BULL,5
2017-11-15,3380829.297944726,BULL,5
2017-11-16,3397105.0071104816,BULL,5
2017-11-17,3423701.4823677284,BULL,5
2017-11-20,3415710.6170369126,BULL,5
2017-11-21,3427119.80659027,BULL,5
2017-11-22,3435786.118449368,BULL,5
2017-11-23,3425585.9248905173,BULL,5
2017-11-24,3440529.822355199,BULL,5
2017-11-27,3432892.8435817603,BULL,5
2017-11-28,3435325.5917353486,BULL,5
2017-11-29,3436369.2608329067,BULL,5
2017-11-30,3409561.396140474,BULL,5
2017-12-01,3384133.684313833,BULL,5
2017-12-04,3374535.2941068225,BULL,5
2017-12-05,3371147.4441870223,BULL,5
2017-12-06,3329091.767902121,BULL,5
2017-12-07,3350032.115677812,BULL,5
2017-12-08,3387176.754689917,BULL,5
2017-12-11,3404395.7060246402,BULL,5
2017-12-12,3391339.8750063227,BULL,5
2017-12-13,3370107.232334034,BULL,5
2017-12-14,3387638.082496965,BULL,5
2017-12-15,3433261.3448461588,BULL,5
2017-12-18,3443291.460405536,BULL,5
2017-12-19,3483187.9310505097,BULL,5
2017-12-20,3473697.316794279,BULL,5
2017-12-21,3538108.27606075,BULL,5
2017-12-22,3480029.733110313,BULL,5
2017-12-26,3501190.163965207,BULL,5
2017-12-27,3533028.047490802,BULL,5
2017-12-28,3509811.16133662,BULL,5
2017-12-29,3545361.707401144,BULL,5
2018-01-01,3526441.0314533697,BULL,5
2018-01-02,3510890.224577128,BULL,5
2018-01-03,3511035.552767298,BULL,5
2018-01-04,3522386.3690003525,BULL,5
2018-01-05,3550322.3299595825,BULL,5
2018-01-08,3556870.794427327,BULL,5
2018-01-09,3561051.897513982,BULL,5
2018-01-10,3549533.2357949764,BULL,5
2018-01-11,3529674.262574015,BULL,5
2018-01-12,3547858.000460395,BULL,5
2018-01-15,3573544.092705759,BULL,5
2018-01-16,3537091.1412343592,BULL,5
2018-01-17,3543658.3991661044,BULL,5
2018-01-18,3548239.760383329,BULL,5
2018-01-19,3586570.186820459,BULL,5
2018-01-22,3609023.7767356914,BULL,5
2018-01-23,3643236.8787292917,BULL,5
2018-01-24,3626444.9424513383,BULL,5
2018-01-25,3626823.3069374114,BULL,5
2018-01-29,3669264.030113597,BULL,5
2018-01-30,3627053.3906452684,BULL,5
2018-01-31,3614393.8696545055,BULL,5
2018-02-01,3606137.7679108153,BULL,5
2018-02-02,3556050.135057644,BULL,5
2018-02-05,3496835.9553863015,PARTIAL,3
2018-02-06,3463520.754488595,PARTIAL,3
2018-02-07,3475819.502184975,PARTIAL,3
2018-02-08,3485134.4249133496,PARTIAL,3
2018-02-09,3474608.2021478126,PARTIAL,3
2018-02-12,3486567.3632569956,PARTIAL,3
2018-02-14,3446360.4787406716,PARTIAL,3
2018-02-15,3457415.9839907875,PARTIAL,3
2018-02-16,3457208.2528495356,PARTIAL,3
2018-02-19,3446279.2719101086,BEAR,0
2018-02-20,3446468.1091304873,BEAR,0
2018-02-21,3446656.9566981113,BEAR,0
2018-02-22,3446845.814613547,BEAR,0
2018-02-23,3447034.682877362,BEAR,0
2018-02-26,3447163.561490122,PARTIAL,3
2018-02-27,3456780.5661455914,PARTIAL,3
2018-02-28,3444241.869763078,PARTIAL,3
2018-03-01,3429559.849376943,PARTIAL,3
2018-03-05,3452876.725519747,BEAR,0
2018-03-06,3453065.924244433,BEAR,0
2018-03-07,3453255.133336173,BEAR,0
2018-03-08,3453444.352795534,BEAR,0
2018-03-09,3453633.5826230845,BEAR,0
2018-03-12,3453822.822819393,BEAR,0
2018-03-13,3454012.0733850272,BEAR,0
2018-03-14,3454201.3343205554,BEAR,0
2018-03-15,3454390.605626546,BEAR,0
2018-03-16,3454579.8873035666,BEAR,0
2018-03-19,3454769.179352186,BEAR,0
2018-03-20,3454958.4817729727,BEAR,0
2018-03-21,3455147.794566495,BEAR,0
2018-03-22,3455337.1177333207,BEAR,0
2018-03-23,3455526.4512740187,BEAR,0
2018-03-26,3455715.795189157,BEAR,0
2018-03-27,3455905.149479305,BEAR,0
2018-03-28,3456094.51414503,BEAR,0
2018-04-02,3456283.8891869015,BEAR,0
2018-04-03,3456473.2746054875,BEAR,0
2018-04-04,3456662.6704013566,BEAR,0
2018-04-05,3456852.0765750776,BEAR,0
2018-04-06,3457041.493127219,BEAR,0
2018-04-09,3457170.92005835,PARTIAL,3
2018-04-10,3437328.7856582208,PARTIAL,3
2018-04-11,3444870.2565322476,PARTIAL,3
2018-04-12,3452684.173916505,PARTIAL,3
2018-04-13,3465683.1337164515,PARTIAL,3
2018-04-16,3451164.990091049,BULL,5
2018-04-17,3465428.393836637,BULL,5
2018-04-18,3479943.0111521985,BULL,5
2018-04-19,3488592.91952041,BULL,5
2018-04-20,3512118.550258419,BULL,5
2018-04-23,3540511.066221182,BULL,5
2018-04-24,3474201.359451487,BULL,5
2018-04-25,3494818.6233625608,BULL,5
2018-04-26,3495944.0355990715,BULL,5
2018-04-27,3479689.92391564,BULL,5
2018-04-30,3506849.212175503,BULL,5
2018-05-02,3464449.67293681,BULL,5
2018-05-03,3445861.6827672003,BULL,5
2018-05-04,3446209.2572385785,BULL,5
2018-05-07,3430353.149638321,BULL,5
2018-05-08,3437104.946347287,BULL,5
2018-05-09,3440683.004904632,BULL,5
2018-05-10,3474615.6900061956,BULL,5
2018-05-11,3475659.151857139,BULL,5
2018-05-14,3514548.7213330776,BULL,5
2018-05-15,3512707.7297479324,BULL,5
2018-05-16,3539438.719437514,BULL,5
2018-05-17,3534754.2987916325,BULL,5
2018-05-18,3556525.832576438,BULL,5
2018-05-21,3542493.918774307,BEAR,0
2018-05-22,3542688.02803013,BEAR,0
2018-05-23,3542882.147922077,BEAR,0
2018-05-24,3543076.2784507307,BEAR,0
2018-05-25,3543270.4196166736,BEAR,0
2018-05-28,3543464.5714204884,BEAR,0
2018-05-29,3543658.733862758,BEAR,0
2018-05-30,3543852.906944066,BEAR,0
2018-05-31,3544047.0906649944,BEAR,0
2018-06-01,3544241.285026127,BEAR,0
2018-06-04,3544375.490028046,PARTIAL,3
2018-06-05,3559132.4198424984,PARTIAL,3
2018-06-06,3584135.669678781,PARTIAL,3
2018-06-07,3580343.6031841533,PARTIAL,3
2018-06-08,3597664.055882602,PARTIAL,3
2018-06-11,3610876.0279716384,BULL,5
2018-06-12,3608750.349717346,BULL,5
2018-06-13,3618637.3179267426,BULL,5
2018-06-14,3612160.842796151,BULL,5
2018-06-15,3549598.3218866163,BULL,5
2018-06-18,3532345.232272496,BULL,5
2018-06-19,3526008.5704155844,BULL,5
2018-06-20,3538858.0413384205,BULL,5
2018-06-21,3536263.1322515104,BULL,5
2018-06-22,3546006.436939198,BULL,5
2018-06-25,3543603.0633045593,BULL,5
2018-06-26,3535999.7074680687,BULL,5
2018-06-27,3524593.9142525336,BULL,5
2018-06-28,3501834.965816267,BULL,5
2018-06-29,3517630.819136488,BULL,5
2018-07-02,3498338.486522069,BEAR,0
2018-07-03,3498530.1763021527,BEAR,0
2018-07-04,3498721.8765857858,BEAR,0
2018-07-05,3498913.587373544,BEAR,0
2018-07-06,3499105.308666003,BEAR,0
2018-07-09,3499297.040463738,BEAR,0
2018-07-10,3499488.7827673256,BEAR,0
2018-07-11,3499680.5355773405,BEAR,0
2018-07-12,3499872.298894359,BEAR,0
2018-07-13,3500064.072718956,BEAR,0
2018-07-16,3500155.857051708,BULL,5
2018-07-17,3540807.5256206505,BULL,5
2018-07-18,3519325.831435709,BULL,5
2018-07-19,3526290.543343117,BULL,5
2018-07-20,3540508.007461719,BULL,5
2018-07-23,3554269.337208848,BULL,5
2018-07-24,3557923.7169395075,BULL,5
2018-07-25,3558049.602990886,BULL,5
2018-07-26,3568737.754952629,BULL,5
2018-07-27,3612049.3560269885,BULL,5
2018-07-30,3631703.0620638793,BULL,5
2018-07-31,3626574.6986544267,BULL,5
2018-08-01,3610370.452534972,BULL,5
2018-08-02,3591494.3182774098,BULL,5
2018-08-03,3609894.5811983705,BULL,5
2018-08-06,3613844.152074577,BULL,5
2018-08-07,3625070.742471853,BULL,5
2018-08-08,3648450.218300606,BULL,5
2018-08-09,3668299.6159959394,BULL,5
2018-08-10,3647481.9264154034,BULL,5
2018-08-13,3638612.8017343064,BULL,5
2018-08-14,3642633.62766452,BULL,5
2018-08-16,3642608.7815516815,BULL,5
2018-08-17,3669513.774817079,BULL,5
2018-08-20,3687491.495014577,BULL,5
2018-08-21,3692723.9782170025,BULL,5
2018-08-23,3691848.292961967,BULL,5
2018-08-24,3678457.060004793,BULL,5
2018-08-27,3704647.336603628,BULL,5
2018-08-28,3767145.434110171,BULL,5
2018-08-29,3715331.3289225637,BULL,5
2018-08-30,3731161.049084046,BULL,5
2018-08-31,3721513.8128735903,BULL,5
2018-09-03,3722944.024371181,BULL,5
2018-09-04,3708244.5130844614,BULL,5
2018-09-05,3690275.8637223956,BULL,5
2018-09-06,3688501.9556226227,BULL,5
2018-09-07,3707688.201310866,BULL,5
2018-09-10,3675420.156696525,BULL,5
2018-09-11,3646613.220918823,BULL,5
2018-09-12,3650639.619413726,BULL,5
2018-09-14,3675332.1055034106,BULL,5
2018-09-17,3658092.3956255843,BULL,5
2018-09-18,3634328.997372087,BULL,5
2018-09-19,3622142.9409051677,BULL,5
2018-09-21,3588204.4610971636,BULL,5
2018-09-24,3527109.815536299,BEAR,0
2018-09-25,3527303.0818275614,BEAR,0
2018-09-26,3527496.3587087574,BEAR,0
2018-09-27,3527689.6461804677,BEAR,0
2018-09-28,3527882.9442432723,BEAR,0
2018-10-01,3528076.2528977515,BEAR,0
2018-10-03,3528269.572144486,BEAR,0
2018-10-04,3528462.901984056,BEAR,0
2018-10-05,3528656.2424170417,BEAR,0
2018-10-08,3528849.5934440237,BEAR,0
2018-10-09,3529042.9550655824,BEAR,0
2018-10-10,3529236.327282299,BEAR,0
2018-10-11,3529429.7100947527,BEAR,0
2018-10-12,3529623.1035035253,BEAR,0
2018-10-15,3529816.507509197,BEAR,0
2018-10-16,3530009.9221123485,BEAR,0
2018-10-17,3530203.3473135605,BEAR,0
2018-10-19,3530396.7831134135,BEAR,0
2018-10-22,3530590.2295124885,BEAR,0
2018-10-23,3530783.686511366,BEAR,0
2018-10-24,3530977.1541106272,BEAR,0
2018-10-25,3531170.632310853,BEAR,0
2018-10-26,3531364.1211126237,BEAR,0
2018-10-29,3531557.6205165205,BEAR,0
2018-10-30,3531751.1305231242,BEAR,0
2018-10-31,3531944.651133016,BEAR,0
2018-11-01,3532138.182346777,BEAR,0
2018-11-02,3532331.724164988,BEAR,0
2018-11-05,3532525.27658823,BEAR,0
2018-11-06,3532718.8396170842,BEAR,0
2018-11-07,3532912.413252132,BEAR,0
2018-11-09,3533105.9974939544,BEAR,0
2018-11-12,3533299.5923431325,BEAR,0
2018-11-13,3533493.1978002475,BEAR,0
2018-11-14,3533686.8138658805,BEAR,0
2018-11-15,3533880.440540613,BEAR,0
2018-11-16,3534074.0778250266,BEAR,0
2018-11-19,3534267.725719702,BEAR,0
2018-11-20,3534461.384225221,BEAR,0
2018-11-21,3534655.053342165,BEAR,0
2018-11-22,3534848.7330711153,BEAR,0
2018-11-26,3535042.4234126536,BEAR,0
2018-11-27,3535236.1243673614,BEAR,0
2018-11-28,3535429.8359358204,BEAR,0
2018-11-29,3535623.5581186116,BEAR,0
2018-11-30,3535817.290916317,BEAR,0
2018-12-03,3536011.034329518,BEAR,0
2018-12-04,3536204.788358797,BEAR,0
2018-12-05,3536398.5530047347,BEAR,0
2018-12-06,3536592.3282679133,BEAR,0
2018-12-07,3536786.1141489143,BEAR,0
2018-12-10,3536979.91064832,BEAR,0
2018-12-11,3537173.717766712,BEAR,0
2018-12-12,3537367.535504672,BEAR,0
2018-12-13,3537561.3638627823,BEAR,0
2018-12-14,3537755.202841624,BEAR,0
2018-12-17,3537949.05244178,BEAR,0
2018-12-18,3538142.912663832,BEAR,0
2018-12-19,3538336.783508362,BEAR,0
2018-12-20,3538530.6649759514,BEAR,0
2018-12-21,3538724.5570671833,BEAR,0
2018-12-24,3538918.4597826395,BEAR,0
2018-12-26,3539112.3731229017,BEAR,0
2018-12-27,3539306.2970885523,BEAR,0
2018-12-28,3539500.231680174,BEAR,0
2018-12-31,3539634.176898349,PARTIAL,3
2019-01-01,3558259.3843719917,PARTIAL,3
2019-01-02,3548728.485002583,PARTIAL,3
2019-01-03,3533245.509697101,PARTIAL,3
2019-01-04,3545283.2870290857,PARTIAL,3
2019-01-07,3546218.6839658036,BEAR,0
2019-01-08,3546412.99731835,BEAR,0
2019-01-09,3546607.321318203,BEAR,0
2019-01-10,3546801.6559659466,BEAR,0
2019-01-11,3546996.001262164,BEAR,0
2019-01-14,3547190.357207439,BEAR,0
2019-01-15,3547384.7238023547,BEAR,0
2019-01-16,3547579.101047495,BEAR,0
2019-01-17,3547773.488943443,BEAR,0
2019-01-18,3547967.887490783,BEAR,0
2019-01-21,3548102.296690097,PARTIAL,3
2019-01-22,3532839.3327776906,PARTIAL,3
2019-01-23,3516908.359963964,PARTIAL,3
2019-01-24,3519638.77042881,PARTIAL,3
2019-01-25,3505126.618483291,PARTIAL,3
2019-01-28,3479359.9284250895,BEAR,0
2019-01-29,3479550.5782841817,BEAR,0
2019-01-30,3479741.2385898414,BEAR,0
2019-01-31,3479931.909342641,BEAR,0
2019-02-01,3480122.590543153,BEAR,0
2019-02-04,3480313.2821919504,BEAR,0
2019-02-05,3480503.984289605,BEAR,0
2019-02-06,3480694.69683669,BEAR,0
2019-02-07,3480885.419833777,BEAR,0
2019-02-08,3481076.1532814396,BEAR,0
2019-02-11,3481266.89718025,BEAR,0
2019-02-12,3481457.6515307804,BEAR,0
2019-02-14,3481648.416333604,BEAR,0
2019-02-15,3481839.191589294,BEAR,0
2019-02-18,3482029.9772984223,BEAR,0
2019-02-19,3482220.773461562,BEAR,0
2019-02-20,3482411.5800792864,BEAR,0
2019-02-21,3482602.3971521677,BEAR,0
2019-02-22,3482793.224680779,BEAR,0
2019-02-25,3482984.0626656935,BEAR,0
2019-02-26,3483174.911107484,BEAR,0
2019-02-27,3483365.770006723,BEAR,0
2019-02-28,3483556.6393639836,BEAR,0
2019-03-01,3483747.5191798396,BEAR,0
2019-03-05,3483938.4094548635,BEAR,0
2019-03-06,3484129.3101896285,BEAR,0
2019-03-07,3484320.221384708,BEAR,0
2019-03-08,3484511.1430406743,BEAR,0
2019-03-11,3484642.0751581015,PARTIAL,3
2019-03-12,3496147.599603965,PARTIAL,3
2019-03-13,3487253.163795984,PARTIAL,3
2019-03-14,3506619.699035026,PARTIAL,3
2019-03-15,3510801.6815526136,PARTIAL,3
2019-03-18,3520435.594531617,BULL,5
2019-03-19,3542355.8222895707,BULL,5
2019-03-20,3515061.117248476,BULL,5
2019-03-22,3504723.3558060685,BULL,5
2019-03-25,3513073.2372616776,BULL,5
2019-03-26,3538076.154439739,BULL,5
2019-03-27,3511934.513198101,BULL,5
2019-03-28,3548707.5913837585,BULL,5
2019-04-01,3575433.397213011,BULL,5
2019-04-02,3576606.652286682,BULL,5
2019-04-03,3550809.8344120192,BULL,5
2019-04-04,3545044.5253509264,BULL,5
2019-04-05,3551545.5201904536,BULL,5
2019-04-08,3538060.1567596933,BULL,5
2019-04-09,3566167.252148791,BULL,5
2019-04-10,3547309.062941136,BULL,5
2019-04-11,3540522.9918089453,BULL,5
2019-04-12,3566014.5362255326,BULL,5
2019-04-15,3571373.836361558,BULL,5
2019-04-16,3561998.475874942,BULL,5
2019-04-18,3546288.5842446145,BULL,5
2019-04-22,3519132.4426838243,BULL,5
2019-04-23,3482727.5761264423,BULL,5
2019-04-24,3512063.518086305,BULL,5
2019-04-25,3520249.4783859854,BULL,5
2019-04-26,3543081.3468155167,BULL,5
2019-04-30,3552320.386852205,BULL,5
2019-05-02,3536375.018942744,BULL,5
2019-05-03,3558769.053365627,BULL,5
2019-05-06,3521913.895926599,BULL,5
2019-05-07,3491481.0299543412,BULL,5
2019-05-08,3502871.7743886732,BULL,5
2019-05-09,3493848.436369822,BULL,5
2019-05-10,3469597.608730674,BULL,5
2019-05-13,3422073.949109094,BEAR,0
2019-05-14,3422261.4600104154,BEAR,0
2019-05-15,3422448.9811863066,BEAR,0
2019-05-16,3422636.5126373307,BEAR,0
2019-05-17,3422824.0543640507,BEAR,0
2019-05-20,3422951.6063670292,PARTIAL,3
2019-05-21,3404161.6155364225,PARTIAL,3
2019-05-22,3407453.4456635118,PARTIAL,3
2019-05-23,3402691.542048608,PARTIAL,3
2019-05-24,3439685.555175934,PARTIAL,3
2019-05-27,3456576.1110001956,BULL,5
2019-05-28,3479785.208792227,BULL,5
2019-05-29,3391510.59323431,BULL,5
2019-05-30,3484889.3196389615,BULL,5
2019-05-31,3494024.964610839,BULL,5
2019-06-03,3500267.8788878,BULL,5
2019-06-04,3537791.524940832,BULL,5
2019-06-06,3485539.341644418,BULL,5
2019-06-07,3498680.9350719545,BULL,5
2019-06-10,3515314.6216566414,BULL,5
2019-06-11,3551620.6808866104,BULL,5
2019-06-12,3602378.5627174196,BULL,5
2019-06-13,3587655.346421756,BULL,5
2019-06-14,3562173.3068752573,BULL,5
2019-06-17,3539380.890017751,BULL,5
2019-06-18,3527884.813305775,BULL,5
2019-06-19,3536116.4597050864,BULL,5
2019-06-20,3511363.433473713,BULL,5
2019-06-21,3441373.925134753,BULL,5
2019-06-24,3416062.455088882,PARTIAL,3
2019-06-25,3430711.841547326,PARTIAL,3
2019-06-26,3449416.545026198,PARTIAL,3
2019-06-27,3449198.625534642,PARTIAL,3
2019-06-28,3442087.2743858765,PARTIAL,3
2019-07-01,3458652.9784938786,BULL,5
2019-07-02,3457873.8295597318,BULL,5
2019-07-03,3478656.163540499,BULL,5
2019-07-04,3482362.882551287,BULL,5
2019-07-05,3465414.9111471237,BULL,5
2019-07-08,3429818.2402264625,BULL,5
2019-07-09,3419302.077319715,BULL,5
2019-07-10,3414404.3078072476,BULL,5
2019-07-11,3439041.317312371,BULL,5
2019-07-12,3435234.766162748,BULL,5
2019-07-15,3445947.361257005,BEAR,0
2019-07-16,3446136.180290499,BEAR,0
2019-07-17,3446325.009670241,BEAR,0
2019-07-18,3446513.8493967983,BEAR,0
2019-07-19,3446702.699470738,BEAR,0
2019-07-22,3446891.559892627,BEAR,0
2019-07-23,3447080.4306630325,BEAR,0
2019-07-24,3447269.311782521,BEAR,0
2019-07-25,3447458.2032516603,BEAR,0
2019-07-26,3447647.105071017,BEAR,0
2019-07-29,3447836.017241158,BEAR,0
2019-07-30,3448024.939762651,BEAR,0
2019-07-31,3448213.872636063,BEAR,0
2019-08-01,3448402.8158619613,BEAR,0
2019-08-02,3448591.769440913,BEAR,0
2019-08-05,3448780.7333734855,BEAR,0
2019-08-06,3448969.707660246,BEAR,0
2019-08-07,3449158.692301762,BEAR,0
2019-08-08,3449347.6872986006,BEAR,0
2019-08-09,3449536.6926513296,BEAR,0
2019-08-13,3449725.708360516,BEAR,0
2019-08-14,3449914.734426728,BEAR,0
2019-08-16,3450103.770850532,BEAR,0
2019-08-19,3450292.817632497,BEAR,0
2019-08-20,3450481.8747731894,BEAR,0
2019-08-21,3450670.942273177,BEAR,0
2019-08-22,3450860.0201330283,BEAR,0
2019-08-23,3451049.10835331,BEAR,0
2019-08-26,3451238.20693459,BEAR,0
2019-08-27,3451427.3158774357,BEAR,0
2019-08-28,3451616.4351824154,BEAR,0
2019-08-29,3451805.564850097,BEAR,0
2019-08-30,3451994.704881048,BEAR,0
2019-09-03,3452183.8552758363,BEAR,0
2019-09-04,3452373.0160350297,BEAR,0
2019-09-05,3452562.187159196,BEAR,0
2019-09-06,3452751.3686489034,BEAR,0
2019-09-09,3452940.56050472,BEAR,0
2019-09-11,3453129.7627272136,BEAR,0
2019-09-12,3453318.9753169524,BEAR,0
2019-09-13,3453508.1982745044,BEAR,0
2019-09-16,3453697.4316004375,BEAR,0
2019-09-17,3453886.67529532,BEAR,0
2019-09-18,3454075.92935972,BEAR,0
2019-09-19,3454265.193794206,BEAR,0
2019-09-20,3454454.4685993455,BEAR,0
2019-09-23,3454583.7537757074,PARTIAL,3
2019-09-24,3464313.58148925,PARTIAL,3
2019-09-25,3456570.0970553067,PARTIAL,3
2019-09-26,3447972.548868577,PARTIAL,3
2019-09-27,3450389.8327438952,PARTIAL,3
2019-09-30,3453229.6776780034,PARTIAL,3
2019-10-01,3452127.163058709,PARTIAL,3
2019-10-03,3453926.6151567553,PARTIAL,3
2019-10-04,3457530.7725163233,PARTIAL,3
2019-10-07,3467485.7654528646,BEAR,0
2019-10-09,3467675.76467289,BEAR,0
2019-10-10,3467865.774303831,BEAR,0
2019-10-11,3468055.794346259,BEAR,0
2019-10-14,3468245.824800744,BEAR,0
2019-10-15,3468435.8656678568,BEAR,0
2019-10-16,3468625.9169481676,BEAR,0
2019-10-17,3468815.978642247,BEAR,0
2019-10-18,3469006.0507506663,BEAR,0
2019-10-22,3469136.133273995,PARTIAL,3
2019-10-23,3472502.36734139,PARTIAL,3
2019-10-24,3474125.845874727,PARTIAL,3
2019-10-25,3490291.47127701,PARTIAL,3
2019-10-27,3485133.375451646,PARTIAL,3
2019-10-29,3489713.7667819913,PARTIAL,3
2019-10-30,3486580.9351633703,PARTIAL,3
2019-10-31,3504562.5658987164,PARTIAL,3
2019-11-01,3511416.818337134,PARTIAL,3
2019-11-04,3494270.9342349214,BULL,5
2019-11-05,3500468.7524169306,BULL,5
2019-11-06,3503618.521502538,BULL,5
2019-11-07,3491789.7863266976,BULL,5
2019-11-08,3451020.8119267533,BULL,5
2019-11-11,3435619.608710206,BULL,5
2019-11-13,3431811.237019359,BULL,5
2019-11-14,3443535.024725122,BULL,5
2019-11-15,3433447.3893285617,BULL,5
2019-11-18,3461416.9850728717,BULL,5
2019-11-19,3442334.0978238937,BULL,5
2019-11-20,3437851.799818683,BULL,5
2019-11-21,3431181.7820716035,BULL,5
2019-11-22,3433113.3580013593,BULL,5
2019-11-25,3476496.5038309335,BULL,5
2019-11-26,3483654.377734657,BULL,5
2019-11-27,3466423.589098939,BULL,5
2019-11-28,3479428.0305849174,BULL,5
2019-11-29,3437537.8708377588,BULL,5
2019-12-02,3444343.9220906044,BULL,5
2019-12-03,3427312.4943313194,BULL,5
2019-12-04,3425424.2615875765,BULL,5
2019-12-05,3411254.181600854,BULL,5
2019-12-06,3422954.575582793,BULL,5
2019-12-09,3441015.1688612457,BULL,5
2019-12-10,3429921.253487831,BULL,5
2019-12-11,3418379.043339052,BULL,5
2019-12-12,3429379.2174514253,BULL,5
2019-12-13,3436954.6394676645,BULL,5
2019-12-16,3449213.0259351493,BULL,5
2019-12-17,3449932.65612339,BULL,5
2019-12-18,3455001.2757981094,BULL,5
2019-12-19,2824601.067005605,BULL,5
2019-12-20,2837382.53318895,BULL,5
2019-12-23,3517961.397879947,BULL,5
2019-12-24,3506629.6800801777,BULL,5
2019-12-26,3525442.704495108,BULL,5
2019-12-27,3544585.2411142727,BULL,5
2019-12-30,3533868.865365476,BULL,5
2019-12-31,3530116.5534655116,BULL,5
2020-01-01,3530930.563593888,BULL,5
2020-01-02,3539632.9101827648,BULL,5
2020-01-03,3545545.918343769,BULL,5
2020-01-06,3550357.4875373817,BULL,5
2020-01-07,3559362.904079463,BULL,5
2020-01-08,3555815.904938321,BULL,5
2020-01-09,3565917.5834894814,BULL,5
2020-01-10,3571914.7119371123,BULL,5
2020-01-13,3572109.7135426104,BULL,5
2020-01-14,3574226.3543814654,BULL,5
2020-01-15,3580646.8843066366,BULL,5
2020-01-16,3594242.4049518337,BULL,5
2020-01-17,3599150.7731443085,BULL,5
2020-01-20,3612915.4212112646,BULL,5
2020-01-21,3583539.884951746,BULL,5
2020-01-22,3567836.244344062,BULL,5
2020-01-23,3589981.5160422763,BULL,5
2020-01-24,3604109.1609214684,BULL,5
2020-01-27,3594901.0491698706,BULL,5
2020-01-28,3576775.4940085406,BULL,5
2020-01-29,3595385.521699577,BULL,5
2020-01-30,3578973.18824536,BULL,5
2020-01-31,3560103.1671270933,BULL,5
2020-02-03,3492242.3435812113,PARTIAL,3
2020-02-04,3516053.769227482,PARTIAL,3
2020-02-05,3547811.985230379,PARTIAL,3
2020-02-06,3558984.5732982066,PARTIAL,3
2020-02-07,3567084.2540234597,PARTIAL,3
2020-02-10,3552037.650380479,BULL,5
2020-02-11,3587368.8096171687,BULL,5
2020-02-12,3554673.4377671396,BULL,5
2020-02-13,3569271.391154192,BULL,5
2020-02-14,3563703.278863676,BULL,5
2020-02-17,3531838.473315055,BULL,5
2020-02-18,3511352.5211128616,BULL,5
2020-02-19,3547222.6949846568,BULL,5
2020-02-20,3559060.287709711,BULL,5
2020-02-24,3523174.6243704385,BULL,5
2020-02-25,3495610.5866382574,BULL,5
2020-02-26,3451114.3389705773,BULL,5
2020-02-27,3442450.545803034,BULL,5
2020-02-28,3336268.6743055778,BULL,5
2020-03-02,3346005.9215688775,BEAR,0
2020-03-03,3346189.2643591007,BEAR,0
2020-03-04,3346372.6171955043,BEAR,0
2020-03-05,3346555.9800786385,BEAR,0
2020-03-06,3346739.353009054,BEAR,0
2020-03-09,3346922.7359873015,BEAR,0
2020-03-11,3347106.129013931,BEAR,0
2020-03-12,3347289.5320894937,BEAR,0
2020-03-13,3347472.9452145398,BEAR,0
2020-03-16,3347656.3683896204,BEAR,0
2020-03-17,3347839.8016152857,BEAR,0
2020-03-18,3348023.244892087,BEAR,0
2020-03-19,3348206.6982205743,BEAR,0
2020-03-20,3348390.161601299,BEAR,0
2020-03-23,3348573.6350348117,BEAR,0
2020-03-24,3348757.1185216634,BEAR,0
2020-03-25,3348940.6120624044,BEAR,0
2020-03-26,3349124.115657586,BEAR,0
2020-03-27,3349307.6293077595,BEAR,0
2020-03-30,3349491.1530134752,BEAR,0
2020-03-31,3349674.6867752844,BEAR,0
2020-04-01,3349858.230593738,BEAR,0
2020-04-03,3350041.7844693875,BEAR,0
2020-04-07,3350225.3484027833,BEAR,0
2020-04-08,3350408.922394477,BEAR,0
2020-04-09,3350592.506445019,BEAR,0
2020-04-13,3350776.1005549612,BEAR,0
2020-04-15,3350959.704724855,BEAR,0
2020-04-16,3351143.318955251,BEAR,0
2020-04-17,3351326.943246701,BEAR,0
2020-04-20,3351510.5775997555,BEAR,0
2020-04-21,3351694.222014967,BEAR,0
2020-04-22,3351877.876492886,BEAR,0
2020-04-23,3352061.541034064,BEAR,0
2020-04-24,3352245.215639052,BEAR,0
2020-04-27,3352428.9003084023,BEAR,0
2020-04-28,3352612.595042666,BEAR,0
2020-04-29,3352796.2998423944,BEAR,0
2020-04-30,3352980.0147081395,BEAR,0
2020-05-04,3353163.7396404524,BEAR,0
2020-05-05,3353347.474639885,BEAR,0
2020-05-06,3353531.219706989,BEAR,0
2020-05-07,3353714.9748423155,BEAR,0
2020-05-08,3353898.740046417,BEAR,0
2020-05-11,3354082.5153198442,BEAR,0
2020-05-12,3354266.30066315,BEAR,0
2020-05-13,3354450.0960768852,BEAR,0
2020-05-14,3354633.901561602,BEAR,0
2020-05-15,3354817.717117852,BEAR,0
2020-05-18,3355001.5427461877,BEAR,0
2020-05-19,3355185.37844716,BEAR,0
2020-05-20,3355369.2242213218,BEAR,0
2020-05-21,3355553.0800692244,BEAR,0
2020-05-22,3355736.94599142,BEAR,0
2020-05-26,3355920.821988461,BEAR,0
2020-05-27,3356104.708060899,BEAR,0
2020-05-28,3356288.604209286,BEAR,0
2020-05-29,3356472.5104341744,BEAR,0
2020-06-01,3356656.4267361164,BEAR,0
2020-06-02,3356840.353115664,BEAR,0
2020-06-03,3357024.289573369,BEAR,0
2020-06-04,3357208.2361097843,BEAR,0
2020-06-05,3357392.192725462,BEAR,0
2020-06-08,3357516.159420954,PARTIAL,3
2020-06-09,3421882.249221523,PARTIAL,3
2020-06-10,3339040.3228343967,PARTIAL,3
2020-06-11,3353887.4683085904,PARTIAL,3
2020-06-12,3314044.9940572195,PARTIAL,3
2020-06-15,3281595.807350157,BEAR,0
2020-06-16,3281775.620819053,BEAR,0
2020-06-17,3281955.444140742,BEAR,0
2020-06-18,3282135.2773157638,BEAR,0
2020-06-19,3282315.120344658,BEAR,0
2020-06-22,3282434.9732279647,PARTIAL,3
2020-06-23,3285478.4322678875,PARTIAL,3
2020-06-24,3288018.1751197036,PARTIAL,3
2020-06-25,3271430.3032075963,PARTIAL,3
2020-06-26,3301625.168573493,PARTIAL,3
2020-06-29,3259665.369268529,PARTIAL,3
2020-06-30,3267818.1203916897,PARTIAL,3
2020-07-01,3293242.410880627,PARTIAL,3
2020-07-02,3298188.069743473,PARTIAL,3
2020-07-03,3301096.6618477395,PARTIAL,3
2020-07-06,3315801.3260070244,PARTIAL,3
2020-07-07,3325910.886247993,PARTIAL,3
2020-07-08,3323268.824711226,PARTIAL,3
2020-07-09,3344357.5754343374,PARTIAL,3
2020-07-10,3345199.3883382063,PARTIAL,3
2020-07-13,3358028.0055076396,PARTIAL,3
2020-07-14,3337055.8879636023,PARTIAL,3
2020-07-15,3334515.831774061,PARTIAL,3
2020-07-16,3333036.0181322796,PARTIAL,3
2020-07-17,3349496.648642658,PARTIAL,3
2020-07-20,3351621.259744744,PARTIAL,3
2020-07-21,3382678.0639433004,PARTIAL,3
2020-07-22,3372709.6641638903,PARTIAL,3
2020-07-23,3392404.031567398,PARTIAL,3
2020-07-24,3388896.38916991,PARTIAL,3
2020-07-27,3406938.615073217,BULL,5
2020-07-28,3439341.9977588686,BULL,5
2020-07-29,3434378.2535064486,BULL,5
2020-07-30,3416011.2141997777,BULL,5
2020-07-31,3441183.541401498,BULL,5
2020-08-03,3431488.693730608,BULL,5
2020-08-04,3454646.0453920313,BULL,5
2020-08-05,3470833.10313737,BULL,5
2020-08-06,3503697.867183243,BULL,5
2020-08-07,3530334.2440519696,BULL,5
2020-08-10,3532894.325064073,BULL,5
2020-08-11,3503782.7665417828,BULL,5
2020-08-12,3470256.1145086503,BULL,5
2020-08-13,3498346.694626144,BULL,5
2020-08-14,3481397.4763193433,BULL,5
2020-08-17,3488428.9431004096,BULL,5
2020-08-18,3528362.0892549213,BULL,5
2020-08-19,3522906.7605559523,BULL,5
2020-08-20,3497558.127794215,BULL,5
2020-08-21,3445265.9049712406,BULL,5
2020-08-24,3443711.406266373,BULL,5
2020-08-25,3443525.8852623566,BULL,5
2020-08-26,3461628.666027991,BULL,5
2020-08-27,3469102.1661447897,BULL,5
2020-08-28,3472734.256156986,BULL,5
2020-08-31,3383292.920102369,BULL,5
2020-09-01,3393853.4996324177,BULL,5
2020-09-02,3426045.060963637,BULL,5
2020-09-03,3450028.4105274193,BULL,5
2020-09-04,3402191.812901388,BULL,5
2020-09-07,3382208.239137276,BULL,5
2020-09-08,3373379.935438221,BULL,5
2020-09-09,3368013.8781049894,BULL,5
2020-09-10,3397782.4677391313,BULL,5
2020-09-11,3399177.2037444743,BULL,5
2020-09-14,3425520.7623049854,BULL,5
2020-09-15,3441963.302593204,BULL,5
2020-09-16,3454681.949486593,BULL,5
2020-09-17,3453607.614000984,BULL,5
2020-09-18,3478121.850345364,BULL,5
2020-09-21,3390848.911103433,BULL,5
2020-09-22,3346151.169634916,BULL,5
2020-09-23,3344975.4472614517,BULL,5
2020-09-24,3303126.477202671,BULL,5
2020-09-25,3352715.3336890913,BULL,5
2020-09-28,3400122.023402954,PARTIAL,3
2020-09-29,3393821.7966607027,PARTIAL,3
2020-09-30,3398137.9829518097,PARTIAL,3
2020-10-01,3423407.007859174,PARTIAL,3
2020-10-05,3421828.929751369,BULL,5
2020-10-06,3452785.865802327,BULL,5
2020-10-07,3463018.086823983,BULL,5
2020-10-08,3488818.5965634035,BULL,5
2020-10-09,3496456.3273387905,BULL,5
2020-10-12,3505287.77792623,BULL,5
2020-10-13,3498044.6502501355,BULL,5
2020-10-14,3489805.2028991855,BULL,5
2020-10-15,3455895.6630918323,BULL,5
2020-10-16,3457203.774901072,BULL,5
2020-10-19,3485418.5414767237,BULL,5
2020-10-20,3494366.8038610616,BULL,5
2020-10-21,3490238.6024068245,BULL,5
2020-10-22,3488885.2042264673,BULL,5
2020-10-23,3501881.298256675,BULL,5
2020-10-26,3475508.1369398204,BULL,5
2020-10-27,3507584.720040731,BULL,5
2020-10-28,3482739.1340703345,BULL,5
2020-10-29,3472284.2217445145,BULL,5
2020-10-30,3470952.0913399393,BULL,5
2020-11-02,3463993.309207306,BULL,5
2020-11-03,3490077.649229815,BULL,5
2020-11-04,3518465.5845673345,BULL,5
2020-11-05,3566191.2738715075,BULL,5
2020-11-06,3584979.4661838957,BULL,5
2020-11-09,3640112.8270366364,BULL,5
2020-11-10,3649529.916241212,BULL,5
2020-11-11,3677161.666336823,BULL,5
2020-11-12,3686751.868525712,BULL,5
2020-11-13,3700748.9788568607,BULL,5
2020-11-14,3718868.0375103643,BULL,5
2020-11-17,3737423.0649816412,BULL,5
2020-11-18,3769313.787920955,BULL,5
2020-11-19,3733095.2563784053,BULL,5
2020-11-20,3760331.384466451,BULL,5
2020-11-23,3773754.7609464703,BULL,5
2020-11-24,3805815.647787883,BULL,5
2020-11-25,3751933.9830033737,BULL,5
2020-11-26,3785936.5994134145,BULL,5
2020-11-27,3804505.02409843,BULL,5
2020-12-01,3840860.742319897,BULL,5
2020-12-02,3840340.68285899,BULL,5
2020-12-03,3845668.722536522,BULL,5
2020-12-04,3879096.5050089913,BULL,5
2020-12-07,3919743.9659294644,BULL,5
2020-12-08,3920101.062872036,BULL,5
2020-12-09,3951330.3055127896,BULL,5
2020-12-10,3944804.3804625254,BULL,5
2020-12-11,3949009.8847100446,BULL,5
2020-12-14,3975210.3773966352,BULL,5
2020-12-15,3981374.496572959,BULL,5
2020-12-16,4010149.889608591,BULL,5
2020-12-17,4018109.8358280966,BULL,5
2020-12-18,4020997.853256004,BULL,5
2020-12-21,3877056.303956715,BULL,5
2020-12-22,3910905.392117686,BULL,5
2020-12-23,3972170.4339580704,BULL,5
2020-12-24,3995177.9103288534,BULL,5
2020-12-28,4037764.8792490372,BULL,5
2020-12-29,4051136.555584074,BULL,5
2020-12-30,4064703.6602667496,BULL,5
2020-12-31,4066879.1961501697,BULL,5
2021-01-01,4087654.799535944,BULL,5
2021-01-04,4106071.8071245234,BULL,5
2021-01-05,4170183.514730787,BULL,5
2021-01-06,4181220.860317597,BULL,5
2021-01-07,4197170.111632753,BULL,5
2021-01-08,4244918.878612544,BULL,5
2021-01-11,4271565.648905052,BULL,5
2021-01-12,4295279.036291773,BULL,5
2021-01-13,4287825.391925069,BULL,5
2021-01-14,4291329.427999586,BULL,5
2021-01-15,4233556.9969515465,BULL,5
2021-01-18,4165181.9552438203,BULL,5
2021-01-19,4242278.8104271265,BULL,5
2021-01-20,4269597.565483645,BULL,5
2021-01-21,4253017.112731347,BULL,5
2021-01-22,4191457.3145079166,BULL,5
2021-01-25,4157833.6238466543,BULL,5
2021-01-27,4025452.16331267,BULL,5
2021-01-28,3983842.4407682307,BULL,5
2021-01-29,3947517.943711272,BULL,5
2021-02-01,4066300.6374841193,PARTIAL,3
2021-02-02,4124710.8334067264,PARTIAL,3
2021-02-03,4172165.9653266147,PARTIAL,3
2021-02-04,4202444.388038394,PARTIAL,3
2021-02-05,4205843.153534874,PARTIAL,3
2021-02-08,4242203.654545177,BULL,5
2021-02-09,4249211.210240506,BULL,5
2021-02-10,4261254.722800441,BULL,5
2021-02-11,4245148.6974272225,BULL,5
2021-02-12,4242750.622170906,BULL,5
2021-02-15,4318307.919546358,BULL,5
2021-02-16,4349298.324550965,BULL,5
2021-02-17,4447121.777073167,BULL,5
2021-02-18,4600779.122664541,BULL,5
2021-02-19,4463902.661017813,BULL,5
2021-02-22,4322752.465597329,BULL,5
2021-02-23,4338902.066931347,BULL,5
2021-02-24,4436196.551972195,BULL,5
2021-02-25,4488200.327654484,BULL,5
2021-02-26,4342298.362248855,BULL,5
2021-03-01,4353410.833461198,BULL,5
2021-03-02,4383826.115206078,BULL,5
2021-03-03,4493467.750491887,BULL,5
2021-03-04,4463530.65744778,BULL,5
2021-03-05,4349193.382751019,BULL,5
2021-03-08,4392411.958249423,BULL,5
2021-03-09,4358837.606380872,BULL,5
2021-03-10,4367723.268074136,BULL,5
2021-03-12,4333380.343980393,BULL,5
2021-03-15,4309550.69866511,BULL,5
2021-03-16,4324342.456507375,BULL,5
2021-03-17,4239860.710763606,BULL,5
2021-03-18,4194992.218909671,BULL,5
2021-03-19,4234731.830663881,BULL,5
2021-03-22,4252183.348065446,BULL,5
2021-03-23,4273740.445067325,BULL,5
2021-03-24,4200972.704588461,BULL,5
2021-03-25,4134333.032801965,BULL,5
2021-03-26,4153723.210535477,BULL,5
2021-03-30,4234125.704051243,PARTIAL,3
2021-03-31,4250724.193196568,PARTIAL,3
2021-04-01,4275811.43478339,PARTIAL,3
2021-04-05,4218729.06488836,BULL,5
2021-04-06,4231179.198391917,BULL,5
2021-04-07,4268968.991813241,BULL,5
2021-04-08,4276059.297079669,BULL,5
2021-04-09,4313398.224265326,BULL,5
2021-04-12,4139265.571236302,BULL,5
2021-04-13,4175078.4697502586,BULL,5
2021-04-15,4129773.3552719625,BULL,5
2021-04-16,4145502.1573706465,BULL,5
2021-04-19,4022791.298477709,BULL,5
2021-04-20,4021610.200706311,BULL,5
2021-04-22,4019409.3303276603,BULL,5
2021-04-23,4027210.2709925286,BULL,5
2021-04-26,4059968.708991783,PARTIAL,3
2021-04-27,4092352.421427032,PARTIAL,3
2021-04-28,4104814.6686087158,PARTIAL,3
2021-04-29,4111621.8787314007,PARTIAL,3
2021-04-30,4085036.779705353,PARTIAL,3
2021-05-03,4090793.9657107145,BULL,5
2021-05-04,4082330.8389882916,BULL,5
2021-05-05,4098596.3575406335,BULL,5
2021-05-06,4115451.789158282,BULL,5
2021-05-07,4142833.772154349,BULL,5
2021-05-10,4212355.574210809,BULL,5
2021-05-11,4269893.932109441,BULL,5
2021-05-12,4247973.968773671,BULL,5
2021-05-14,4198803.04252429,BULL,5
2021-05-17,4230912.010249039,BULL,5
2021-05-18,4290499.793513456,BULL,5
2021-05-19,4294327.758934018,BULL,5
2021-05-20,4267671.566411911,BULL,5
2021-05-21,4285153.03803545,BULL,5
2021-05-24,4323623.6788785085,BULL,5
2021-05-25,4330519.165290674,BULL,5
2021-05-26,4317816.213135231,BULL,5
2021-05-27,4333930.264351201,BULL,5
2021-05-28,4321832.249023533,BULL,5
2021-05-31,4344783.702720232,BULL,5
2021-06-01,4354296.879942925,BULL,5
2021-06-02,4383379.389491896,BULL,5
2021-06-03,4419925.346616335,BULL,5
2021-06-04,4461238.598504088,BULL,5
2021-06-07,4512953.363359589,BULL,5
2021-06-08,4547837.607719104,BULL,5
2021-06-09,4522458.12190999,BULL,5
2021-06-10,4552699.745050432,BULL,5
2021-06-11,4579130.039886403,BULL,5
2021-06-14,4578699.803306961,BULL,5
2021-06-15,4611260.697290634,BULL,5
2021-06-16,4587197.860522492,BULL,5
2021-06-17,4556940.761300061,BULL,5
2021-06-18,4541322.352727024,BULL,5
2021-06-21,4558029.992272363,BULL,5
2021-06-22,4577018.424246105,BULL,5
2021-06-23,4558253.008118594,BULL,5
2021-06-24,4576392.6662762,BULL,5
2021-06-25,4599344.552127587,BULL,5
2021-06-28,4605585.789999,BULL,5
2021-06-29,4597107.806027406,BULL,5
2021-06-30,4596470.282480849,BULL,5
2021-07-01,4603523.012544208,BULL,5
2021-07-02,4606245.368554108,BULL,5
2021-07-05,4625204.679467105,BULL,5
2021-07-06,4605734.507008529,BULL,5
2021-07-07,4623107.707266387,BULL,5
2021-07-08,4606356.097531365,BULL,5
2021-07-09,4610989.4329112135,BULL,5
2021-07-12,4612498.684100563,BULL,5
2021-07-13,4618578.940108765,BULL,5
2021-07-14,4647480.583036382,BULL,5
2021-07-15,4661150.770672368,BULL,5
2021-07-16,4683817.621039843,BULL,5
2021-07-19,4664592.039573936,BULL,5
2021-07-20,4640287.115322695,BULL,5
2021-07-22,4664400.272594615,BULL,5
2021-07-23,4662815.4558925675,BULL,5
2021-07-26,4684654.402195053,BULL,5
2021-07-27,4664144.118509285,BULL,5
2021-07-28,4647493.151637979,BULL,5
2021-07-29,4647982.3593580555,BULL,5
2021-07-30,4521083.584738074,BULL,5
2021-08-02,4557806.596015608,BULL,5
2021-08-03,4586537.036535491,BULL,5
2021-08-04,4568651.750058415,BULL,5
2021-08-05,4567944.251495855,BULL,5
2021-08-06,4575196.165712399,BULL,5
2021-08-09,4543557.694816664,BULL,5
2021-08-10,4514235.013556139,BULL,5
2021-08-11,4510682.361013557,BULL,5
2021-08-12,4541143.927280785,BULL,5
2021-08-13,4566774.411938149,BULL,5
2021-08-16,4555990.278365523,BULL,5
2021-08-17,4602760.647273258,BULL,5
2021-08-18,4619018.133161862,BULL,5
2021-08-20,4605507.096943971,BULL,5
2021-08-23,4630195.503314079,BULL,5
2021-08-24,4616055.895238134,BULL,5
2021-08-25,4628666.486098822,BULL,5
2021-08-26,4629100.646277227,BULL,5
2021-08-27,4664885.126522623,BULL,5
2021-08-30,4689657.5968336975,BULL,5
2021-08-31,4718791.093713181,BULL,5
2021-09-01,4720651.395204186,BULL,5
2021-09-02,4781190.823562577,BULL,5
2021-09-03,4806974.4295231225,BULL,5
2021-09-06,4848476.617578477,BULL,5
2021-09-07,4820444.87994207,BULL,5
2021-09-08,4794385.014612144,BULL,5
2021-09-09,4818638.219143675,BULL,5
2021-09-13,4863827.613871857,BULL,5
2021-09-14,4866643.858206227,BULL,5
2021-09-15,4927832.867567132,BULL,5
2021-09-16,4926086.734081873,BULL,5
2021-09-17,4914690.893071719,BULL,5
2021-09-20,4871680.394810529,BULL,5
2021-09-21,4920938.133859686,BULL,5
2021-09-22,4947601.084046058,BULL,5
2021-09-23,4985042.573421571,BULL,5
2021-09-24,5009214.747054706,BULL,5
2021-09-27,4929929.100980701,BULL,5
2021-09-28,4860609.266997503,BULL,5
2021-09-29,4862109.320112195,BULL,5
2021-09-30,4843383.080583202,BULL,5
2021-10-01,4824544.003841705,BULL,5
2021-10-04,4869647.322298649,BULL,5
2021-10-05,4893240.824167128,BULL,5
2021-10-06,4845935.733006172,BULL,5
2021-10-07,4900778.312954976,BULL,5
2021-10-08,4924116.784515841,BULL,5
2021-10-11,4890426.628002251,BULL,5
2021-10-12,4874519.581813521,BULL,5
2021-10-13,4918709.764639464,BULL,5
2021-10-14,4962753.268090153,BULL,5
2021-10-18,4998131.573663388,BULL,5
2021-10-19,4968575.068654575,BULL,5
2021-10-20,4894655.674456089,BULL,5
2021-10-21,4841214.379124308,BULL,5
2021-10-22,4799311.031432773,BULL,5
2021-10-25,4753210.502819005,BULL,5
2021-10-26,4782702.852710089,BULL,5
2021-10-27,4777918.619063902,BULL,5
2021-10-28,4693510.015811363,BULL,5
2021-10-29,4646421.374827277,BULL,5
2021-11-01,4700499.4440431325,BULL,5
2021-11-02,4699485.855749202,BULL,5
2021-11-03,4696069.3575241035,BULL,5
2021-11-04,4760082.2793511385,BULL,5
2021-11-08,4757394.824668902,BULL,5
2021-11-09,4757010.394931862,BULL,5
2021-11-10,4760077.817338117,BULL,5
2021-11-11,4725291.519967034,BULL,5
2021-11-12,4783576.39381432,BULL,5
2021-11-15,4801947.312280018,BULL,5
2021-11-16,4785883.063940559,BULL,5
2021-11-17,4763618.586328965,BULL,5
2021-11-18,4718811.01626573,BULL,5
2021-11-22,4631359.603750705,BULL,5
2021-11-23,4670577.372565812,BULL,5
2021-11-24,4642607.609874839,BULL,5
2021-11-25,4684732.455694389,BULL,5
2021-11-26,4550082.127161529,BULL,5
2021-11-29,4536396.8587663965,PARTIAL,3
2021-11-30,4560144.286247771,PARTIAL,3
2021-12-01,4578407.181610341,PARTIAL,3
2021-12-02,4626458.7595914565,PARTIAL,3
2021-12-03,4616023.782337198,PARTIAL,3
2021-12-06,4567553.027405778,PARTIAL,3
2021-12-07,4595194.377372425,PARTIAL,3
2021-12-08,4628980.475609719,PARTIAL,3
2021-12-09,4634215.092059312,PARTIAL,3
2021-12-10,4635925.474338848,PARTIAL,3
2021-12-13,4642425.90777014,BULL,5
2021-12-14,4624171.510883331,BULL,5
2021-12-15,4586620.535490064,BULL,5
2021-12-16,4560437.767103307,BULL,5
2021-12-17,4491830.782642575,BULL,5
2021-12-20,4328307.650962621,BEAR,0
2021-12-21,4328544.81850514,BEAR,0
2021-12-22,4328781.999043141,BEAR,0
2021-12-23,4329019.192577335,BEAR,0
2021-12-24,4329256.399108436,BEAR,0
2021-12-27,4329493.618637155,BEAR,0
2021-12-28,4329730.851164204,BEAR,0
2021-12-29,4329968.096690295,BEAR,0
2021-12-30,4330205.355216142,BEAR,0
2021-12-31,4330442.626742455,BEAR,0
2022-01-03,4330579.911269948,BULL,5
2022-01-04,4340672.445359089,BULL,5
2022-01-05,4310111.473977428,BULL,5
2022-01-06,4254993.958416422,BULL,5
2022-01-07,4275464.924741198,BULL,5
2022-01-10,4278490.601530094,BULL,5
2022-01-11,4294243.796144561,BULL,5
2022-01-12,4301052.384750595,BULL,5
2022-01-13,4323542.610948249,BULL,5
2022-01-14,4320429.733911503,BULL,5
2022-01-17,4340663.416578734,BULL,5
2022-01-18,4273819.63806948,BULL,5
2022-01-19,4224786.470860851,BULL,5
2022-01-20,4170041.4392081155,BULL,5
2022-01-21,4121295.72465488,BULL,5
2022-01-24,4031224.436833551,BULL,5
2022-01-25,4032535.607290101,BULL,5
2022-01-27,3969727.00211584,BULL,5
2022-01-28,4000055.8461526223,BULL,5
2022-01-31,4062806.7002683543,BEAR,0
2022-02-01,4063029.3198135747,BEAR,0
2022-02-02,4063251.9515571264,BEAR,0
2022-02-03,4063474.5954996776,BEAR,0
2022-02-04,4063697.251641897,BEAR,0
2022-02-07,4063859.9199844534,PARTIAL,3
2022-02-08,4053166.648546025,PARTIAL,3
2022-02-09,4075680.32143074,PARTIAL,3
2022-02-10,4094792.9787917007,PARTIAL,3
2022-02-11,4069548.8057777286,PARTIAL,3
2022-02-14,4007432.5906662117,BEAR,0
2022-02-15,4007652.1760136457,BEAR,0
2022-02-16,4007871.7733931537,BEAR,0
2022-02-17,4008091.3828053945,BEAR,0
2022-02-18,4008311.004251028,BEAR,0
2022-02-21,4008530.637730713,BEAR,0
2022-02-22,4008750.2832451095,BEAR,0
2022-02-23,4008969.940794877,BEAR,0
2022-02-24,4009189.6103806742,BEAR,0
2022-02-25,4009409.2920031613,BEAR,0
2022-02-28,4009628.9856629972,BEAR,0
2022-03-02,4009848.691360842,BEAR,0
2022-03-03,4010068.4090973553,BEAR,0
2022-03-04,4010288.1388731967,BEAR,0
2022-03-07,4010507.880689026,BEAR,0
2022-03-08,4010727.6345455023,BEAR,0
2022-03-09,4010947.4004432857,BEAR,0
2022-03-10,4011167.1783830365,BEAR,0
2022-03-11,4011386.968365414,BEAR,0
2022-03-14,4011606.770391078,BEAR,0
2022-03-15,4011826.5844606888,BEAR,0
2022-03-16,4012046.410574906,BEAR,0
2022-03-17,4012266.24873439,BEAR,0
2022-03-21,4012426.0989398006,PARTIAL,3
2022-03-22,4026618.6225437783,PARTIAL,3
2022-03-23,4029949.0573629644,PARTIAL,3
2022-03-24,4045729.9466140894,PARTIAL,3
2022-03-25,4042054.4591963296,PARTIAL,3
2022-03-28,4045963.29571383,BEAR,0
2022-03-29,4046184.9923327733,BEAR,0
2022-03-30,4046406.701099477,BEAR,0
2022-03-31,4046628.4220146057,BEAR,0
2022-04-01,4046850.155078826,BEAR,0
2022-04-04,4047011.900292803,PARTIAL,3
2022-04-05,4068751.8965537976,PARTIAL,3
2022-04-06,4094480.566895134,PARTIAL,3
2022-04-07,4091708.8756301934,PARTIAL,3
2022-04-08,4105215.8263786035,PARTIAL,3
2022-04-11,4120421.436599649,BULL,5
2022-04-12,4080059.4616144756,BULL,5
2022-04-13,4099309.7654743153,BULL,5
2022-04-18,4098178.3152117296,BULL,5
2022-04-19,4083894.390274802,BULL,5
2022-04-20,4064534.731800806,BULL,5
2022-04-21,4088516.585867344,BULL,5
2022-04-22,4050717.643035382,BULL,5
2022-04-25,3974788.550315615,BULL,5
2022-04-26,4013596.9742916394,BULL,5
2022-04-27,3981697.572664148,BULL,5
2022-04-28,4008462.8620942365,BULL,5
2022-04-29,3962756.647087343,BULL,5
2022-05-02,3944347.526117933,BEAR,0
2022-05-04,3944563.6547495015,BEAR,0
2022-05-05,3944779.795223735,BEAR,0
2022-05-06,3944995.9475412816,BEAR,0
2022-05-09,3945212.111702791,BEAR,0
2022-05-10,3945428.287708912,BEAR,0
2022-05-11,3945644.4755602935,BEAR,0
2022-05-12,3945860.675257585,BEAR,0
2022-05-13,3946076.886801435,BEAR,0
2022-05-16,3946293.110192493,BEAR,0
2022-05-17,3946509.345431408,BEAR,0
2022-05-18,3946725.5925188293,BEAR,0
2022-05-19,3946941.851455406,BEAR,0
2022-05-20,3947158.122241787,BEAR,0
2022-05-23,3947374.4048786224,BEAR,0
2022-05-24,3947590.699366561,BEAR,0
2022-05-25,3947807.0057062525,BEAR,0
2022-05-26,3948023.323898346,BEAR,0
2022-05-27,3948239.6539434916,BEAR,0
2022-05-30,3948455.995842338,BEAR,0
2022-05-31,3948672.349595535,BEAR,0
2022-06-01,3948888.7152037323,BEAR,0
2022-06-02,3949105.092667579,BEAR,0
2022-06-03,3949321.4819877255,BEAR,0
2022-06-06,3949537.883164821,BEAR,0
2022-06-07,3949754.2961995155,BEAR,0
2022-06-08,3949970.7210924583,BEAR,0
2022-06-09,3950187.1578442995,BEAR,0
2022-06-10,3950403.6064556884,BEAR,0
2022-06-13,3950620.066927275,BEAR,0
2022-06-14,3950836.53925971,BEAR,0
2022-06-15,3951053.023453642,BEAR,0
2022-06-16,3951269.519509722,BEAR,0
2022-06-17,3951486.0274285995,BEAR,0
2022-06-20,3951702.547210925,BEAR,0
2022-06-21,3951919.0788573474,BEAR,0
2022-06-22,3952135.622368518,BEAR,0
2022-06-23,3952352.177745086,BEAR,0
2022-06-24,3952568.7449877025,BEAR,0
2022-06-27,3952785.3240970173,BEAR,0
2022-06-28,3953001.91507368,BEAR,0
2022-06-29,3953218.5179183423,BEAR,0
2022-06-30,3953435.132631653,BEAR,0
2022-07-01,3953651.7592142634,BEAR,0
2022-07-04,3953868.3976668236,BEAR,0
2022-07-05,3954085.0479899836,BEAR,0
2022-07-06,3954301.7101843944,BEAR,0
2022-07-07,3954518.384250706,BEAR,0
2022-07-08,3954735.0701895696,BEAR,0
2022-07-11,3954951.768001635,BEAR,0
2022-07-12,3955168.4776875535,BEAR,0
2022-07-13,3955385.199247975,BEAR,0
2022-07-14,3955601.9326835503,BEAR,0
2022-07-15,3955818.6779949307,BEAR,0
2022-07-18,3956035.435182766,BEAR,0
2022-07-19,3956252.204247708,BEAR,0
2022-07-20,3956468.985190407,BEAR,0
2022-07-21,3956685.7780115134,BEAR,0
2022-07-22,3956902.582711679,BEAR,0
2022-07-25,3957059.399291554,PARTIAL,3
2022-07-26,3952635.2416290697,PARTIAL,3
2022-07-27,3945028.595930962,PARTIAL,3
2022-07-28,3956758.3308373606,PARTIAL,3
2022-07-29,3946138.234859948,PARTIAL,3
2022-08-01,3945432.5095263105,PARTIAL,3
2022-08-02,3960677.989912402,PARTIAL,3
2022-08-03,3950406.467964379,PARTIAL,3
2022-08-04,3960467.9403791614,PARTIAL,3
2022-08-05,3954300.277976948,PARTIAL,3
2022-08-08,3966424.49855096,PARTIAL,3
2022-08-10,3961238.587166435,PARTIAL,3
2022-08-11,3953441.04139908,PARTIAL,3
2022-08-12,3953731.073286361,PARTIAL,3
2022-08-16,3991388.0872730296,BULL,5
2022-08-17,4006042.740782483,BULL,5
2022-08-18,4022165.31883654,BULL,5
2022-08-19,3966731.2367046345,BULL,5
2022-08-22,3907669.7605286627,BULL,5
2022-08-23,3947687.2616787935,BULL,5
2022-08-24,3966321.5541683137,BULL,5
2022-08-25,3966765.1528327377,BULL,5
2022-08-26,3965072.130476036,BULL,5
2022-08-29,3937013.4955469007,BULL,5
2022-08-30,4038482.638615369,BULL,5
2022-09-01,4028347.2509754756,BULL,5
2022-09-02,4030498.0137157124,BULL,5
2022-09-05,4050143.575525073,BULL,5
2022-09-06,4048794.8398832073,BULL,5
2022-09-07,4035319.0969785177,BULL,5
2022-09-08,4059839.6595638385,BULL,5
2022-09-09,4075789.815284204,BULL,5
2022-09-12,4091394.47499965,BULL,5
2022-09-13,4120091.982996463,BULL,5
2022-09-14,4130681.661317613,BULL,5
2022-09-15,4132528.6988912676,BULL,5
2022-09-16,4045498.6505318927,BULL,5
2022-09-19,4067247.956486954,BULL,5
2022-09-20,4117805.0342920795,BULL,5
2022-09-21,4106155.7738838308,BULL,5
2022-09-22,4127814.0720262104,BULL,5
2022-09-23,4062880.7227441347,BULL,5
2022-09-26,3955322.0760849183,BULL,5
2022-09-27,3956200.1598060257,BULL,5
2022-09-28,3942249.2649571467,BULL,5
2022-09-29,3948720.8300303537,BULL,5
2022-09-30,3989247.8536991994,BULL,5
2022-10-03,3924889.308389584,PARTIAL,3
2022-10-04,3974476.589698105,PARTIAL,3
2022-10-06,3984054.714077431,PARTIAL,3
2022-10-07,3974646.7891167747,PARTIAL,3
2022-10-10,3952729.6252784156,BULL,5
2022-10-11,3904759.809001736,BULL,5
2022-10-12,3944821.984775396,BULL,5
2022-10-13,3923655.521097806,BULL,5
2022-10-14,3940734.867675335,BULL,5
2022-10-17,3953343.126012775,PARTIAL,3
2022-10-18,3985635.7956794747,PARTIAL,3
2022-10-19,3985283.867376468,PARTIAL,3
2022-10-20,4004474.7699915553,PARTIAL,3
2022-10-21,4004795.690662775,PARTIAL,3
2022-10-24,4019655.2197811045,BULL,5
2022-10-25,4025915.834759103,BULL,5
2022-10-27,4049676.8165159626,BULL,5
2022-10-28,4044969.469138228,BULL,5
2022-10-31,4080301.450641278,BULL,5
2022-11-01,4090872.980040086,BULL,5
2022-11-02,4074164.4618522543,BULL,5
2022-11-03,4096686.341765777,BULL,5
2022-11-04,4101312.6661166633,BULL,5
2022-11-07,4160136.152053268,BULL,5
2022-11-09,4188570.0821571164,BULL,5
2022-11-10,4156997.4891200336,BULL,5
2022-11-11,4163475.701925342,BULL,5
2022-11-14,4138693.0990650747,BULL,5
2022-11-15,4153878.2237157323,BULL,5
2022-11-16,4159973.024292968,BULL,5
2022-11-17,4173854.0345040816,BULL,5
2022-11-18,4193686.0375155434,BULL,5
2022-11-21,4213600.204855916,BULL,5
2022-11-22,4250837.199458857,BULL,5
2022-11-23,4273716.095790485,BULL,5
2022-11-24,4309659.974192062,BULL,5
2022-11-25,4314995.381476978,BULL,5
2022-11-28,4322666.188367629,BULL,5
2022-11-29,4320024.126257913,BULL,5
2022-11-30,4309529.381006376,BULL,5
2022-12-01,4347268.854586327,BULL,5
2022-12-02,4352440.046966234,BULL,5
2022-12-05,4382825.835198746,BULL,5
2022-12-06,4396579.841009388,BULL,5
2022-12-07,4393176.437417302,BULL,5
2022-12-08,4493583.483317668,BULL,5
2022-12-09,4464815.696960221,BULL,5
2022-12-12,4503756.136127409,BULL,5
2022-12-13,4593693.836681344,BULL,5
2022-12-14,4624161.427024356,BULL,5
2022-12-15,4552299.936205216,BULL,5
2022-12-16,4468438.349861456,BULL,5
2022-12-19,4500873.019723122,BULL,5
2022-12-20,4485950.302140439,BULL,5
2022-12-21,4413933.274512925,BULL,5
2022-12-22,4364157.706844497,BULL,5
2022-12-23,4219149.117791222,BULL,5
2022-12-26,4387878.406701524,BEAR,0
2022-12-27,4388118.838395042,BEAR,0
2022-12-28,4388359.2832629,BEAR,0
2022-12-29,4388599.741305819,BEAR,0
2022-12-30,4388840.212524521,BEAR,0
2023-01-02,4389020.696919728,PARTIAL,3
2023-01-03,4398353.200972519,PARTIAL,3
2023-01-04,4356916.014307505,PARTIAL,3
2023-01-05,4368196.18871616,PARTIAL,3
2023-01-06,4355410.494995833,PARTIAL,3
2023-01-09,4381358.741326196,BEAR,0
2023-01-10,4381598.815777776,BEAR,0
2023-01-11,4381838.90338412,BEAR,0
2023-01-12,4382079.00414595,BEAR,0
2023-01-13,4382319.118063985,BEAR,0
2023-01-16,4382499.245138947,PARTIAL,3
2023-01-17,4355114.460746296,PARTIAL,3
2023-01-18,4328052.458167894,PARTIAL,3
2023-01-19,4329773.8787704175,PARTIAL,3
2023-01-20,4339708.355638528,PARTIAL,3
2023-01-23,4347221.089122949,PARTIAL,3
2023-01-24,4324720.744401397,PARTIAL,3
2023-01-25,4269390.138374178,PARTIAL,3
2023-01-27,4193188.409926449,PARTIAL,3
2023-01-30,4180853.427347743,BEAR,0
2023-01-31,4181082.515206776,BEAR,0
2023-02-01,4181311.6156185684,BEAR,0
2023-02-02,4181540.728583808,BEAR,0
2023-02-03,4181769.854103183,BEAR,0
2023-02-06,4181998.9921773807,BEAR,0
2023-02-07,4182228.1428070893,BEAR,0
2023-02-08,4182457.305992997,BEAR,0
2023-02-09,4182686.481735791,BEAR,0
2023-02-10,4182915.6700361604,BEAR,0
2023-02-13,4183144.870894793,BEAR,0
2023-02-14,4183374.0843123766,BEAR,0
2023-02-15,4183603.3102895995,BEAR,0
2023-02-16,4183832.54882715,BEAR,0
2023-02-17,4184061.799925716,BEAR,0
2023-02-20,4184291.0635859864,BEAR,0
2023-02-21,4184520.339808649,BEAR,0
2023-02-22,4184749.628594392,BEAR,0
2023-02-23,4184978.9299439043,BEAR,0
2023-02-24,4185208.243857874,BEAR,0
2023-02-27,4185437.57033699,BEAR,0
2023-02-28,4185666.9093819405,BEAR,0
2023-03-01,4185896.2609934136,BEAR,0
2023-03-02,4186125.6251720986,BEAR,0
2023-03-03,4186355.0019186838,BEAR,0
2023-03-06,4186584.3912338577,BEAR,0
2023-03-08,4186813.793118309,BEAR,0
2023-03-09,4187043.207572727,BEAR,0
2023-03-10,4187272.6345977997,BEAR,0
2023-03-13,4187502.074194216,BEAR,0
2023-03-14,4187731.5263626655,BEAR,0
2023-03-15,4187960.9911038363,BEAR,0
2023-03-16,4188190.4684184175,BEAR,0
2023-03-17,4188419.958307098,BEAR,0
2023-03-20,4188649.4607705674,BEAR,0
2023-03-21,4188878.975809514,BEAR,0
2023-03-22,4189108.5034246272,BEAR,0
2023-03-23,4189338.043616596,BEAR,0
2023-03-24,4189567.5963861095,BEAR,0
2023-03-27,4189797.161733857,BEAR,0
2023-03-28,4190026.7396605276,BEAR,0
2023-03-29,4190256.3301668107,BEAR,0
2023-03-31,4190485.9332533954,BEAR,0
2023-04-03,4190715.5489209713,BEAR,0
2023-04-05,4190945.1771702277,BEAR,0
2023-04-06,4191174.818001854,BEAR,0
2023-04-10,4191404.471416539,BEAR,0
2023-04-11,4191634.137414973,BEAR,0
2023-04-12,4191863.8159978455,BEAR,0
2023-04-13,4192093.5071658455,BEAR,0
2023-04-17,4192263.2109196642,PARTIAL,3
2023-04-18,4202284.151125481,PARTIAL,3
2023-04-19,4177037.0276302686,PARTIAL,3
2023-04-20,4178702.6635941705,PARTIAL,3
2023-04-21,4172690.108867513,PARTIAL,3
2023-04-24,4172111.5656387797,BEAR,0
2023-04-25,4172340.174491692,BEAR,0
2023-04-26,4172568.795871116,BEAR,0
2023-04-27,4172797.4297777396,BEAR,0
2023-04-28,4173026.0762122483,BEAR,0
2023-05-02,4173194.7351753283,PARTIAL,3
2023-05-03,4164619.9948521783,PARTIAL,3
2023-05-04,4153916.057972736,PARTIAL,3
2023-05-05,4164729.687423963,PARTIAL,3
2023-05-08,4189744.2958965544,PARTIAL,3
2023-05-09,4184870.757248573,PARTIAL,3
2023-05-10,4193391.208320139,PARTIAL,3
2023-05-11,4191473.594717695,PARTIAL,3
2023-05-12,4187965.055436042,PARTIAL,3
2023-05-15,4204727.7365049515,BULL,5
2023-05-16,4213758.26248775,BULL,5
2023-05-17,4226266.14360913,BULL,5
2023-05-18,4215545.713024441,BULL,5
2023-05-19,4252673.386565375,BULL,5
2023-05-22,4242182.089648104,BULL,5
2023-05-23,4252623.019499731,BULL,5
2023-05-24,4249709.054009611,BULL,5
2023-05-25,4276268.269307611,BULL,5
2023-05-26,4297020.564454055,BULL,5
2023-05-29,4336343.516321924,BULL,5
2023-05-30,4365204.650516953,BULL,5
2023-05-31,4342307.647409694,BULL,5
2023-06-01,4327005.3695786055,BULL,5
2023-06-02,4357904.361010217,BULL,5
2023-06-05,4365262.294007327,BULL,5
2023-06-06,4374909.93706555,BULL,5
2023-06-07,4398390.346725634,BULL,5
2023-06-08,4352990.097314694,BULL,5
2023-06-09,4358123.706301125,BULL,5
2023-06-12,4383500.041481511,BULL,5
2023-06-13,4433904.13611907,BULL,5
2023-06-14,4448687.249844986,BULL,5
2023-06-15,4475160.203593038,BULL,5
2023-06-16,4514771.748191603,BULL,5
2023-06-19,4485884.746447979,BULL,5
2023-06-20,4487618.498388271,BULL,5
2023-06-21,4475882.209780573,BULL,5
2023-06-22,4424092.856233831,BULL,5
2023-06-23,4418294.179967093,BULL,5
2023-06-26,4432446.129232435,BULL,5
2023-06-27,4426904.167277456,BULL,5
2023-06-28,4454139.254671781,BULL,5
2023-06-30,4498554.444618775,BULL,5
2023-07-03,4531478.393434434,BULL,5
2023-07-04,4535245.159004246,BULL,5
2023-07-05,4586111.195117033,BULL,5
2023-07-06,4608730.108592182,BULL,5
2023-07-07,4579300.406870319,BULL,5
2023-07-10,4555225.91410533,BULL,5
2023-07-11,4595849.7862119,BULL,5
2023-07-12,4595152.126762488,BULL,5
2023-07-13,4593279.083213615,BULL,5
2023-07-14,4639194.1502211625,BULL,5
2023-07-17,4644309.605299107,BULL,5
2023-07-18,4637274.404871031,BULL,5
2023-07-19,4683764.345575215,BULL,5
2023-07-20,4707193.127309653,BULL,5
2023-07-21,4641623.4104744,BULL,5
2023-07-24,4618224.317515258,BULL,5
2023-07-25,4618351.463763279,BULL,5
2023-07-26,4643060.9062214065,BULL,5
2023-07-27,4630445.744331906,BULL,5
2023-07-28,4644477.787482746,BULL,5
2023-07-31,4668653.554154761,BULL,5
2023-08-01,4670376.287198677,BULL,5
2023-08-02,4616726.468980953,BULL,5
2023-08-03,4569723.679619881,BULL,5
2023-08-04,4609445.820491839,BULL,5
2023-08-07,4615836.778319002,BULL,5
2023-08-08,4613855.181071474,BULL,5
2023-08-09,4624412.505623164,BULL,5
2023-08-10,4579609.209968365,BULL,5
2023-08-11,4581122.781914223,BULL,5
2023-08-14,4552733.489371801,BULL,5
2023-08-16,4571401.524302778,BULL,5
2023-08-17,4543795.963168074,BULL,5
2023-08-18,4505895.474504552,BULL,5
2023-08-21,4534204.075578588,BULL,5
2023-08-22,4552622.695050005,BULL,5
2023-08-23,4568289.8802372115,BULL,5
2023-08-24,4550505.743401513,BULL,5
2023-08-25,4509929.702861666,BULL,5
2023-08-28,4537355.351579941,BULL,5
2023-08-29,4548610.735726488,BULL,5
2023-08-30,4568968.9722328475,BULL,5
2023-08-31,4570698.350100707,BULL,5
2023-09-01,4599769.935021963,BULL,5
2023-09-04,4625635.746972138,BULL,5
2023-09-05,4667581.30280037,BULL,5
2023-09-06,4678119.296240037,BULL,5
2023-09-07,4688404.469353219,BULL,5
2023-09-08,4708580.570454586,BULL,5
2023-09-11,4765262.025926466,BULL,5
2023-09-12,4677467.36105032,BULL,5
2023-09-13,4688235.138284951,BULL,5
2023-09-14,4724040.367769341,BULL,5
2023-09-15,4747992.150914441,BULL,5
2023-09-18,4755261.245764453,BULL,5
2023-09-20,4731961.891102853,BULL,5
2023-09-21,4677471.955841534,BULL,5
2023-09-22,4660076.153215122,BULL,5
2023-09-25,4659572.622722674,BULL,5
2023-09-26,4675819.228806122,BULL,5
2023-09-27,4711045.58649226,BULL,5
2023-09-28,4674671.534628687,BULL,5
2023-09-29,4722426.149799702,BULL,5
2023-10-03,4716899.698978311,BULL,5
2023-10-04,4654960.293335196,BULL,5
2023-10-05,4657514.011037801,BULL,5
2023-10-06,4687678.053699726,BULL,5
2023-10-09,4623939.986562589,BULL,5
2023-10-10,4675064.995363698,BULL,5
2023-10-11,4713745.021576706,BULL,5
2023-10-12,4727682.936196519,BULL,5
2023-10-13,4728149.624273187,BULL,5
2023-10-16,4745396.68208993,BULL,5
2023-10-17,4768172.225684032,BULL,5
2023-10-18,4759456.206796265,BULL,5
2023-10-19,4760476.493634226,BULL,5
2023-10-20,4709920.11246147,BULL,5
2023-10-23,4602818.0136649925,BULL,5
2023-10-25,4566424.840119224,BULL,5
2023-10-26,4525919.856566565,BULL,5
2023-10-27,4598547.018017616,BULL,5
2023-10-30,4592022.441473506,BEAR,0
2023-10-31,4592274.0591415325,BEAR,0
2023-11-01,4592525.690596828,BEAR,0
2023-11-02,4592777.335840149,BEAR,0
2023-11-03,4593028.99487225,BEAR,0
2023-11-06,4593220.667693887,PARTIAL,3
2023-11-07,4599572.583105912,PARTIAL,3
2023-11-08,4620927.572692762,PARTIAL,3
2023-11-09,4619816.712628405,PARTIAL,3
2023-11-10,4633015.994492777,PARTIAL,3
2023-11-13,4666645.618171742,BULL,5
2023-11-15,4721065.984082686,BULL,5
2023-11-16,4743514.556594938,BULL,5
2023-11-17,4742845.258939219,BULL,5
2023-11-20,4746153.078215002,BULL,5
2023-11-21,4740882.384583221,BULL,5
2023-11-22,4731494.677229288,BULL,5
2023-11-23,4744569.489488815,BULL,5
2023-11-24,4751375.363502836,BULL,5
2023-11-28,4766423.85408699,BULL,5
2023-11-29,4798632.158409342,BULL,5
2023-11-30,4843652.347837197,BULL,5
2023-12-01,4904667.49931633,BULL,5
2023-12-04,5009065.479833306,BULL,5
2023-12-05,5042475.473610682,BULL,5
2023-12-06,5054798.957980811,BULL,5
2023-12-07,5085643.9786399165,BULL,5
2023-12-08,5059176.933425328,BULL,5
2023-12-11,5103249.658514967,BULL,5
2023-12-12,5081270.689115259,BULL,5
2023-12-13,5133743.905388396,BULL,5
2023-12-14,5185199.686266388,BULL,5
2023-12-15,5237910.592843567,BULL,5
2023-12-18,5245658.940043133,BULL,5
2023-12-19,5252699.332818431,BULL,5
2023-12-20,5105091.65667214,BULL,5
2023-12-21,5176281.576339605,BULL,5
2023-12-22,5220101.279262917,BULL,5
2023-12-26,5260620.181404627,BULL,5
2023-12-27,5265617.544552639,BULL,5
2023-12-28,5323230.2282883655,BULL,5
2023-12-29,5331320.224674332,BULL,5
2024-01-01,5354796.677395167,BULL,5
2024-01-02,5348509.577289401,BULL,5
2024-01-03,5356518.380988184,BULL,5
2024-01-04,5422921.700712131,BULL,5
2024-01-05,5448868.7789035775,BULL,5
2024-01-08,5425288.050202653,BULL,5
2024-01-09,5442828.323385177,BULL,5
2024-01-10,5424790.933511566,BULL,5
2024-01-11,5445099.270093092,BULL,5
2024-01-12,5470705.45268093,BULL,5
2024-01-15,5514616.146440492,BULL,5
2024-01-16,5522969.584395495,BULL,5
2024-01-17,5484415.624047682,BULL,5
2024-01-18,5466732.194778093,BULL,5
2024-01-19,5571124.277858468,BULL,5
2024-01-23,5461100.649436479,BULL,5
2024-01-24,5552546.418969849,BULL,5
2024-01-25,5568416.246431998,BULL,5
2024-01-29,5690422.370665149,BULL,5
2024-01-30,5678550.054963446,BULL,5
2024-01-31,5751348.226451864,BULL,5
2024-02-01,5761666.566224743,BULL,5
2024-02-02,5855725.690520967,BULL,5
2024-02-05,5882167.417303562,BULL,5
2024-02-06,5926757.058490866,BULL,5
2024-02-07,5936478.479567047,BULL,5
2024-02-08,5960157.438855701,BULL,5
2024-02-09,5880356.441726249,BULL,5
2024-02-12,5673051.831514837,BULL,5
2024-02-13,5728110.7087219665,BULL,5
2024-02-14,5804829.015308807,BULL,5
2024-02-15,5904525.200113212,BULL,5
2024-02-16,5929748.478670464,BULL,5
2024-02-19,5947012.708284089,BULL,5
2024-02-20,5953404.273855629,BULL,5
2024-02-21,5878741.819660822,BULL,5
2024-02-22,5943502.496965339,BULL,5
2024-02-23,5965006.124402806,BULL,5
2024-02-26,5965338.772393349,BULL,5
2024-02-27,5960356.708677044,BULL,5
2024-02-28,5876461.918145511,BULL,5
2024-02-29,5898517.412727937,BULL,5
2024-03-01,5983868.806366582,BULL,5
2024-03-04,6080688.098758576,BULL,5
2024-03-05,6101971.846128849,BULL,5
2024-03-06,6079024.434918753,BULL,5
2024-03-07,6115947.054084734,BULL,5
2024-03-11,6065435.037829146,BULL,5
2024-03-12,5980273.912343942,BULL,5
2024-03-13,5733913.129014567,BULL,5
2024-03-14,5824036.551048495,BULL,5
2024-03-15,5752793.941150103,BULL,5
2024-03-18,5767113.725251205,BULL,5
2024-03-19,5674723.397805996,BULL,5
2024-03-20,5666703.136899687,BULL,5
2024-03-21,5740292.483108587,BULL,5
2024-03-22,5814586.69412599,BULL,5
2024-03-26,5821509.188138141,BULL,5
2024-03-27,5827303.286283481,BULL,5
2024-03-28,5879180.199025962,BULL,5
2024-04-01,5937806.6511915205,BULL,5
2024-04-02,5954427.828621337,BULL,5
2024-04-03,5973435.283751856,BULL,5
2024-04-04,5994580.194600327,BULL,5
2024-04-05,6052589.340709465,BULL,5
2024-04-08,6091046.718596819,BULL,5
2024-04-09,6112574.109432653,BULL,5
2024-04-10,6122200.522705323,BULL,5
2024-04-12,6078847.501421572,BULL,5
2024-04-15,6006984.74240933,BULL,5
2024-04-16,5986579.126413509,BULL,5
2024-04-18,5980740.092755075,BULL,5
2024-04-19,6000255.079300601,BULL,5
2024-04-22,6009295.78914747,BULL,5
2024-04-23,5961742.461996697,BULL,5
2024-04-24,5988714.654132421,BULL,5
2024-04-25,6056134.681794683,BULL,5
2024-04-26,6090354.54166229,BULL,5
2024-04-29,6076382.218614387,BULL,5
2024-04-30,6133832.119306246,BULL,5
2024-05-02,6196067.881970413,BULL,5
2024-05-03,6163256.598265428,BULL,5
2024-05-06,6149583.792342773,BULL,5
2024-05-07,6057703.058732806,BULL,5
2024-05-08,6125366.654783888,BULL,5
2024-05-09,6059612.367767617,BULL,5
2024-05-10,6111535.668760035,BULL,5
2024-05-13,6074016.000046973,BULL,5
2024-05-14,6133319.784788067,BULL,5
2024-05-15,6150244.546961787,BULL,5
2024-05-16,6194248.144620692,BULL,5
2024-05-17,6250119.255102015,BULL,5
2024-05-21,6307083.043846112,BULL,5
2024-05-22,6325906.2299710885,BULL,5
2024-05-23,6371671.885421465,BULL,5
2024-05-24,6359947.558582921,BULL,5
2024-05-27,6353235.217638771,BULL,5
2024-05-28,6329459.324813785,BULL,5
2024-05-29,6318193.159864559,BULL,5
2024-05-30,6257165.040461557,BULL,5
2024-05-31,6263302.969543783,BULL,5
2024-06-03,6389750.458403622,BULL,5
2024-06-04,6202941.523495262,BULL,5
2024-06-05,6278482.513886339,BULL,5
2024-06-06,6363034.645619596,BULL,5
2024-06-07,6439066.992956684,BULL,5
2024-06-10,6414193.249604155,BULL,5
2024-06-11,6421360.140972335,BULL,5
2024-06-12,6445248.206637792,BULL,5
2024-06-13,6481013.274618688,BULL,5
2024-06-14,6540400.12349962,BULL,5
2024-06-18,6541592.572984336,BULL,5
2024-06-19,6461210.825753476,BULL,5
2024-06-20,6455039.017563952,BULL,5
2024-06-21,6417458.832072862,BULL,5
2024-06-24,6461358.758900199,BULL,5
2024-06-25,6446995.428920265,BULL,5
2024-06-26,6420087.955717758,BULL,5
2024-06-27,6445040.006220924,BULL,5
2024-06-28,6465495.112381613,BULL,5
2024-07-01,6499405.397926361,BULL,5
2024-07-02,6466637.846130795,BULL,5
2024-07-03,6499374.296760807,BULL,5
2024-07-04,6550360.923039705,BULL,5
2024-07-05,6587754.33095908,BULL,5
2024-07-08,6582339.167735496,BULL,5
2024-07-09,6641117.745109536,BULL,5
2024-07-10,6594698.863202081,BULL,5
2024-07-11,6593693.088483341,BULL,5
2024-07-12,6576913.236149061,BULL,5
2024-07-15,6624494.154046893,BULL,5
2024-07-16,6622446.30699788,BULL,5
2024-07-18,6597048.947338622,BULL,5
2024-07-19,6465761.460935635,BULL,5
2024-07-22,6517665.185956126,BULL,5
2024-07-23,6427425.517257862,BULL,5
2024-07-24,6407680.843981604,BULL,5
2024-07-25,6397921.015167152,BULL,5
2024-07-26,6498942.224297868,BULL,5
2024-07-29,6506278.075619008,BULL,5
2024-07-30,6513280.340371926,BULL,5
2024-07-31,6553937.550247743,BULL,5
2024-08-01,6541715.284091949,BULL,5
2024-08-02,6423131.789094808,BULL,5
2024-08-05,6300970.842180187,BULL,5
2024-08-06,6227174.919049094,BULL,5
2024-08-07,6333596.40373404,BULL,5
2024-08-08,6334618.379053835,BULL,5
2024-08-09,6378698.46553079,BULL,5
2024-08-12,6354852.700553745,BULL,5
2024-08-13,6327948.834962823,BULL,5
2024-08-14,6321104.175907315,BULL,5
2024-08-16,6411673.796900035,BULL,5
2024-08-19,6447461.554232413,BULL,5
2024-08-20,6476971.22547874,BULL,5
2024-08-21,6523071.963469316,BULL,5
2024-08-22,6542740.047158237,BULL,5
2024-08-23,6536971.053654751,BULL,5
2024-08-26,6562127.93417525,BULL,5
2024-08-27,6562410.23441632,BULL,5
2024-08-28,6601176.266781343,BULL,5
2024-08-29,6599969.019289316,BULL,5
2024-08-30,6665653.353233325,BULL,5
2024-09-02,6645533.202006089,BULL,5
2024-09-03,6645983.150370263,BULL,5
2024-09-04,6672184.937460089,BULL,5
2024-09-05,6664279.405740107,BULL,5
2024-09-06,6631222.723782336,BULL,5
2024-09-09,6632559.495097446,BULL,5
2024-09-10,6691498.4191319635,BULL,5
2024-09-11,6696005.681512756,BULL,5
2024-09-12,6776038.908229729,BULL,5
2024-09-13,6776170.314091329,BULL,5
2024-09-16,6779132.556880913,BULL,5
2024-09-17,6776905.38276042,BULL,5
2024-09-18,6704605.3364500925,BULL,5
2024-09-19,6694891.659619288,BULL,5
2024-09-20,6756142.662382203,BULL,5
2024-09-23,6811629.639472782,BULL,5
2024-09-24,6813508.181686499,BULL,5
2024-09-25,6801387.879849044,BULL,5
2024-09-26,6821644.787057234,BULL,5
2024-09-27,6869136.980891043,BULL,5
2024-09-30,6808724.73285936,BULL,5
2024-10-01,6811980.497187896,BULL,5
2024-10-03,6732859.296252292,BULL,5
2024-10-04,6721530.244022208,BULL,5
2024-10-07,6657298.782636065,PARTIAL,3
2024-10-08,6661000.2118737865,PARTIAL,3
2024-10-09,6681776.552441729,PARTIAL,3
2024-10-10,6647567.358904272,PARTIAL,3
2024-10-11,6660693.793383732,PARTIAL,3
2024-10-14,6678971.994858521,BULL,5
2024-10-15,6593241.93137627,BULL,5
2024-10-16,6583674.925204362,BULL,5
2024-10-17,6549592.561279418,BULL,5
2024-10-18,6553685.459606372,BULL,5
2024-10-21,6453096.268628107,PARTIAL,3
2024-10-22,6391419.858891876,PARTIAL,3
2024-10-23,6406071.887803836,PARTIAL,3
2024-10-24,6393206.506255835,PARTIAL,3
2024-10-25,6405456.891848654,PARTIAL,3
2024-10-28,6489632.2874768,BEAR,0
2024-10-29,6489987.883766525,BEAR,0
2024-10-30,6490343.499540979,BEAR,0
2024-10-31,6490699.1348012285,BEAR,0
2024-11-01,6491054.789548341,BEAR,0
2024-11-04,6491410.463783385,BEAR,0
2024-11-05,6491766.157507429,BEAR,0
2024-11-06,6492121.8707215395,BEAR,0
2024-11-07,6492477.603426785,BEAR,0
2024-11-08,6492833.355624233,BEAR,0
2024-11-11,6493189.127314953,BEAR,0
2024-11-12,6493544.918500012,BEAR,0
2024-11-13,6493900.729180478,BEAR,0
2024-11-14,6494256.55935742,BEAR,0
2024-11-18,6494612.409031905,BEAR,0
2024-11-19,6494968.278205004,BEAR,0
2024-11-21,6495324.166877782,BEAR,0
2024-11-22,6495680.07505131,BEAR,0
2024-11-25,6496036.002726655,BEAR,0
2024-11-26,6496391.949904888,BEAR,0
2024-11-27,6496747.916587075,BEAR,0
2024-11-28,6497103.9027742855,BEAR,0
2024-11-29,6497459.908467589,BEAR,0
2024-12-02,6497815.933668054,BEAR,0
2024-12-03,6498171.978376748,BEAR,0
2024-12-04,6498528.042594742,BEAR,0
2024-12-05,6498884.126323104,BEAR,0
2024-12-06,6499240.229562903,BEAR,0
2024-12-09,6499496.352315208,BULL,5
2024-12-10,6593562.095153239,BULL,5
2024-12-11,6617222.193060582,BULL,5
2024-12-12,6699424.958690673,BULL,5
2024-12-13,6735223.496845033,BULL,5
2024-12-16,6767904.463480964,BULL,5
2024-12-17,6838632.224457397,BULL,5
2024-12-18,6885141.271271768,BULL,5
2024-12-19,6796268.9129675785,BULL,5
2024-12-20,6618436.220820202,BULL,5
2024-12-23,6745825.556200938,BEAR,0
2024-12-24,6746195.190477991,BEAR,0
2024-12-26,6746564.845008976,BEAR,0
2024-12-27,6746934.519795004,BEAR,0
2024-12-30,6747304.214837185,BEAR,0
2024-12-31,6747673.930136628,BEAR,0
2025-01-01,6748043.665694444,BEAR,0
2025-01-02,6748413.421511743,BEAR,0
2025-01-03,6748783.197589635,BEAR,0
2025-01-06,6749152.99392923,BEAR,0
2025-01-07,6749522.810531638,BEAR,0
2025-01-08,6749892.647397969,BEAR,0
2025-01-09,6750262.504529334,BEAR,0
2025-01-10,6750632.381926843,BEAR,0
2025-01-13,6751002.279591607,BEAR,0
2025-01-14,6751372.197524736,BEAR,0
2025-01-15,6751742.13572734,BEAR,0
2025-01-16,6752112.094200531,BEAR,0
2025-01-17,6752482.072945419,BEAR,0
2025-01-20,6752852.071963115,BEAR,0
2025-01-21,6753222.09125473,BEAR,0
2025-01-22,6753592.130821374,BEAR,0
2025-01-23,6753962.190664159,BEAR,0
2025-01-24,6754332.270784196,BEAR,0
2025-01-27,6754702.371182596,BEAR,0
2025-01-28,6755072.49186047,BEAR,0
2025-01-29,6755442.632818928,BEAR,0
2025-01-30,6755812.794059083,BEAR,0
2025-01-31,6756182.9755820455,BEAR,0
2025-02-01,6756553.177388927,BEAR,0
2025-02-03,6756923.399480839,BEAR,0
2025-02-04,6757293.641858893,BEAR,0
2025-02-05,6757663.9045242015,BEAR,0
2025-02-06,6758034.187477875,BEAR,0
2025-02-07,6758404.490721025,BEAR,0
2025-02-10,6758774.814254764,BEAR,0
2025-02-11,6759145.1580802025,BEAR,0
2025-02-12,6759515.522198454,BEAR,0
2025-02-13,6759885.9066106295,BEAR,0
2025-02-14,6760256.3113178415,BEAR,0
2025-02-17,6760626.736321202,BEAR,0
2025-02-18,6760997.1816218225,BEAR,0
2025-02-19,6761367.647220816,BEAR,0
2025-02-20,6761738.133119294,BEAR,0
2025-02-21,6762108.63931837,BEAR,0
2025-02-24,6762479.165819155,BEAR,0
2025-02-25,6762849.712622762,BEAR,0
2025-02-27,6763220.279730303,BEAR,0
2025-02-28,6763590.8671428915,BEAR,0
2025-03-03,6763961.47486164,BEAR,0
2025-03-04,6764332.10288766,BEAR,0
2025-03-05,6764702.751222066,BEAR,0
2025-03-06,6765073.419865969,BEAR,0
2025-03-07,6765444.108820482,BEAR,0
2025-03-10,6765814.818086719,BEAR,0
2025-03-11,6766185.5476657925,BEAR,0
2025-03-12,6766556.297558816,BEAR,0
2025-03-13,6766927.067766902,BEAR,0
2025-03-17,6767297.858291164,BEAR,0
2025-03-18,6767668.669132715,BEAR,0
2025-03-19,6768039.500292668,BEAR,0
2025-03-20,6768410.351772137,BEAR,0
2025-03-21,6768781.223572235,BEAR,0
2025-03-24,6769152.115694075,BEAR,0
2025-03-25,6769523.028138771,BEAR,0
2025-03-26,6769893.960907436,BEAR,0
2025-03-27,6770264.9140011845,BEAR,0
2025-03-28,6770635.88742113,BEAR,0
2025-04-01,6771006.881168387,BEAR,0
2025-04-02,6771377.895244068,BEAR,0
2025-04-03,6771748.929649287,BEAR,0
2025-04-04,6772119.984385159,BEAR,0
2025-04-07,6772491.059452797,BEAR,0
2025-04-08,6772862.154853316,BEAR,0
2025-04-09,6773233.270587829,BEAR,0
2025-04-11,6773604.406657451,BEAR,0
2025-04-15,6773975.563063296,BEAR,0
2025-04-16,6774346.739806478,BEAR,0
2025-04-17,6774717.936888112,BEAR,0
2025-04-21,6775029.154309312,PARTIAL,3
2025-04-22,6797866.230083243,PARTIAL,3
2025-04-23,6769656.460389368,PARTIAL,3
2025-04-24,6765073.669608249,PARTIAL,3
2025-04-25,6762155.206584798,PARTIAL,3
2025-04-28,6744528.741077461,PARTIAL,3
2025-04-29,6768305.982437093,PARTIAL,3
2025-04-30,6753190.94083304,PARTIAL,3
2025-05-02,6747383.943986168,PARTIAL,3
2025-05-05,6760628.338282365,PARTIAL,3
2025-05-06,6794853.987313369,PARTIAL,3
2025-05-07,6784266.771751369,PARTIAL,3
2025-05-08,6776358.310091982,PARTIAL,3
2025-05-09,6778566.930652965,PARTIAL,3
2025-05-12,6733759.51486641,PARTIAL,3
2025-05-13,6753007.713404332,PARTIAL,3
2025-05-14,6750254.483991941,PARTIAL,3
2025-05-15,6732884.052196128,PARTIAL,3
2025-05-16,6747447.07578011,PARTIAL,3
2025-05-19,6754451.782280982,BULL,5
2025-05-20,6688334.550197577,BULL,5
2025-05-21,6805843.39196115,BULL,5
2025-05-22,6864578.574949042,BULL,5
2025-05-23,6871349.97148923,BULL,5
2025-05-26,6908681.885469068,BULL,5
2025-05-27,6936368.502793253,BULL,5
2025-05-28,6965003.3636234505,BULL,5
2025-05-29,6968682.288125072,BULL,5
2025-05-30,6948459.409062453,BULL,5
2025-06-02,6963086.249434319,BULL,5
2025-06-03,7008022.796070446,BULL,5
2025-06-04,7035088.24453398,BULL,5
2025-06-05,7111997.29691329,BULL,5
2025-06-06,7050418.108561504,BULL,5
2025-06-09,7031123.904267962,BULL,5
2025-06-10,7064272.71289586,BULL,5
2025-06-11,7001188.62811291,BULL,5
2025-06-12,6956835.214520992,BULL,5
2025-06-13,7026374.331452031,BULL,5
2025-06-16,7049866.500403862,BULL,5
2025-06-17,7057751.11502675,BULL,5
2025-06-18,7051383.898594437,BULL,5
2025-06-19,7001089.690612096,BULL,5
2025-06-20,7036726.923249272,BULL,5
2025-06-23,7123685.285645375,BULL,5
2025-06-24,7028542.450048791,BULL,5
2025-06-25,6958632.797525323,BULL,5
2025-06-26,6982784.592584793,BULL,5
2025-06-27,6966958.46269771,BULL,5
2025-06-30,6999148.962315246,BULL,5
2025-07-01,7036572.0506154215,BULL,5
2025-07-02,7023730.682693453,BULL,5
2025-07-03,7017881.531727199,BULL,5
2025-07-04,7051297.517358295,BULL,5
2025-07-07,7018559.532880524,BULL,5
2025-07-08,7015143.243010953,BULL,5
2025-07-09,7013706.375579084,BULL,5
2025-07-10,6959542.8348036,BULL,5
2025-07-11,6913119.230716854,BULL,5
2025-07-14,6901034.652843988,BULL,5
2025-07-15,6884435.131829142,BULL,5
2025-07-16,6868532.859228707,BULL,5
2025-07-17,6834386.6165368855,BULL,5
2025-07-18,6802382.345415086,BULL,5
2025-07-21,6834779.2176174745,BULL,5
2025-07-22,6859019.849808353,BULL,5
2025-07-23,6881410.518881201,BULL,5
2025-07-24,6806661.474458293,BULL,5
2025-07-25,6751199.670483138,BULL,5
2025-07-28,6671502.213597996,PARTIAL,3
2025-07-29,6683177.189705411,PARTIAL,3
2025-07-30,6709982.152790404,PARTIAL,3
2025-07-31,6665728.760680715,PARTIAL,3
2025-08-01,6637524.457431065,PARTIAL,3
2025-08-04,6690575.984496928,BEAR,0
2025-08-05,6690942.591400188,BEAR,0
2025-08-06,6691309.218391499,BEAR,0
2025-08-07,6691675.865471959,BEAR,0
2025-08-08,6692042.53264267,BEAR,0
2025-08-11,6692409.219904733,BEAR,0
2025-08-12,6692775.927259249,BEAR,0
2025-08-13,6693142.654707318,BEAR,0
2025-08-14,6693509.402250042,BEAR,0
2025-08-18,6693816.169888523,PARTIAL,3
2025-08-19,6688120.033864545,PARTIAL,3
2025-08-20,6643291.055892081,PARTIAL,3
2025-08-21,6631535.769794127,PARTIAL,3
2025-08-22,6623250.2013797145,PARTIAL,3
2025-08-25,6654912.9550976865,BULL,5
2025-08-26,6658474.825905531,BULL,5
2025-08-28,6663785.70637043,BULL,5
2025-08-29,6702792.796322472,BULL,5
2025-09-01,6835395.123739961,BEAR,0
2025-09-02,6835769.665938522,BEAR,0
2025-09-03,6836144.228659944,BEAR,0
2025-09-04,6836518.811905351,BEAR,0
2025-09-05,6836893.415675866,BEAR,0
2025-09-08,6837208.039972616,PARTIAL,3
2025-09-09,6832503.946035096,PARTIAL,3
2025-09-10,6785564.7002317095,PARTIAL,3
2025-09-11,6790566.378301337,PARTIAL,3
2025-09-12,6843091.650308406,PARTIAL,3
2025-09-15,6836076.098730987,BULL,5
2025-09-16,6892991.512954669,BULL,5
2025-09-17,6886596.84249662,BULL,5
2025-09-18,6866190.725951189,BULL,5
2025-09-19,6884873.049570613,BULL,5
2025-09-22,6964303.7315642955,BULL,5
2025-09-23,7018278.608664174,BULL,5
2025-09-24,6983861.396379023,BULL,5
2025-09-25,6975802.755208557,BULL,5
2025-09-26,7009971.128142771,BULL,5
2025-09-29,7190506.180363607,BEAR,0
2025-09-30,7190900.180702257,BEAR,0
2025-10-01,7191294.202629968,BEAR,0
2025-10-03,7191688.24614792,BEAR,0
2025-10-06,7191982.311257299,BULL,5
2025-10-07,7233745.595689407,BULL,5
2025-10-08,7216169.608315562,BULL,5
2025-10-09,7286895.371151407,BULL,5
2025-10-10,7276650.597076526,BULL,5
2025-10-13,7308624.877129104,BULL,5
2025-10-14,7352593.619429057,BULL,5
2025-10-15,7328500.418787747,BULL,5
2025-10-16,7261880.789837254,BULL,5
2025-10-17,7287898.009375956,BULL,5
2025-10-20,7157463.62361951,BULL,5
2025-10-21,7192809.390202547,BULL,5
2025-10-23,7067950.542375728,BULL,5
2025-10-24,6929430.596945984,BULL,5
2025-10-27,7040937.780773582,BULL,5
2025-10-28,6977035.04986887,BULL,5
2025-10-29,7075305.364751171,BULL,5
2025-10-30,7067351.520609987,BULL,5
2025-10-31,7087838.378965492,BULL,5
2025-11-03,7100637.832561955,BULL,5
2025-11-04,7021154.520041405,BULL,5
2025-11-06,7013430.148527922,BULL,5
2025-11-07,6984174.233800173,BULL,5
2025-11-10,7073189.982244392,BULL,5
2025-11-11,7095988.902776042,BULL,5
2025-11-12,7166374.587969058,BULL,5
2025-11-13,7219931.4516754355,BULL,5
2025-11-14,7196885.342365424,BULL,5
2025-11-17,7161546.486593731,BULL,5
2025-11-18,7117485.015058729,BULL,5
2025-11-19,7227751.188102399,BULL,5
2025-11-20,7157022.577107309,BULL,5
2025-11-21,7045499.6089135455,BULL,5
2025-11-24,7072875.478033349,BULL,5
2025-11-25,7172638.679302286,BULL,5
2025-11-26,7241371.18288279,BULL,5
2025-11-27,7263723.564080258,BULL,5
2025-11-28,7278791.987871539,BULL,5
2025-12-01,7409133.603532063,BULL,5
2025-12-02,7382223.237446449,BULL,5
2025-12-03,7293063.3512337515,BULL,5
2025-12-04,7277450.335626429,BULL,5
2025-12-05,7361651.557805196,BULL,5
2025-12-08,7258189.813931253,BULL,5
2025-12-09,7307415.053133729,BULL,5
2025-12-10,7318013.425008517,BULL,5
2025-12-11,7380262.420746452,BULL,5
2025-12-12,7473430.658894871,BULL,5
2025-12-15,7519545.393537242,BULL,5
2025-12-16,7484222.804229746,BULL,5
2025-12-17,7378252.115900742,BULL,5
2025-12-18,7394673.256587637,BULL,5
2025-12-19,7396982.5887795575,BULL,5
2025-12-22,7511161.370048933,BULL,5
2025-12-23,7539104.189440864,BULL,5
2025-12-24,7595380.082128639,BULL,5
2025-12-26,7710985.859319913,BULL,5
2025-12-29,7646264.729656974,BULL,5
2025-12-30,7672817.293955309,BULL,5
2025-12-31,7723821.8445744505,BULL,5
2026-01-01,7722271.852830486,BULL,5
2026-01-02,7860867.332301242,BULL,5
2026-01-05,7915707.178854113,BULL,5
2026-01-06,7993991.968127766,BULL,5
2026-01-07,7997423.328900438,BULL,5
2026-01-08,7811894.6618366055,BULL,5
2026-01-09,7869509.298286125,BULL,5
2026-01-12,8068217.8080803845,BEAR,0
2026-01-13,8068659.902206855,BEAR,0
2026-01-14,8069102.020557662,BEAR,0
2026-01-15,8069544.163134131,BEAR,0
2026-01-16,8069986.32993759,BEAR,0
2026-01-19,8070428.5209693685,BEAR,0
2026-01-20,8070870.7362307925,BEAR,0
2026-01-21,8071312.975723189,BEAR,0
2026-01-22,8071755.239447887,BEAR,0
2026-01-23,8072197.527406214,BEAR,0
2026-01-27,8072639.839599497,BEAR,0
2026-01-28,8073082.176029065,BEAR,0
2026-01-29,8073524.536696245,BEAR,0
2026-01-30,8073966.921602366,BEAR,0
2026-02-02,8074409.3307487555,BEAR,0
2026-02-03,8074851.764136742,BEAR,0
2026-02-04,8075294.221767654,BEAR,0
2026-02-05,8075736.70364282,BEAR,0
2026-02-06,8076179.209763568,BEAR,0
2026-02-09,8076561.740131225,PARTIAL,3
2026-02-10,8108793.0046641175,PARTIAL,3
2026-02-11,8123919.790926211,PARTIAL,3
2026-02-12,8125977.87094062,PARTIAL,3
2026-02-13,8023556.070165234,PARTIAL,3
2026-02-16,8051506.170791526,BEAR,0
2026-02-17,8051947.349211845,BEAR,0
2026-02-18,8052388.551806322,BEAR,0
2026-02-19,8052829.778576285,BEAR,0
2026-02-20,8053271.029523057,BEAR,0
2026-02-23,8053712.304647963,BEAR,0
2026-02-24,8054153.603952328,BEAR,0
2026-02-25,8054594.927437477,BEAR,0
2026-02-26,8055036.275104734,BEAR,0
2026-02-27,8055477.646955425,BEAR,0
2026-03-02,8055919.042990875,BEAR,0
2026-03-04,8056360.46321241,BEAR,0
2026-03-05,8056801.907621354,BEAR,0
2026-03-06,8057243.376219032,BEAR,0
2026-03-09,8057684.869006771,BEAR,0
2026-03-10,8058126.385985895,BEAR,0
2026-03-11,8058567.927157731,BEAR,0
2026-03-12,8059009.492523603,BEAR,0
2026-03-13,8059451.082084838,BEAR,0
2026-03-16,8059892.695842762,BEAR,0
2026-03-17,8060334.333798699,BEAR,0
2026-03-18,8060775.995953976,BEAR,0
2026-03-19,8061217.682309919,BEAR,0
2026-03-20,8061659.392867855,BEAR,0
2026-03-23,8062101.127629109,BEAR,0
2026-03-24,8062542.886595007,BEAR,0
2026-03-25,8062984.669766876,BEAR,0
2026-03-27,8063426.477146042,BEAR,0
2026-03-30,8063868.308733831,BEAR,0
2026-04-01,8064310.164531571,BEAR,0
2026-04-02,8064752.044540587,BEAR,0
2026-04-06,8065193.948762206,BEAR,0
2026-04-07,8065635.8771977555,BEAR,0
2026-04-08,8066077.829848561,BEAR,0
2026-04-09,8066519.806715951,BEAR,0
2026-04-10,8066961.807801251,BEAR,0
2026-04-13,8067403.833105789,BEAR,0
2026-04-15,8067845.882630891,BEAR,0
2026-04-16,8068287.956377885,BEAR,0
2026-04-17,8068730.054348098,BEAR,0
2026-04-20,8069112.176542856,PARTIAL,3
2026-04-21,8106637.529641839,PARTIAL,3
2026-04-22,8134958.493190365,PARTIAL,3
2026-04-23,8128403.611379428,PARTIAL,3
2026-04-24,8154086.006137333,PARTIAL,3
2026-04-27,8171078.079941433,BEAR,0
2026-04-28,8171525.810247184,BEAR,0
2026-04-29,8171973.565086102,BEAR,0
2026-04-30,8172421.344459532,BEAR,0
2026-05-01,8172869.148368818,BEAR,0
2026-05-04,8173316.976815305,BEAR,0
2026-05-05,8173764.829800337,BEAR,0
2026-05-06,8174212.707325257,BEAR,0
2026-05-07,8174660.609391413,BEAR,0
2026-05-08,8175108.536000147,BEAR,0
2026-05-11,8175496.4871528065,PARTIAL,3
2026-05-12,8208109.970593287,PARTIAL,3
2026-05-13,8287079.201084935,PARTIAL,3
2026-05-14,8282489.324518771,PARTIAL,3
2026-05-15,8298097.309993694,PARTIAL,3
2026-05-18,8299160.4651949,BEAR,0
2026-05-19,8299615.213713541,BEAR,0
2026-05-20,8300069.987149909,BEAR,0
2026-05-21,8300524.78550537,BEAR,0
2026-05-22,8300979.608781289,BEAR,0
2026-05-25,8301434.456979032,BEAR,0
2026-05-26,8301889.330099963,BEAR,0
2026-05-27,8302344.2281454485,BEAR,0
2026-05-28,8302799.1511168545,BEAR,0
2026-05-29,8303254.099015546,BEAR,0
2026-06-01,8303709.07184289,BEAR,0
2026-06-02,8304164.069600252,BEAR,0
2026-06-03,8304619.092288998,BEAR,0
2026-06-04,8305074.139910494,BEAR,0
2026-06-05,8305529.212466106,BEAR,0
2026-06-08,8305984.309957201,BEAR,0
2026-06-09,8306439.432385144,BEAR,0
2026-06-10,8306894.5797513025,BEAR,0
2026-06-11,8307349.752057043,BEAR,0
2026-06-12,8307804.949303731,BEAR,0
2026-06-15,8308260.171492735,BEAR,0
2026-06-16,8308715.41862542,BEAR,0
2026-06-17,8309170.690703154,BEAR,0
2026-06-18,8309625.987727302,BEAR,0
2026-06-19,8310081.309699233,BEAR,0
2026-06-22,8310476.656620313,PARTIAL,3
2026-06-23,8281738.980214134,PARTIAL,3
2026-06-24,8290759.174995953,PARTIAL,3
2026-06-25,8198705.627032572,PARTIAL,3
2026-06-26,8198887.802436899,PARTIAL,3
2026-06-29,8201934.025435174,PARTIAL,3
2026-06-30,8240947.12466057,PARTIAL,3
2026-07-01,8265050.511540958,PARTIAL,3
2026-07-02,8324904.484499914,PARTIAL,3
2026-07-03,8305527.021402308,PARTIAL,3
2026-07-06,8277746.726037958,BULL,5
2026-07-07,8235045.383908884,BULL,5
2026-07-08,8163999.145400056,BULL,5
2026-07-09,8165652.40318758,BULL,5
2026-07-10,8229304.341323583,BULL,5
2026-07-13,8263726.566571528,BULL,5
2026-07-14,8242694.271988841,BULL,5
2026-07-15,8220124.756926929,BULL,5
2026-07-16,8248038.780218738,BULL,5
2026-07-17,8190469.330891827,BULL,5
2026-07-20,8206534.925908015,BULL,5
2026-07-21,8191463.969732745,BULL,5
2026-07-22,8156719.450553366,BULL,5
2026-07-23,8173079.934854563,BULL,5
2026-07-24,8158028.939022713,BULL,5
2026-07-27,8209013.52930527,PARTIAL,3
2026-07-28,8144099.638818804,PARTIAL,3
2026-07-29,8123565.457700143,PARTIAL,3
2026-07-30,8085746.5265638335,PARTIAL,3
2026-07-31,8053453.355941542,PARTIAL,3
2026-08-03,8156982.55303584,BULL,5
2026-08-04,8158664.488205264,BULL,5
2026-08-05,8205613.479348241,BULL,5
2026-08-06,8270536.464526277,BULL,5
2026-08-07,8244768.873800673,BULL,5
2026-08-10,8250777.2305844445,BULL,5
2026-08-11,8346854.008258097,BULL,5
2026-08-12,8312761.911162495,BULL,5
2026-08-13,8314690.049774409,BULL,5
2026-08-14,8320766.646704489,BULL,5
2026-08-17,8316573.2924496895,BULL,5
