date,equity,regime
2020-04-01,1000054.794520548,BEAR
2020-04-03,1000109.5920435354,BEAR
2020-04-07,1000164.3925691269,BEAR
2020-04-08,1000219.1960974869,BEAR
2020-04-09,1000274.00262878,BEAR
2020-04-13,1000328.8121631707,BULL
2020-04-15,1000383.6247008236,BULL
2020-04-16,1000438.4402419032,BULL
2020-04-17,1000493.258786574,BULL
2020-04-20,1000548.0803350008,BULL
2020-04-21,1000602.904887348,BULL
2020-04-22,1000657.7324437802,BULL
2020-04-23,1000712.563004462,BULL
2020-04-24,1000767.3965695583,BULL
2020-04-27,1000822.2331392334,BULL
2020-04-28,1000877.072713652,BULL
2020-04-29,1000931.9152929789,BULL
2020-04-30,1000986.7608773785,BULL
2020-05-04,1001041.6094670157,BULL
2020-05-05,1001096.4610620551,BULL
2020-05-06,1001151.3156626613,BULL
2020-05-07,1001206.1732689991,BULL
2020-05-08,1001261.0338812331,BULL
2020-05-11,1001315.897499528,BULL
2020-05-12,1001370.7641240486,BULL
2020-05-13,1001425.6337549596,BULL
2020-05-14,1001480.5063924256,BULL
2020-05-15,1001535.3820366116,BULL
2020-05-18,1001590.2606876821,BULL
2020-05-19,1001645.142345802,BULL
2020-05-20,1001700.0270111362,BULL
2020-05-21,1001754.9146838492,BULL
2020-05-22,1001809.805364106,BULL
2020-05-26,1001864.6990520712,BULL
2020-05-27,1001919.5957479097,BULL
2020-05-28,1001974.4954517864,BULL
2020-05-29,1002029.398163866,BULL
2020-06-01,1002084.3038843134,BULL
2020-06-02,1002139.2126132934,BULL
2020-06-03,1002194.124350971,BULL
2020-06-04,1002249.0390975109,BULL
2020-06-05,1002303.9568530779,BULL
2020-06-08,1002358.877617837,BULL
2020-06-09,1002413.8013919531,BULL
2020-06-10,1002468.7281755911,BULL
2020-06-11,1002523.6579689159,BULL
2020-06-12,1002578.5907720923,BULL
2020-06-15,1002633.5265852854,BULL
2020-06-16,1002688.46540866,BULL
2020-06-17,1002743.4072423811,BULL
2020-06-18,1002798.3520866137,BULL
2020-06-19,1002853.2999415225,BULL
2020-06-22,1002908.2508072729,BULL
2020-06-23,1002963.2046840294,BULL
2020-06-24,1003018.1615719574,BULL
2020-06-25,1003073.1214712217,BULL
2020-06-26,1003128.0843819873,BULL
2020-06-29,1003183.0503044194,BULL
2020-06-30,1003238.0192386827,BULL
2020-07-01,1003292.9911849424,BULL
2020-07-02,1003347.9661433636,BULL
2020-07-03,1003402.9441141112,BULL
2020-07-06,1003457.9250973505,BULL
2020-07-07,1003512.9090932463,BULL
2020-07-08,1003567.8961019638,BULL
2020-07-09,1003622.8861236682,BULL
2020-07-10,1003677.8791585243,BULL
2020-07-13,1003632.8752066975,BULL
2020-07-14,993748.0622776136,BULL
2020-07-15,992314.6518330333,BULL
2020-07-16,990540.521283679,BULL
2020-07-17,1004965.9925186692,BULL
2020-07-20,1011066.2968164445,BULL
2020-07-21,1022155.2280657514,BULL
2020-07-22,1015762.6901481921,BULL
2020-07-23,1025128.811297296,BULL
2020-07-24,1019307.8589593583,BULL
2020-07-27,1015431.7868386307,BULL
2020-07-28,1021314.8844182679,BULL
2020-07-29,1025368.5240914063,BULL
2020-07-30,1021804.1328313501,BULL
2020-07-31,1026661.8847918467,BULL
2020-08-03,1020377.4659194082,BULL
2020-08-04,1026161.8585941216,BULL
2020-08-05,1033374.8950477081,BULL
2020-08-06,1040180.1117192336,BULL
2020-08-07,1046177.3207189736,BULL
2020-08-10,1051168.1786906114,BULL
2020-08-11,1044473.4934436679,BULL
2020-08-12,1037290.7787990569,BULL
2020-08-13,1043595.911498297,BULL
2020-08-14,1040060.1023385196,BULL
2020-08-17,1044670.9226545235,BULL
2020-08-18,1055522.1885694133,BULL
2020-08-19,1057946.0242817954,BULL
2020-08-20,1051460.6874674477,BULL
2020-08-21,1035367.6654227858,BULL
2020-08-24,1037379.7271643206,BULL
2020-08-25,1038334.4350362783,BULL
2020-08-26,1040975.4231998973,BULL
2020-08-27,1043966.7785158766,BULL
2020-08-28,1043117.8768397006,BULL
2020-08-31,1017353.048857911,BULL
2020-09-01,1019150.3255901202,BULL
2020-09-02,1031534.331387508,BULL
2020-09-03,1036413.8787737595,BULL
2020-09-04,1021418.0153874175,BULL
2020-09-07,1010950.2846869947,BULL
2020-09-08,1005199.8732170027,BULL
2020-09-09,997772.1061119575,BULL
2020-09-10,1009427.3079484844,BULL
2020-09-11,1010849.52061862,BULL
2020-09-14,1020980.9017596655,BULL
2020-09-15,1024506.5340116274,BULL
2020-09-16,1022853.0189514855,BULL
2020-09-17,1028156.8795329,BULL
2020-09-18,1028601.659859581,BULL
2020-09-21,1012476.1139751656,BULL
2020-09-22,1002723.321480027,BULL
2020-09-23,1001902.3866859829,BULL
2020-09-24,991186.6947548863,BULL
2020-09-25,1000390.5996707284,BULL
2020-09-28,1011871.4409066174,PARTIAL
2020-09-29,1013181.8395810104,PARTIAL
2020-09-30,1008756.3818492091,PARTIAL
2020-10-01,1010644.00032897,PARTIAL
2020-10-05,1027057.6157132408,BULL
2020-10-06,1034000.0390458298,BULL
2020-10-07,1042127.3300315847,BULL
2020-10-08,1059801.8417525098,BULL
2020-10-09,1056580.259266862,BULL
2020-10-12,1069433.9125368434,BULL
2020-10-13,1086012.0448678273,BULL
2020-10-14,1067483.384785635,BULL
2020-10-15,1051262.4666653243,BULL
2020-10-16,1051894.2083068094,BULL
2020-10-19,1055464.5272065105,BULL
2020-10-20,1062549.7499030235,BULL
2020-10-21,1075744.9761859714,BULL
2020-10-22,1073637.5935686708,BULL
2020-10-23,1058260.7369802485,BULL
2020-10-26,1059852.8216120577,BULL
2020-10-27,1072858.83864017,BULL
2020-10-28,1058993.0536531473,BULL
2020-10-29,1055541.4078938605,BULL
2020-10-30,1052691.3574541546,BULL
2020-11-02,1067266.092533776,BULL
2020-11-03,1081361.064748635,BULL
2020-11-04,1092092.4232685298,BULL
2020-11-05,1106494.8420901832,BULL
2020-11-06,1118329.0094437997,BULL
2020-11-09,1145567.1372643416,BULL
2020-11-10,1171327.0347648337,BULL
2020-11-11,1183195.5522183739,BULL
2020-11-12,1172741.943068632,BULL
2020-11-13,1177617.075610223,BULL
2020-11-14,1186190.282983178,BULL
2020-11-17,1196260.5247892847,BULL
2020-11-18,1215671.7423287234,BULL
2020-11-19,1201664.2101684252,BULL
2020-11-20,1212521.594522724,BULL
2020-11-23,1212156.4755030263,BULL
2020-11-24,1230670.995952407,BULL
2020-11-25,1213456.4001883974,BULL
2020-11-26,1223112.776114968,BULL
2020-11-27,1230262.1351901838,BULL
2020-12-01,1242025.4621423944,BULL
2020-12-02,1247262.2171524935,BULL
2020-12-03,1257741.3220138242,BULL
2020-12-04,1263837.9271850637,BULL
2020-12-07,1277571.3816075888,BULL
2020-12-08,1273271.6051446118,BULL
2020-12-09,1282289.285125741,BULL
2020-12-10,1280771.8463706751,BULL
2020-12-11,1287279.5596729557,BULL
2020-12-14,1302294.332177516,BULL
2020-12-15,1295617.2328202783,BULL
2020-12-16,1307660.0716072859,BULL
2020-12-17,1308426.2710033313,BULL
2020-12-18,1310254.5568072281,BULL
2020-12-21,1258421.4248911352,BULL
2020-12-22,1273722.1673666693,BULL
2020-12-23,1290033.9687245924,BULL
2020-12-24,1297792.5106738277,BULL
2020-12-28,1308525.1186630141,BULL
2020-12-29,1308895.6563647627,BULL
2020-12-30,1315409.6044880804,BULL
2020-12-31,1314911.1222284036,BULL
2021-01-01,1322067.3355718486,BULL
2021-01-04,1343495.6501543382,BULL
2021-01-05,1350595.0784870984,BULL
2021-01-06,1349830.3036476031,BULL
2021-01-07,1349408.0808967242,BULL
2021-01-08,1367222.9081773872,BULL
2021-01-11,1384837.314170436,BULL
2021-01-12,1391428.6451873824,BULL
2021-01-13,1385082.348278148,BULL
2021-01-14,1389869.9908250417,BULL
2021-01-15,1370140.7774812784,BULL
2021-01-18,1347462.7676559328,BULL
2021-01-19,1359800.6207337503,BULL
2021-01-20,1373957.585261644,BULL
2021-01-21,1368079.355874955,BULL
2021-01-22,1358644.092560444,BULL
2021-01-25,1344983.921647111,BULL
2021-01-27,1322512.6518076558,BULL
2021-01-28,1312301.5165994386,BULL
2021-01-29,1303261.2834475827,BULL
2021-02-01,1362191.1192443047,PARTIAL
2021-02-02,1377017.7900927095,PARTIAL
2021-02-03,1397646.6520600226,PARTIAL
2021-02-04,1403173.4336776973,PARTIAL
2021-02-05,1407416.0383572956,PARTIAL
2021-02-08,1419132.6393797353,BULL
2021-02-09,1416231.8109966523,BULL
2021-02-10,1411576.769533711,BULL
2021-02-11,1405551.0271553383,BULL
2021-02-12,1410644.1785266069,BULL
2021-02-15,1439262.3593991622,BULL
2021-02-16,1449618.0660416698,BULL
2021-02-17,1460330.9629776117,BULL
2021-02-18,1477504.1953306994,BULL
2021-02-19,1453387.3907137038,BULL
2021-02-22,1411508.3677674746,BULL
2021-02-23,1420650.6408709353,BULL
2021-02-24,1445989.3269739884,BULL
2021-02-25,1467878.1109902693,BULL
2021-02-26,1421579.581388786,BULL
2021-03-01,1434194.9805294103,BULL
2021-03-02,1440757.1854960718,BULL
2021-03-03,1476226.267390967,BULL
2021-03-04,1463978.166278845,BULL
2021-03-05,1435663.206327743,BULL
2021-03-08,1445099.591082621,BULL
2021-03-09,1438037.0883978745,BULL
2021-03-10,1437031.5274114932,BULL
2021-03-12,1434814.5347875936,BULL
2021-03-15,1421899.3980081724,BULL
2021-03-16,1419887.2797708837,BULL
2021-03-17,1402015.4006861672,BULL
2021-03-18,1401095.0486500184,BULL
2021-03-19,1408382.8674926907,BULL
2021-03-22,1394097.2641114579,BULL
2021-03-23,1394687.7914502851,BULL
2021-03-24,1375770.5078171003,BULL
2021-03-25,1358707.4392031436,BULL
2021-03-26,1352644.5867938036,BULL
2021-03-30,1373554.9761284736,PARTIAL
2021-03-31,1376281.532471947,PARTIAL
2021-04-01,1395268.0261696745,PARTIAL
2021-04-05,1384230.8668949557,BULL
2021-04-06,1390782.7509877998,BULL
2021-04-07,1399123.5548729787,BULL
2021-04-08,1413934.865042699,BULL
2021-04-09,1425015.0721735894,BULL
2021-04-12,1392250.3582059983,BULL
2021-04-13,1372304.3518046064,BULL
2021-04-15,1374024.7581771973,BULL
2021-04-16,1390368.1846119785,BULL
2021-04-19,1375666.6286650654,BULL
2021-04-20,1375442.504495783,BULL
2021-04-22,1371315.673292431,BULL
2021-04-23,1370493.640580085,BULL
2021-04-26,1365140.961258525,PARTIAL
2021-04-27,1367243.4204626123,PARTIAL
2021-04-28,1364845.5762637006,PARTIAL
2021-04-29,1367134.730496947,PARTIAL
2021-04-30,1362959.6265266773,PARTIAL
2021-05-03,1369669.7707745032,BULL
2021-05-04,1362175.077227037,BULL
2021-05-05,1369848.453528195,BULL
2021-05-06,1370193.777690812,BULL
2021-05-07,1380885.2272941263,BULL
2021-05-10,1402181.2723413147,BULL
2021-05-11,1415033.7621395309,BULL
2021-05-12,1417641.7697907055,BULL
2021-05-14,1399340.9310826082,BULL
2021-05-17,1405758.4951144848,BULL
2021-05-18,1417284.9920767408,BULL
2021-05-19,1425174.621604259,BULL
2021-05-20,1425975.7978661635,BULL
2021-05-21,1428187.6552109278,BULL
2021-05-24,1431163.428563354,BULL
2021-05-25,1435047.641078583,BULL
2021-05-26,1432276.3164555638,BULL
2021-05-27,1443048.6749686538,BULL
2021-05-28,1445115.8951065494,BULL
2021-05-31,1448665.1306725093,BULL
2021-06-01,1454162.3247779738,BULL
2021-06-02,1458796.214665332,BULL
2021-06-03,1473710.537539115,BULL
2021-06-04,1475300.8912124517,BULL
2021-06-07,1496020.3613804341,BULL
2021-06-08,1504039.6245227347,BULL
2021-06-09,1494603.978079489,BULL
2021-06-10,1510028.386801339,BULL
2021-06-11,1514349.397060528,BULL
2021-06-14,1510631.1419573347,BULL
2021-06-15,1518724.6156998577,BULL
2021-06-16,1514130.2971900334,BULL
2021-06-17,1505921.755002321,BULL
2021-06-18,1501861.0747570472,BULL
2021-06-21,1502273.2895334247,BULL
2021-06-22,1508389.4388205975,BULL
2021-06-23,1500266.1415625992,BULL
2021-06-24,1518490.5912728847,BULL
2021-06-25,1523761.587667319,BULL
2021-06-28,1521743.7774450406,BULL
2021-06-29,1521297.9263625233,BULL
2021-06-30,1518755.460874893,BULL
2021-07-01,1523711.8580211124,BULL
2021-07-02,1522033.4429124843,BULL
2021-07-05,1531846.1356415302,BULL
2021-07-06,1519436.7465726084,BULL
2021-07-07,1523702.9581115583,BULL
2021-07-08,1516855.5789729005,BULL
2021-07-09,1516311.677371546,BULL
2021-07-12,1515986.5141955982,BULL
2021-07-13,1505317.154412382,BULL
2021-07-14,1520689.142381267,BULL
2021-07-15,1534265.932715067,BULL
2021-07-16,1531505.15401979,BULL
2021-07-19,1528379.1135198984,BULL
2021-07-20,1517250.2786024848,BULL
2021-07-22,1530955.6132355551,BULL
2021-07-23,1530827.410225877,BULL
2021-07-26,1543409.1230774908,BULL
2021-07-27,1533192.5862664,BULL
2021-07-28,1527827.9351641145,BULL
2021-07-29,1534455.9079787768,BULL
2021-07-30,1543654.7275111324,BULL
2021-08-02,1555482.4062877875,BULL
2021-08-03,1564379.068360999,BULL
2021-08-04,1557114.5268019128,BULL
2021-08-05,1560138.3281769326,BULL
2021-08-06,1561907.8336851143,BULL
2021-08-09,1558810.945083288,BULL
2021-08-10,1557458.9896189081,BULL
2021-08-11,1558641.7736983106,BULL
2021-08-12,1572167.9634303215,BULL
2021-08-13,1583290.84264732,BULL
2021-08-16,1586209.0420500776,BULL
2021-08-17,1598717.8333777895,BULL
2021-08-18,1609923.7801461818,BULL
2021-08-20,1602823.863381784,BULL
2021-08-23,1610005.6674518725,BULL
2021-08-24,1611049.4566938963,BULL
2021-08-25,1612502.0845011983,BULL
2021-08-26,1612853.1451336744,BULL
2021-08-27,1624472.4720538333,BULL
2021-08-30,1632791.502060656,BULL
2021-08-31,1646165.616554028,BULL
2021-09-01,1643353.9880843943,BULL
2021-09-02,1659351.5161225079,BULL
2021-09-03,1668660.6440257225,BULL
2021-09-06,1684612.4271208527,BULL
2021-09-07,1675040.3050043115,BULL
2021-09-08,1667284.226698997,BULL
2021-09-09,1674533.0718606114,BULL
2021-09-13,1682012.6957707298,BULL
2021-09-14,1690148.5155386478,BULL
2021-09-15,1709891.7334806342,BULL
2021-09-16,1712913.30382287,BULL
2021-09-17,1705408.329459911,BULL
2021-09-20,1692625.5833595353,BULL
2021-09-21,1706413.839943288,BULL
2021-09-22,1710466.0818425901,BULL
2021-09-23,1721156.8817510416,BULL
2021-09-24,1722700.617722925,BULL
2021-09-27,1709490.4230135893,BULL
2021-09-28,1689558.5656080237,BULL
2021-09-29,1692067.5326877963,BULL
2021-09-30,1682637.339538955,BULL
2021-10-01,1675684.5323516503,BULL
2021-10-04,1692133.9026597324,BULL
2021-10-05,1709835.384834158,BULL
2021-10-06,1694486.5453084307,BULL
2021-10-07,1703015.6259292737,BULL
2021-10-08,1706803.031165893,BULL
2021-10-11,1722136.3287194227,BULL
2021-10-12,1719384.7470366415,BULL
2021-10-13,1736245.2587375983,BULL
2021-10-14,1752483.0942225002,BULL
2021-10-18,1769602.1988431467,BULL
2021-10-19,1746042.0795051698,BULL
2021-10-20,1724009.5588823252,BULL
2021-10-21,1713029.9731357305,BULL
2021-10-22,1710348.7446815395,BULL
2021-10-25,1687722.2175445962,BULL
2021-10-26,1691543.241392813,BULL
2021-10-27,1687602.9746984423,BULL
2021-10-28,1636090.964551759,BULL
2021-10-29,1625981.3022069596,BULL
2021-11-01,1648658.5028666705,BULL
2021-11-02,1664009.7231321028,BULL
2021-11-03,1648633.5046191206,BULL
2021-11-04,1660936.4030027797,BULL
2021-11-08,1658853.2260235888,BULL
2021-11-09,1664397.9326989336,BULL
2021-11-10,1654867.8445226355,BULL
2021-11-11,1644764.069097068,BULL
2021-11-12,1653296.2663583092,BULL
2021-11-15,1653999.8581384262,BULL
2021-11-16,1637097.94116037,BULL
2021-11-17,1633936.4255177148,BULL
2021-11-18,1626177.7800125736,BULL
2021-11-22,1590011.6199780242,BULL
2021-11-23,1599674.70535208,BULL
2021-11-24,1596764.7612934504,BULL
2021-11-25,1592017.236433693,BULL
2021-11-26,1567987.7674503431,BULL
2021-11-29,1552673.9169582485,PARTIAL
2021-11-30,1552732.4769637869,PARTIAL
2021-12-01,1548831.0044461978,PARTIAL
2021-12-02,1553446.4612308731,PARTIAL
2021-12-03,1551030.0370844812,PARTIAL
2021-12-06,1542739.7237857566,PARTIAL
2021-12-07,1550389.5501891356,PARTIAL
2021-12-08,1561480.8828833979,PARTIAL
2021-12-09,1565373.1920280112,PARTIAL
2021-12-10,1563676.8388524323,PARTIAL
2021-12-13,1562515.900981031,BULL
2021-12-14,1551844.0918169662,BULL
2021-12-15,1541717.3764784,BULL
2021-12-16,1540396.068465786,BULL
2021-12-17,1527939.682988764,BULL
2021-12-20,1476484.039993649,BEAR
2021-12-21,1476564.9432287174,BEAR
2021-12-22,1476645.8508968398,BEAR
2021-12-23,1476726.762998259,BEAR
2021-12-24,1476807.6795332178,BEAR
2021-12-27,1476888.6005019594,BEAR
2021-12-28,1476969.5259047267,BEAR
2021-12-29,1477050.4557417626,BEAR
2021-12-30,1477131.3900133104,BEAR
2021-12-31,1477212.3287196127,BEAR
2022-01-03,1477193.2718609124,BULL
2022-01-04,1474495.4740863098,BULL
2022-01-05,1469669.6527502416,BULL
2022-01-06,1455415.113969397,BULL
2022-01-07,1456938.5508905968,BULL
2022-01-10,1464850.9170260094,BULL
2022-01-11,1471266.941649807,BULL
2022-01-12,1471651.2824180857,BULL
2022-01-13,1478353.0179673752,BULL
2022-01-14,1482254.6588073662,BULL
2022-01-17,1485013.7152130809,BULL
2022-01-18,1461453.754072773,BULL
2022-01-19,1447472.6987611316,BULL
2022-01-20,1433243.935825047,BULL
2022-01-21,1414385.1579474506,BULL
2022-01-24,1385284.3716389346,BULL
2022-01-25,1400421.3201317992,BULL
2022-01-27,1391287.0933047791,BULL
2022-01-28,1398230.7034165564,BULL
2022-01-31,1416001.1493426254,BEAR
2022-02-01,1416078.738446699,BEAR
2022-02-02,1416156.3318022303,BEAR
2022-02-03,1416233.9294094525,BEAR
2022-02-04,1416311.5312685983,BEAR
2022-02-07,1416329.1373799008,PARTIAL
2022-02-08,1416078.6195324447,PARTIAL
2022-02-09,1413991.4000868527,PARTIAL
2022-02-10,1419719.0524181102,PARTIAL
2022-02-11,1412877.3306938359,PARTIAL
2022-02-14,1390654.1988459602,BEAR
2022-02-15,1390730.399076034,BEAR
2022-02-16,1390806.603481463,BEAR
2022-02-17,1390882.8120624756,BEAR
2022-02-18,1390959.024819301,BEAR
2022-02-21,1391035.241752168,BEAR
2022-02-22,1391111.462861305,BEAR
2022-02-23,1391187.6881469414,BEAR
2022-02-24,1391263.9176093056,BEAR
2022-02-25,1391340.1512486266,BEAR
2022-02-28,1391416.3890651334,BEAR
2022-03-02,1391492.631059055,BEAR
2022-03-03,1391568.87723062,BEAR
2022-03-04,1391645.1275800574,BEAR
2022-03-07,1391721.3821075961,BEAR
2022-03-08,1391797.6408134652,BEAR
2022-03-09,1391873.9036978935,BEAR
2022-03-10,1391950.17076111,BEAR
2022-03-11,1392026.4420033437,BEAR
2022-03-14,1392102.7174248234,BEAR
2022-03-15,1392178.9970257783,BEAR
2022-03-16,1392255.2808064374,BEAR
2022-03-17,1392331.5687670296,BEAR
2022-03-21,1392347.8609077837,PARTIAL
2022-03-22,1395355.5116580871,PARTIAL
2022-03-23,1398833.2591036372,PARTIAL
2022-03-24,1404912.4206958013,PARTIAL
2022-03-25,1402536.9622343415,PARTIAL
2022-03-28,1404510.3397024057,BEAR
2022-03-29,1404587.2991730745,BEAR
2022-03-30,1404664.2628607005,BEAR
2022-03-31,1404741.2307655148,BEAR
2022-04-01,1404818.2028877486,BEAR
2022-04-04,1404835.179227633,PARTIAL
2022-04-05,1409414.8846575706,PARTIAL
2022-04-06,1415134.2640901303,PARTIAL
2022-04-07,1408298.370128185,PARTIAL
2022-04-08,1414758.5919900702,PARTIAL
2022-04-11,1413571.856619841,BULL
2022-04-12,1392124.3698483044,BULL
2022-04-13,1392218.697168719,BULL
2022-04-18,1373934.6027504595,BULL
2022-04-19,1366889.2757212457,BULL
2022-04-20,1361878.0624190688,BULL
2022-04-21,1377743.926982265,BULL
2022-04-22,1365041.6282047841,BULL
2022-04-25,1334744.6960922657,BULL
2022-04-26,1346742.0788961642,BULL
2022-04-27,1339015.2870736548,BULL
2022-04-28,1351382.3492254156,BULL
2022-04-29,1344154.8670792084,BULL
2022-05-02,1334971.0793401734,BEAR
2022-05-04,1335044.2284404114,BEAR
2022-05-05,1335117.3815488191,BEAR
2022-05-06,1335190.5386656164,BEAR
2022-05-09,1335263.6997910228,BEAR
2022-05-10,1335336.864925258,BEAR
2022-05-11,1335410.0340685418,BEAR
2022-05-12,1335483.2072210936,BEAR
2022-05-13,1335556.3843831331,BEAR
2022-05-16,1335629.5655548803,BEAR
2022-05-17,1335702.7507365546,BEAR
2022-05-18,1335775.9399283759,BEAR
2022-05-19,1335849.133130564,BEAR
2022-05-20,1335922.3303433382,BEAR
2022-05-23,1335995.5315669188,BEAR
2022-05-24,1336068.7368015253,BEAR
2022-05-25,1336141.9460473775,BEAR
2022-05-26,1336215.1593046952,BEAR
2022-05-27,1336288.3765736984,BEAR
2022-05-30,1336361.5978546066,BEAR
2022-05-31,1336434.8231476399,BEAR
2022-06-01,1336508.052453018,BEAR
2022-06-02,1336581.2857709609,BEAR
2022-06-03,1336654.5231016881,BEAR
2022-06-06,1336727.76444542,BEAR
2022-06-07,1336801.009802376,BEAR
2022-06-08,1336874.2591727762,BEAR
2022-06-09,1336947.5125568407,BEAR
2022-06-10,1337020.7699547892,BEAR
2022-06-13,1337094.0313668416,BEAR
2022-06-14,1337167.296793218,BEAR
2022-06-15,1337240.5662341383,BEAR
2022-06-16,1337313.8396898224,BEAR
2022-06-17,1337387.1171604905,BEAR
2022-06-20,1337460.3986463624,BEAR
2022-06-21,1337533.684147658,BEAR
2022-06-22,1337606.9736645978,BEAR
2022-06-23,1337680.2671974015,BEAR
2022-06-24,1337753.564746289,BEAR
2022-06-27,1337826.8663114808,BEAR
2022-06-28,1337900.1718931966,BEAR
2022-06-29,1337973.4814916567,BEAR
2022-06-30,1338046.795107081,BEAR
2022-07-01,1338120.1127396899,BEAR
2022-07-04,1338193.4343897032,BEAR
2022-07-05,1338266.760057341,BEAR
2022-07-06,1338340.0897428237,BEAR
2022-07-07,1338413.4234463715,BEAR
2022-07-08,1338486.7611682042,BEAR
2022-07-11,1338560.1029085424,BEAR
2022-07-12,1338633.4486676059,BEAR
2022-07-13,1338706.7984456152,BEAR
2022-07-14,1338780.1522427904,BEAR
2022-07-15,1338853.5100593518,BEAR
2022-07-18,1338926.8718955196,BEAR
2022-07-19,1339000.237751514,BEAR
2022-07-20,1339073.6076275553,BEAR
2022-07-21,1339146.9815238637,BEAR
2022-07-22,1339220.3594406596,BEAR
2022-07-25,1339233.741378163,PARTIAL
2022-07-26,1330606.6214134917,PARTIAL
2022-07-27,1334330.617750056,PARTIAL
2022-07-28,1339733.4550602967,PARTIAL
2022-07-29,1349655.1135048405,PARTIAL
2022-08-01,1367470.682212934,PARTIAL
2022-08-02,1371066.9051465662,PARTIAL
2022-08-03,1369740.8655787634,PARTIAL
2022-08-04,1370391.7776589175,PARTIAL
2022-08-05,1371938.1558703815,PARTIAL
2022-08-08,1376188.904728812,PARTIAL
2022-08-10,1375643.534477078,PARTIAL
2022-08-11,1378893.5978847065,PARTIAL
2022-08-12,1380155.7147476338,PARTIAL
2022-08-16,1389070.1301290402,BULL
2022-08-17,1396853.3877727005,BULL
2022-08-18,1403641.1567452294,BULL
2022-08-19,1383431.7829621346,BULL
2022-08-22,1362310.3533903817,BULL
2022-08-23,1366296.0714462174,BULL
2022-08-24,1377657.5284855724,BULL
2022-08-25,1377819.7178348426,BULL
2022-08-26,1377899.245654027,BULL
2022-08-29,1354618.9636795048,BULL
2022-08-30,1381127.2516099946,BULL
2022-09-01,1377846.6970398307,BULL
2022-09-02,1377562.2365764317,BULL
2022-09-05,1383682.8691459498,BULL
2022-09-06,1384878.8502946477,BULL
2022-09-07,1385094.8214163184,BULL
2022-09-08,1395743.1990703198,BULL
2022-09-09,1399207.0804316613,BULL
2022-09-12,1409864.273634444,BULL
2022-09-13,1413079.5129293124,BULL
2022-09-14,1420367.8873849188,BULL
2022-09-15,1421367.7831139953,BULL
2022-09-16,1393142.6182681574,BULL
2022-09-19,1402223.845393796,BULL
2022-09-20,1415369.861500705,BULL
2022-09-21,1404656.4553346871,BULL
2022-09-22,1394366.7495628058,BULL
2022-09-23,1359194.8418786859,BULL
2022-09-26,1319431.8251377223,BULL
2022-09-27,1316623.9967181112,BULL
2022-09-28,1308010.434407955,BULL
2022-09-29,1312967.3828619716,BULL
2022-09-30,1330355.573154963,BULL
2022-10-03,1308902.1290691379,PARTIAL
2022-10-04,1330549.8056729133,PARTIAL
2022-10-06,1327746.328169851,PARTIAL
2022-10-07,1327526.4355753069,PARTIAL
2022-10-10,1311337.8922694777,BULL
2022-10-11,1292897.4738256899,BULL
2022-10-12,1299268.28213757,BULL
2022-10-13,1294303.9825338991,BULL
2022-10-14,1297428.9781745316,BULL
2022-10-17,1298815.1966484175,PARTIAL
2022-10-18,1304516.9024392853,PARTIAL
2022-10-19,1304895.3102962244,PARTIAL
2022-10-20,1302857.84866795,PARTIAL
2022-10-21,1304469.2990740757,PARTIAL
2022-10-24,1316459.736666727,BULL
2022-10-25,1322371.078553809,BULL
2022-10-27,1331673.6243144972,BULL
2022-10-28,1326364.4090165703,BULL
2022-10-31,1336737.4271472814,BULL
2022-11-01,1343125.4073718162,BULL
2022-11-02,1338116.0568080994,BULL
2022-11-03,1343309.922788967,BULL
2022-11-04,1346278.9967396434,BULL
2022-11-07,1367429.405842416,BULL
2022-11-09,1377790.8198143637,BULL
2022-11-10,1365656.2905857533,BULL
2022-11-11,1378388.2385099805,BULL
2022-11-14,1373752.7729912526,BULL
2022-11-15,1380383.4586708257,BULL
2022-11-16,1381371.7223038222,BULL
2022-11-17,1383098.2018314535,BULL
2022-11-18,1382619.9712657945,BULL
2022-11-21,1381644.138235116,BULL
2022-11-22,1393966.8858801664,BULL
2022-11-23,1400481.414762053,BULL
2022-11-24,1411905.7997429767,BULL
2022-11-25,1413045.3652198976,BULL
2022-11-28,1416995.4688449553,BULL
2022-11-29,1420273.945668693,BULL
2022-11-30,1422383.3223577794,BULL
2022-12-01,1431780.8065897727,BULL
2022-12-02,1431270.4945376099,BULL
2022-12-05,1433484.0418461896,BULL
2022-12-06,1428715.9448720037,BULL
2022-12-07,1429913.1468200139,BULL
2022-12-08,1446893.292707332,BULL
2022-12-09,1441737.7242384444,BULL
2022-12-12,1454142.880286144,BULL
2022-12-13,1469930.9232479355,BULL
2022-12-14,1480714.8815304372,BULL
2022-12-15,1462355.7370253,BULL
2022-12-16,1446393.4952090087,BULL
2022-12-19,1441208.3676090506,BULL
2022-12-20,1434979.636165722,BULL
2022-12-21,1429112.0237259448,BULL
2022-12-22,1427118.147746569,BULL
2022-12-23,1396629.7011448601,BULL
2022-12-26,1404974.4203094158,BEAR
2022-12-27,1405051.4052091588,BEAR
2022-12-28,1405128.3943272526,BEAR
2022-12-29,1405205.387663928,BEAR
2022-12-30,1405282.3852194166,BEAR
2023-01-02,1405299.3869939493,PARTIAL
2023-01-03,1413506.1531197024,PARTIAL
2023-01-04,1411616.6814598092,PARTIAL
2023-01-05,1402624.3565601292,PARTIAL
2023-01-06,1398592.0637095082,PARTIAL
2023-01-09,1411879.011348029,BEAR
2023-01-10,1411956.3745815274,BEAR
2023-01-11,1412033.7420541074,BEAR
2023-01-12,1412111.1137660008,BEAR
2023-01-13,1412188.4897174402,BEAR
2023-01-16,1412205.8699086576,PARTIAL
2023-01-17,1410537.665144735,PARTIAL
2023-01-18,1407985.140023035,PARTIAL
2023-01-19,1404651.9235797166,PARTIAL
2023-01-20,1417771.7484989814,PARTIAL
2023-01-23,1419284.7536048398,PARTIAL
2023-01-24,1425395.884774135,PARTIAL
2023-01-25,1419113.1286289121,PARTIAL
2023-01-27,1421408.1912662103,PARTIAL
2023-01-30,1401258.1962327189,BEAR
2023-01-31,1401334.9775037454,BEAR
2023-02-01,1401411.7629819647,BEAR
2023-02-02,1401488.5526676078,BEAR
2023-02-03,1401565.3465609048,BEAR
2023-02-06,1401642.1446620864,BEAR
2023-02-07,1401718.946971383,BEAR
2023-02-08,1401795.7534890254,BEAR
2023-02-09,1401872.564215244,BEAR
2023-02-10,1401949.3791502696,BEAR
2023-02-13,1402026.1982943327,BEAR
2023-02-14,1402103.021647664,BEAR
2023-02-15,1402179.8492104942,BEAR
2023-02-16,1402256.6809830538,BEAR
2023-02-17,1402333.5169655734,BEAR
2023-02-20,1402410.357158284,BEAR
2023-02-21,1402487.201561416,BEAR
2023-02-22,1402564.0501752002,BEAR
2023-02-23,1402640.9029998675,BEAR
2023-02-24,1402717.7600356485,BEAR
2023-02-27,1402794.6212827738,BEAR
2023-02-28,1402871.4867414744,BEAR
2023-03-01,1402948.356411981,BEAR
2023-03-02,1403025.2302945242,BEAR
2023-03-03,1403102.108389335,BEAR
2023-03-06,1403178.9906966442,BEAR
2023-03-08,1403255.8772166825,BEAR
2023-03-09,1403332.7679496808,BEAR
2023-03-10,1403409.66289587,BEAR
2023-03-13,1403486.5620554807,BEAR
2023-03-14,1403563.465428744,BEAR
2023-03-15,1403640.3730158908,BEAR
2023-03-16,1403717.2848171522,BEAR
2023-03-17,1403794.2008327588,BEAR
2023-03-20,1403871.1210629416,BEAR
2023-03-21,1403948.0455079314,BEAR
2023-03-22,1404024.9741679593,BEAR
2023-03-23,1404101.9070432563,BEAR
2023-03-24,1404178.8441340532,BEAR
2023-03-27,1404255.7854405812,BEAR
2023-03-28,1404332.730963071,BEAR
2023-03-29,1404409.680701754,BEAR
2023-03-31,1404486.6346568612,BEAR
2023-04-03,1404563.5928286233,BEAR
2023-04-05,1404640.5552172714,BEAR
2023-04-06,1404717.521823037,BEAR
2023-04-10,1404794.4926461508,BEAR
2023-04-11,1404871.4676868438,BEAR
2023-04-12,1404948.4469453474,BEAR
2023-04-13,1405025.4304218923,BEAR
2023-04-17,1405042.4181167101,PARTIAL
2023-04-18,1405709.0272162592,PARTIAL
2023-04-19,1400780.5891443905,PARTIAL
2023-04-20,1406861.3592985799,PARTIAL
2023-04-21,1403737.6012295827,PARTIAL
2023-04-24,1400287.5151280775,BEAR
2023-04-25,1400364.2432110982,BEAR
2023-04-26,1400440.9754983976,BEAR
2023-04-27,1400517.7119902058,BEAR
2023-04-28,1400594.4526867534,BEAR
2023-05-02,1400611.1975882708,PARTIAL
2023-05-03,1398894.996466951,PARTIAL
2023-05-04,1403934.2252984035,PARTIAL
2023-05-05,1398728.840500014,PARTIAL
2023-05-08,1406219.9442439694,PARTIAL
2023-05-09,1404093.7746996002,PARTIAL
2023-05-10,1405935.8311882815,PARTIAL
2023-05-11,1407625.853302977,PARTIAL
2023-05-12,1405182.8796819975,PARTIAL
2023-05-15,1410472.4410018255,BULL
2023-05-16,1408356.6209865564,BULL
2023-05-17,1406458.9406134344,BULL
2023-05-18,1397526.587839391,BULL
2023-05-19,1400772.2692587369,BULL
2023-05-22,1408735.7173343962,BULL
2023-05-23,1412634.8331277398,BULL
2023-05-24,1415031.306547871,BULL
2023-05-25,1424486.697375017,BULL
2023-05-26,1432103.9756991977,BULL
2023-05-29,1438863.5648439946,BULL
2023-05-30,1441391.3489865207,BULL
2023-05-31,1447131.0729428935,BULL
2023-06-01,1452610.9325573212,BULL
2023-06-02,1459156.6511458787,BULL
2023-06-05,1463613.3837747842,BULL
2023-06-06,1463834.3146737171,BULL
2023-06-07,1479896.1876663715,BULL
2023-06-08,1468849.7127315686,BULL
2023-06-09,1463165.5704268564,BULL
2023-06-12,1470307.0803797408,BULL
2023-06-13,1483337.624776939,BULL
2023-06-14,1488133.7082405346,BULL
2023-06-15,1491479.4724048814,BULL
2023-06-16,1504272.2332626085,BULL
2023-06-19,1506139.096715941,BULL
2023-06-20,1510556.408334754,BULL
2023-06-21,1514756.8850801026,BULL
2023-06-22,1499515.019644553,BULL
2023-06-23,1481026.7911455447,BULL
2023-06-26,1489967.9331045914,BULL
2023-06-27,1495985.9472636047,BULL
2023-06-28,1504169.8842420583,BULL
2023-06-30,1513791.9299245994,BULL
2023-07-03,1523314.702249864,BULL
2023-07-04,1521721.7166861678,BULL
2023-07-05,1534542.7364774349,BULL
2023-07-06,1545815.46781551,BULL
2023-07-07,1546600.3135029664,BULL
2023-07-10,1537499.945677741,BULL
2023-07-11,1547114.7282426876,BULL
2023-07-12,1553085.1837362745,BULL
2023-07-13,1548772.7342237786,BULL
2023-07-14,1560529.639267384,BULL
2023-07-17,1569691.059077655,BULL
2023-07-18,1568092.389924816,BULL
2023-07-19,1576677.8107626652,BULL
2023-07-20,1580624.5467494477,BULL
2023-07-21,1579193.089242201,BULL
2023-07-24,1584339.1325013717,BULL
2023-07-25,1584973.8062771412,BULL
2023-07-26,1595360.7359289834,BULL
2023-07-27,1594705.3396510598,BULL
2023-07-28,1611581.796989273,BULL
2023-07-31,1623663.7557911924,BULL
2023-08-01,1623464.6791516736,BULL
2023-08-02,1612119.9108954812,BULL
2023-08-03,1610904.5673654517,BULL
2023-08-04,1625096.0708492214,BULL
2023-08-07,1633142.9888957827,BULL
2023-08-08,1631546.5551836756,BULL
2023-08-09,1639330.791073125,BULL
2023-08-10,1632960.6133133278,BULL
2023-08-11,1622032.5250643755,BULL
2023-08-14,1610880.5900890464,BULL
2023-08-16,1620184.1275685707,BULL
2023-08-17,1618897.184081155,BULL
2023-08-18,1614180.254195694,BULL
2023-08-21,1619315.9039298834,BULL
2023-08-22,1630046.989267104,BULL
2023-08-23,1637777.9324166835,BULL
2023-08-24,1632158.0344537112,BULL
2023-08-25,1620807.9238235208,BULL
2023-08-28,1629510.4527622294,BULL
2023-08-29,1634127.0197675135,BULL
2023-08-30,1645550.4998340476,BULL
2023-08-31,1654584.156526157,BULL
2023-09-01,1660615.8457841233,BULL
2023-09-04,1671554.8708285186,BULL
2023-09-05,1685814.488405926,BULL
2023-09-06,1686141.570108114,BULL
2023-09-07,1693938.5635103148,BULL
2023-09-08,1706668.8464209666,BULL
2023-09-11,1725291.4758741371,BULL
2023-09-12,1666936.9790188202,BULL
2023-09-13,1675575.235567098,BULL
2023-09-14,1692137.8954547555,BULL
2023-09-15,1691415.1382360503,BULL
2023-09-18,1695817.3653932828,BULL
2023-09-20,1679827.7825631024,BULL
2023-09-21,1663919.0752022506,BULL
2023-09-22,1674529.1631716227,BULL
2023-09-25,1672918.1529906504,BULL
2023-09-26,1671130.3657131975,BULL
2023-09-27,1680191.4514806017,BULL
2023-09-28,1649495.8563538233,BULL
2023-09-29,1658016.440515781,BULL
2023-10-03,1660181.9170657883,BULL
2023-10-04,1637450.6828810633,BULL
2023-10-05,1639250.126597374,BULL
2023-10-06,1643254.3190145143,BULL
2023-10-09,1616535.342075605,BULL
2023-10-10,1640693.1039706664,BULL
2023-10-11,1646730.2367003271,BULL
2023-10-12,1654156.097876496,BULL
2023-10-13,1643663.2721287345,BULL
2023-10-16,1653619.4738480533,BULL
2023-10-17,1659525.2315995223,BULL
2023-10-18,1644983.4854493684,BULL
2023-10-19,1645046.0854242404,BULL
2023-10-20,1624700.9760836482,BULL
2023-10-23,1582199.88343076,BULL
2023-10-25,1575638.6476509229,BULL
2023-10-26,1566955.333142874,BULL
2023-10-27,1583279.4366670894,BULL
2023-10-30,1584107.0098355892,BEAR
2023-10-31,1584193.81021969,BEAR
2023-11-01,1584280.6153599762,BEAR
2023-11-02,1584367.4252567084,BEAR
2023-11-03,1584454.2399101472,BEAR
2023-11-06,1584481.0593205532,PARTIAL
2023-11-07,1579208.4030346626,PARTIAL
2023-11-08,1578820.1742316308,PARTIAL
2023-11-09,1575599.4773261566,PARTIAL
2023-11-10,1582570.2738496154,PARTIAL
2023-11-13,1583301.2639914202,BULL
2023-11-15,1598989.7885724246,BULL
2023-11-16,1603675.904363279,BULL
2023-11-17,1608692.5438035233,BULL
2023-11-20,1605400.8258251804,BULL
2023-11-21,1606841.5419786528,BULL
2023-11-22,1617041.8804184604,BULL
2023-11-23,1615351.1781580092,BULL
2023-11-24,1616587.8183298118,BULL
2023-11-28,1628174.6971101658,BULL
2023-11-29,1637027.2459785047,BULL
2023-11-30,1652870.9430555853,BULL
2023-12-01,1675113.6851316236,BULL
2023-12-04,1702642.2329852742,BULL
2023-12-05,1709881.9672307991,BULL
2023-12-06,1711108.4064273012,BULL
2023-12-07,1716940.1575490343,BULL
2023-12-08,1709229.8981263323,BULL
2023-12-11,1721653.863476534,BULL
2023-12-12,1717826.5926929316,BULL
2023-12-13,1732800.497710704,BULL
2023-12-14,1749048.2696134222,BULL
2023-12-15,1758098.1815224874,BULL
2023-12-18,1760506.788866839,BULL
2023-12-19,1759467.590953579,BULL
2023-12-20,1724019.3888174782,BULL
2023-12-21,1733701.259042415,BULL
2023-12-22,1748434.5373384422,BULL
2023-12-26,1764629.887087857,BULL
2023-12-27,1768197.1422900693,BULL
2023-12-28,1786018.3798638484,BULL
2023-12-29,1785798.915191748,BULL
2024-01-01,1792044.1257988093,BULL
2024-01-02,1786867.3995318909,BULL
2024-01-03,1785451.7590605824,BULL
2024-01-04,1795647.5421011185,BULL
2024-01-05,1797159.7844856055,BULL
2024-01-08,1779711.2150656194,BULL
2024-01-09,1784014.3403175198,BULL
2024-01-10,1783981.0077463211,BULL
2024-01-11,1790564.6666682092,BULL
2024-01-12,1799375.6963964088,BULL
2024-01-15,1811403.1904471791,BULL
2024-01-16,1816355.202676617,BULL
2024-01-17,1794134.9375855867,BULL
2024-01-18,1789671.1179793982,BULL
2024-01-19,1803906.423349562,BULL
2024-01-23,1772364.102492,BULL
2024-01-24,1797212.9841832842,BULL
2024-01-25,1793805.5186542775,BULL
2024-01-29,1826515.1686555096,BULL
2024-01-30,1820845.9125224845,BULL
2024-01-31,1844573.0253806124,BULL
2024-02-01,1844579.4204223615,BULL
2024-02-02,1871775.4224767562,BULL
2024-02-05,1875848.5010826583,BULL
2024-02-06,1886587.5488568752,BULL
2024-02-07,1906472.1273509664,BULL
2024-02-08,1923377.5577139114,BULL
2024-02-09,1906745.2765040873,BULL
2024-02-12,1839894.2245214242,BULL
2024-02-13,1864659.6899290676,BULL
2024-02-14,1888323.198853406,BULL
2024-02-15,1921011.0363446155,BULL
2024-02-16,1925969.793136339,BULL
2024-02-19,1930306.7997104842,BULL
2024-02-20,1930369.899178481,BULL
2024-02-21,1924485.2760641074,BULL
2024-02-22,1933103.3053427092,BULL
2024-02-23,1936139.72204608,BULL
2024-02-26,1929120.031684203,BULL
2024-02-27,1928092.115023666,BULL
2024-02-28,1903764.6937083746,BULL
2024-02-29,1916030.1331442606,BULL
2024-03-01,1929042.727388318,BULL
2024-03-04,1940176.385650615,BULL
2024-03-05,1941188.3981555926,BULL
2024-03-06,1945356.2065504966,BULL
2024-03-07,1949549.2051652768,BULL
2024-03-11,1947056.4603202243,BULL
2024-03-12,1917940.6203513565,BULL
2024-03-13,1857640.1547762975,BULL
2024-03-14,1886314.0951720995,BULL
2024-03-15,1871331.605663915,BULL
2024-03-18,1881811.00200581,BULL
2024-03-19,1854157.3819356957,BULL
2024-03-20,1856990.2762595995,BULL
2024-03-21,1880740.9567984764,BULL
2024-03-22,1864093.5297615004,BULL
2024-03-26,1868082.9894044804,BULL
2024-03-27,1873648.359761112,BULL
2024-03-28,1895711.218854506,BULL
2024-04-01,1914322.2681067553,BULL
2024-04-02,1928607.4075211966,BULL
2024-04-03,1929134.0289854815,BULL
2024-04-04,1930732.537362989,BULL
2024-04-05,1932494.7690998735,BULL
2024-04-08,1954973.7637095996,BULL
2024-04-09,1958899.3709761845,BULL
2024-04-10,1961129.1267026183,BULL
2024-04-12,1970627.9168027418,BULL
2024-04-15,1946121.1298452062,BULL
2024-04-16,1949996.021616758,BULL
2024-04-18,1945596.7826194186,BULL
2024-04-19,1946065.0870886934,BULL
2024-04-22,1946546.2680535135,BULL
2024-04-23,1930063.3381689072,BULL
2024-04-24,1946354.11941879,BULL
2024-04-25,1957703.0007867743,BULL
2024-04-26,1968021.150385744,BULL
2024-04-29,1971754.060695715,BULL
2024-04-30,1975320.8058280214,BULL
2024-05-02,1994630.8776700194,BULL
2024-05-03,1990949.1262115645,BULL
2024-05-06,1964748.9162285943,BULL
2024-05-07,1934965.3754510807,BULL
2024-05-08,1960444.5619677072,BULL
2024-05-09,1934118.8081220873,BULL
2024-05-10,1981493.441974826,BULL
2024-05-13,1996635.1200737427,BULL
2024-05-14,1990680.154477259,BULL
2024-05-15,1991626.4902516992,BULL
2024-05-16,2020632.8214342378,BULL
2024-05-17,2020779.6694964748,BULL
2024-05-21,2057326.8444518407,BULL
2024-05-22,2073607.358515088,BULL
2024-05-23,2065007.7505337216,BULL
2024-05-24,2058521.2332451274,BULL
2024-05-27,2069579.1300398796,BULL
2024-05-28,2081944.2097254617,BULL
2024-05-29,2045808.073128908,BULL
2024-05-30,2020128.6989879303,BULL
2024-05-31,2026600.5350150578,BULL
2024-06-03,2081063.773954493,BULL
2024-06-04,2040698.0140315793,BULL
2024-06-05,2031986.3491077994,BULL
2024-06-06,2065105.2588845685,BULL
2024-06-07,2088884.21638206,BULL
2024-06-10,2084506.0713447244,BULL
2024-06-11,2085882.994469643,BULL
2024-06-12,2093292.3823257084,BULL
2024-06-13,2099270.3408417394,BULL
2024-06-14,2113185.531451636,BULL
2024-06-18,2122624.255286154,BULL
2024-06-19,2100126.029250165,BULL
2024-06-20,2102298.855726805,BULL
2024-06-21,2093045.4328789657,BULL
2024-06-24,2103639.4271541527,BULL
2024-06-25,2110295.2797356746,BULL
2024-06-26,2111771.992101881,BULL
2024-06-27,2113225.5628621597,BULL
2024-06-28,2117679.773328379,BULL
2024-07-01,2139241.797854402,BULL
2024-07-02,2138890.029502797,BULL
2024-07-03,2153183.642803128,BULL
2024-07-04,2164981.4293697863,BULL
2024-07-05,2169279.9346406027,BULL
2024-07-08,2169311.865278551,BULL
2024-07-09,2178047.0735512027,BULL
2024-07-10,2159556.0235169968,BULL
2024-07-11,2166242.800913633,BULL
2024-07-12,2174194.604673582,BULL
2024-07-15,2187313.8538657627,BULL
2024-07-16,2201389.456661679,BULL
2024-07-18,2255737.9201122494,BULL
2024-07-19,2183119.0179307405,BULL
2024-07-22,2184661.631335886,BULL
2024-07-23,2192358.6250588857,BULL
2024-07-24,2196327.1397750517,BULL
2024-07-25,2192983.9885868374,BULL
2024-07-26,2233178.53957809,BULL
2024-07-29,2237598.638633105,BULL
2024-07-30,2237458.0690223807,BULL
2024-07-31,2243697.2211109665,BULL
2024-08-01,2244789.4209313015,BULL
2024-08-02,2210178.72465156,BULL
2024-08-05,2165454.2269291678,BULL
2024-08-06,2150073.726561471,BULL
2024-08-07,2180583.575760715,BULL
2024-08-08,2175093.637273857,BULL
2024-08-09,2177736.39198651,BULL
2024-08-12,2172612.5344528407,BULL
2024-08-13,2169969.2290640473,BULL
2024-08-14,2172913.1944318516,BULL
2024-08-16,2207276.5716025415,BULL
2024-08-19,2219213.751502935,BULL
2024-08-20,2233098.197676306,BULL
2024-08-21,2245698.1175779467,BULL
2024-08-22,2246526.0380647704,BULL
2024-08-23,2238859.8844509106,BULL
2024-08-26,2256766.705627443,BULL
2024-08-27,2259301.128871022,BULL
2024-08-28,2265446.1281537274,BULL
2024-08-29,2269459.909228274,BULL
2024-08-30,2288444.113284484,BULL
2024-09-02,2286507.8560487186,BULL
2024-09-03,2283313.052558361,BULL
2024-09-04,2282008.890754234,BULL
2024-09-05,2288103.432281639,BULL
2024-09-06,2272801.0325388797,BULL
2024-09-09,2275520.0025940165,BULL
2024-09-10,2289776.089323774,BULL
2024-09-11,2297784.478324828,BULL
2024-09-12,2316933.0316156144,BULL
2024-09-13,2325773.954383968,BULL
2024-09-16,2320273.6797696054,BULL
2024-09-17,2322503.813080801,BULL
2024-09-18,2299965.4341667034,BULL
2024-09-19,2291404.815826979,BULL
2024-09-20,2314618.5394824534,BULL
2024-09-23,2329210.4437719914,BULL
2024-09-24,2323192.840639108,BULL
2024-09-25,2321124.541926213,BULL
2024-09-26,2332835.2053996166,BULL
2024-09-27,2336202.6994120907,BULL
2024-09-30,2308964.443962285,BULL
2024-10-01,2334799.5522758462,BULL
2024-10-03,2335085.219772908,BULL
2024-10-04,2356948.6235883445,BULL
2024-10-07,2336600.2338208226,PARTIAL
2024-10-08,2246053.8203912145,PARTIAL
2024-10-09,2233693.7403041935,PARTIAL
2024-10-10,2233717.606219011,PARTIAL
2024-10-11,2237696.3325753063,PARTIAL
2024-10-14,2240895.9217325407,BULL
2024-10-15,2173853.510780436,BULL
2024-10-16,2164780.1844208273,BULL
2024-10-17,2139102.149457373,BULL
2024-10-18,2162295.696789363,BULL
2024-10-21,2142532.7155654887,PARTIAL
2024-10-22,2134705.187715975,PARTIAL
2024-10-23,2160031.324947682,PARTIAL
2024-10-24,2145281.336273361,PARTIAL
2024-10-25,2135201.6210253295,PARTIAL
2024-10-28,2158916.0847001476,BEAR
2024-10-29,2159034.3814719124,BEAR
2024-10-30,2159152.684725692,BEAR
2024-10-31,2159270.9944618414,BEAR
2024-11-01,2159389.3106807163,BEAR
2024-11-04,2159507.6333826715,BEAR
2024-11-05,2159625.9625680624,BEAR
2024-11-06,2159744.298237244,BEAR
2024-11-07,2159862.640390572,BEAR
2024-11-08,2159980.989028402,BEAR
2024-11-11,2160099.344151089,BEAR
2024-11-12,2160217.705758988,BEAR
2024-11-13,2160336.0738524543,BEAR
2024-11-14,2160454.4484318434,BEAR
2024-11-18,2160572.829497511,BEAR
2024-11-19,2160691.2170498124,BEAR
2024-11-21,2160809.611089103,BEAR
2024-11-22,2160928.0116157383,BEAR
2024-11-25,2161046.4186300733,BEAR
2024-11-26,2161164.8321324643,BEAR
2024-11-27,2161283.252123266,BEAR
2024-11-28,2161401.6786028347,BEAR
2024-11-29,2161520.111571525,BEAR
2024-12-02,2161638.551029694,BEAR
2024-12-03,2161756.9969776957,BEAR
2024-12-04,2161875.4494158863,BEAR
2024-12-05,2161993.908344622,BEAR
2024-12-06,2162112.3737642574,BEAR
2024-12-09,2162130.8456751485,BULL
2024-12-10,2176954.7352341353,BULL
2024-12-11,2181303.289742164,BULL
2024-12-12,2184967.658999667,BULL
2024-12-13,2181650.649472566,BULL
2024-12-16,2200635.7763518994,BULL
2024-12-17,2194741.0935275103,BULL
2024-12-18,2172507.9951088303,BULL
2024-12-19,2153813.2611415256,BULL
2024-12-20,2097320.1340081813,BULL
2024-12-23,2106137.5617591306,BEAR
2024-12-24,2106252.966557035,BEAR
2024-12-26,2106368.3776784907,BEAR
2024-12-27,2106483.795123843,BEAR
2024-12-30,2106599.218893439,BEAR
2024-12-31,2106714.6489876253,BEAR
2025-01-01,2106830.085406748,BEAR
2025-01-02,2106945.528151154,BEAR
2025-01-03,2107060.97722119,BEAR
2025-01-06,2107176.4326172024,BEAR
2025-01-07,2107291.8943395377,BEAR
2025-01-08,2107407.362388543,BEAR
2025-01-09,2107522.8367645643,BEAR
2025-01-10,2107638.317467949,BEAR
2025-01-13,2107753.804499043,BEAR
2025-01-14,2107869.297858194,BEAR
2025-01-15,2107984.797545748,BEAR
2025-01-16,2108100.303562052,BEAR
2025-01-17,2108215.8159074527,BEAR
2025-01-20,2108331.334582297,BEAR
2025-01-21,2108446.8595869318,BEAR
2025-01-22,2108562.390921704,BEAR
2025-01-23,2108677.9285869603,BEAR
2025-01-24,2108793.4725830476,BEAR
2025-01-27,2108909.0229103127,BEAR
2025-01-28,2109024.5795691027,BEAR
2025-01-29,2109140.142559764,BEAR
2025-01-30,2109255.7118826443,BEAR
2025-01-31,2109371.2875380903,BEAR
2025-02-01,2109486.8695264487,BEAR
2025-02-03,2109602.457848067,BEAR
2025-02-04,2109718.0525032915,BEAR
2025-02-05,2109833.65349247,BEAR
2025-02-06,2109949.260815949,BEAR
2025-02-07,2110064.874474076,BEAR
2025-02-10,2110180.494467198,BEAR
2025-02-11,2110296.120795662,BEAR
2025-02-12,2110411.7534598154,BEAR
2025-02-13,2110527.3924600054,BEAR
2025-02-14,2110643.037796579,BEAR
2025-02-17,2110758.6894698828,BEAR
2025-02-18,2110874.347480265,BEAR
2025-02-19,2110990.0118280724,BEAR
2025-02-20,2111105.6825136524,BEAR
2025-02-21,2111221.359537352,BEAR
2025-02-24,2111337.0428995183,BEAR
2025-02-25,2111452.7326004994,BEAR
2025-02-27,2111568.428640642,BEAR
2025-02-28,2111684.131020294,BEAR
2025-03-03,2111799.8397398023,BEAR
2025-03-04,2111915.5547995144,BEAR
2025-03-05,2112031.2761997776,BEAR
2025-03-06,2112147.0039409394,BEAR
2025-03-07,2112262.738023347,BEAR
2025-03-10,2112378.478447349,BEAR
2025-03-11,2112494.225213291,BEAR
2025-03-12,2112609.978321522,BEAR
2025-03-13,2112725.7377723893,BEAR
2025-03-17,2112841.50356624,BEAR
2025-03-18,2112957.275703422,BEAR
2025-03-19,2113073.054184282,BEAR
2025-03-20,2113188.839009169,BEAR
2025-03-21,2113304.63017843,BEAR
2025-03-24,2113420.427692413,BEAR
2025-03-25,2113536.2315514646,BEAR
2025-03-26,2113652.0417559333,BEAR
2025-03-27,2113767.8583061667,BEAR
2025-03-28,2113883.6812025122,BEAR
2025-04-01,2113999.510445318,BEAR
2025-04-02,2114115.346034932,BEAR
2025-04-03,2114231.187971701,BEAR
2025-04-04,2114347.0362559734,BEAR
2025-04-07,2114462.890888097,BEAR
2025-04-08,2114578.75186842,BEAR
2025-04-09,2114694.6191972895,BEAR
2025-04-11,2114810.492875054,BEAR
2025-04-15,2114926.372902061,BEAR
2025-04-16,2115042.2592786583,BEAR
2025-04-17,2115158.152005194,BEAR
2025-04-21,2115214.051082016,PARTIAL
2025-04-22,2120997.449342805,PARTIAL
2025-04-23,2120266.0971514685,PARTIAL
2025-04-24,2115183.768913264,PARTIAL
2025-04-25,2100189.994557548,PARTIAL
2025-04-28,2113707.2802116983,PARTIAL
2025-04-29,2118734.3933561053,PARTIAL
2025-04-30,2110348.967417667,PARTIAL
2025-05-02,2104086.0901040356,PARTIAL
2025-05-05,2107446.0266111544,PARTIAL
2025-05-06,2095118.7576607028,PARTIAL
2025-05-07,2101476.0711695747,PARTIAL
2025-05-08,2096813.0201650718,PARTIAL
2025-05-09,2081142.7306859298,PARTIAL
2025-05-12,2123281.031427231,PARTIAL
2025-05-13,2148647.2298804503,PARTIAL
2025-05-14,2161354.3124503195,PARTIAL
2025-05-15,2165271.2385008847,PARTIAL
2025-05-16,2196175.821575424,PARTIAL
2025-05-19,2193191.565872189,BULL
2025-05-20,2162165.0705657885,BULL
2025-05-21,2185295.2670200346,BULL
2025-05-22,2182999.884940287,BULL
2025-05-23,2196766.9112175484,BULL
2025-05-26,2211389.9082263745,BULL
2025-05-27,2210613.6910809777,BULL
2025-05-28,2227141.3015952646,BULL
2025-05-29,2225538.3361460525,BULL
2025-05-30,2208649.005861353,BULL
2025-06-02,2212015.3114641677,BULL
2025-06-03,2217494.3329868787,BULL
2025-06-04,2227033.794102296,BULL
2025-06-05,2247579.873356305,BULL
2025-06-06,2259237.143083543,BULL
2025-06-09,2283588.042607111,BULL
2025-06-10,2278030.0675631636,BULL
2025-06-11,2255650.8912066296,BULL
2025-06-12,2225538.015711975,BULL
2025-06-13,2220556.9362162594,BULL
2025-06-16,2236623.482497423,BULL
2025-06-17,2235976.364664338,BULL
2025-06-18,2239807.472179657,BULL
2025-06-19,2202475.753387479,BULL
2025-06-20,2219511.5561558483,BULL
2025-06-23,2240820.637233372,BULL
2025-06-24,2240153.9048477192,BULL
2025-06-25,2243099.42149005,BULL
2025-06-26,2252322.8053301056,BULL
2025-06-27,2261029.3380629,BULL
2025-06-30,2274073.7163611916,BULL
2025-07-01,2269814.2489214167,BULL
2025-07-02,2260424.4600559575,BULL
2025-07-03,2252931.856022357,BULL
2025-07-04,2244690.913358325,BULL
2025-07-07,2245949.7449465883,BULL
2025-07-08,2241530.70059597,BULL
2025-07-09,2236837.4491181155,BULL
2025-07-10,2227578.266008419,BULL
2025-07-11,2211936.898456661,BULL
2025-07-14,2211136.9243063726,BULL
2025-07-15,2226293.852379162,BULL
2025-07-16,2229003.527980284,BULL
2025-07-17,2228663.132957229,BULL
2025-07-18,2216577.4121158975,BULL
2025-07-21,2223806.9390158616,BULL
2025-07-22,2216413.0208384506,BULL
2025-07-23,2220224.442873299,BULL
2025-07-24,2216557.4516640534,BULL
2025-07-25,2192391.7450590837,BULL
2025-07-28,2175986.379843205,PARTIAL
2025-07-29,2179513.857797869,PARTIAL
2025-07-30,2175577.606046632,PARTIAL
2025-07-31,2153339.2622751454,PARTIAL
2025-08-01,2124332.3703466197,PARTIAL
2025-08-04,2144306.104644128,BEAR
2025-08-05,2144423.6008690405,BEAR
2025-08-06,2144541.103532102,BEAR
2025-08-07,2144658.6126336656,BEAR
2025-08-08,2144776.128174084,BEAR
2025-08-11,2144893.65015371,BEAR
2025-08-12,2145011.178572897,BEAR
2025-08-13,2145128.7134319968,BEAR
2025-08-14,2145246.254731363,BEAR
2025-08-18,2145303.802471349,PARTIAL
2025-08-19,2124101.4354811623,PARTIAL
2025-08-20,2111667.4662700156,PARTIAL
2025-08-21,2123499.3763926392,PARTIAL
2025-08-22,2133652.454721795,PARTIAL
2025-08-25,2150262.384461974,BULL
2025-08-26,2148963.314672485,BULL
2025-08-28,2137079.4189632847,BULL
2025-08-29,2145649.1888276427,BULL
2025-09-01,2176516.4204473556,BEAR
2025-09-02,2176635.681621079,BEAR
2025-09-03,2176754.949329661,BEAR
2025-09-04,2176874.2235734602,BEAR
2025-09-05,2176993.504352834,BEAR
2025-09-08,2177052.791668141,PARTIAL
2025-09-09,2202149.6415170226,PARTIAL
2025-09-10,2208814.316350325,PARTIAL
2025-09-11,2214418.384492313,PARTIAL
2025-09-12,2232862.1261468846,PARTIAL
2025-09-15,2233043.5670376164,BULL
2025-09-16,2258571.2229211745,BULL
2025-09-17,2258969.92865704,BULL
2025-09-18,2265605.1437640633,BULL
2025-09-19,2261867.218829008,BULL
2025-09-22,2354929.292909233,BULL
2025-09-23,2290239.6186735393,BULL
2025-09-24,2285749.683063018,BULL
2025-09-25,2287307.5289093903,BULL
2025-09-26,2303190.059307316,BULL
2025-09-29,2340258.5387900635,BEAR
2025-09-30,2340386.7721346547,BEAR
2025-10-01,2340515.0125057306,BEAR
2025-10-03,2340643.2599036763,BEAR
2025-10-06,2340671.5143288765,BULL
2025-10-07,2272718.6053030007,BULL
2025-10-08,2298565.7348529208,BULL
2025-10-09,2326062.7213418307,BULL
2025-10-10,2312854.6634849026,BULL
2025-10-13,2350157.456578737,BULL
2025-10-14,2379149.169456696,BULL
2025-10-15,2378001.035477531,BULL
2025-10-16,2351434.0331481122,BULL
2025-10-17,2372511.24931493,BULL
2025-10-20,2343715.2268243902,BULL
2025-10-21,2336120.419411137,BULL
2025-10-23,2314685.7465247745,BULL
2025-10-24,2312543.3139635287,BULL
2025-10-27,2294081.7666302645,BULL
2025-10-28,2276710.5352837057,BULL
2025-10-29,2295034.0129683083,BULL
2025-10-30,2283879.4468414155,BULL
2025-10-31,2275429.1154312524,BULL
2025-11-03,2279967.8930271566,BULL
2025-11-04,2266063.0450159474,BULL
2025-11-06,2253871.9541853657,BULL
2025-11-07,2258901.219418418,BULL
2025-11-10,2264951.372842684,BULL
2025-11-11,2268906.984396128,BULL
2025-11-12,2286232.0935576796,BULL
2025-11-13,2282007.814365457,BULL
2025-11-14,2291643.3080082815,BULL
2025-11-17,2306581.6273192833,BULL
2025-11-18,2297722.7132901843,BULL
2025-11-19,2301204.0118159447,BULL
2025-11-20,2300621.162887426,BULL
2025-11-21,2284282.494107212,BULL
2025-11-24,2271936.314011865,BULL
2025-11-25,2275514.0815849192,BULL
2025-11-26,2303645.5159001034,BULL
2025-11-27,2296571.0198381185,BULL
2025-11-28,2289428.4182286793,BULL
2025-12-01,2289869.750172237,BULL
2025-12-02,2276930.858570475,BULL
2025-12-03,2279215.8576202393,BULL
2025-12-04,2270335.005096114,BULL
2025-12-05,2295879.5650660037,BULL
2025-12-08,2277728.1653260957,BULL
2025-12-09,2266072.942963231,BULL
2025-12-10,2255047.0202028872,BULL
2025-12-11,2263877.2687148824,BULL
2025-12-12,2275937.882356213,BULL
2025-12-15,2280042.3557171356,BULL
2025-12-16,2275759.5182626094,BULL
2025-12-17,2229931.4664134798,BULL
2025-12-18,2240940.5872064647,BULL
2025-12-19,2240470.487783184,BULL
2025-12-22,2272754.576527801,BULL
2025-12-23,2280639.419659809,BULL
2025-12-24,2295818.192360266,BULL
2025-12-26,2320737.465389163,BULL
2025-12-29,2306980.005523317,BULL
2025-12-30,2307713.137722863,BULL
2025-12-31,2305563.776176657,BULL
2026-01-01,2311961.8490927955,BULL
2026-01-02,2343250.5652169823,BULL
2026-01-05,2351436.739855121,BULL
2026-01-06,2364310.5808343766,BULL
2026-01-07,2365791.256913371,BULL
2026-01-08,2296264.6357491096,BULL
2026-01-09,2301984.720737217,BULL
2026-01-12,2351600.3559187287,BEAR
2026-01-13,2351729.210732752,BEAR
2026-01-14,2351858.072607313,BEAR
2026-01-15,2351986.941542798,BEAR
2026-01-16,2352115.817539595,BEAR
2026-01-19,2352244.7005980904,BEAR
2026-01-20,2352373.590718671,BEAR
2026-01-21,2352502.4879017244,BEAR
2026-01-22,2352631.392147637,BEAR
2026-01-23,2352760.303456796,BEAR
2026-01-27,2352889.221829588,BEAR
2026-01-28,2353018.147266401,BEAR
2026-01-29,2353147.079767621,BEAR
2026-01-30,2353276.019333636,BEAR
2026-02-02,2353404.9659648323,BEAR
2026-02-03,2353533.919661598,BEAR
2026-02-04,2353662.8804243193,BEAR
2026-02-05,2353791.8482533838,BEAR
2026-02-06,2353920.8231491786,BEAR
2026-02-09,2353989.805112091,PARTIAL
2026-02-10,2362322.938621387,PARTIAL
2026-02-11,2365210.353179403,PARTIAL
2026-02-12,2360132.352887501,PARTIAL
2026-02-13,2341309.507894332,PARTIAL
2026-02-16,2355881.8372274125,BEAR
2026-02-17,2356010.9266431513,BEAR
2026-02-18,2356140.023132283,BEAR
2026-02-19,2356269.1266951943,BEAR
2026-02-20,2356398.2373322737,BEAR
2026-02-23,2356527.3550439086,BEAR
2026-02-24,2356656.4798304867,BEAR
2026-02-25,2356785.6116923955,BEAR
2026-02-26,2356914.7506300225,BEAR
2026-02-27,2357043.896643756,BEAR
2026-03-02,2357173.0497339834,BEAR
2026-03-04,2357302.209901092,BEAR
2026-03-05,2357431.3771454706,BEAR
2026-03-06,2357560.551467506,BEAR
2026-03-09,2357689.732867587,BEAR
2026-03-10,2357818.9213461005,BEAR
2026-03-11,2357948.1169034345,BEAR
2026-03-12,2358077.3195399772,BEAR
2026-03-13,2358206.5292561166,BEAR
2026-03-16,2358335.7460522405,BEAR
2026-03-17,2358464.969928737,BEAR
2026-03-18,2358594.2008859934,BEAR
2026-03-19,2358723.4389243983,BEAR
2026-03-20,2358852.6840443397,BEAR
2026-03-23,2358981.936246205,BEAR
2026-03-24,2359111.1955303834,BEAR
2026-03-25,2359240.461897262,BEAR
2026-03-27,2359369.735347229,BEAR
2026-03-30,2359499.0158806727,BEAR
2026-04-01,2359628.3034979813,BEAR
2026-04-02,2359757.598199543,BEAR
2026-04-06,2359886.899985746,BEAR
2026-04-07,2360016.2088569785,BEAR
2026-04-08,2360145.5248136283,BEAR
2026-04-09,2360274.847856084,BEAR
2026-04-10,2360404.1779847336,BEAR
2026-04-13,2360533.515199966,BEAR
2026-04-15,2360662.859502169,BEAR
2026-04-16,2360792.2108917306,BEAR
2026-04-17,2360921.56936904,BEAR
2026-04-20,2360990.934934485,PARTIAL
2026-04-21,2369793.243081209,PARTIAL
2026-04-22,2375975.6220351937,PARTIAL
2026-04-23,2370992.620797636,PARTIAL
2026-04-24,2358954.4924405916,PARTIAL
2026-04-27,2381414.945755763,BEAR
2026-04-28,2381545.4342459417,BEAR
2026-04-29,2381675.9298861744,BEAR
2026-04-30,2381806.432676853,BEAR
2026-05-01,2381936.94261837,BEAR
2026-05-04,2382067.4597111163,BEAR
2026-05-05,2382197.9839554843,BEAR
2026-05-06,2382328.5153518654,BEAR
2026-05-07,2382459.053900652,BEAR
2026-05-08,2382589.599602236,BEAR
2026-05-11,2382660.152457009,PARTIAL
2026-05-12,2340945.995177917,PARTIAL
2026-05-13,2354274.9273673557,PARTIAL
2026-05-14,2376097.90540298,PARTIAL
2026-05-15,2366817.134685795,PARTIAL
2026-05-18,2354894.151837582,BEAR
2026-05-19,2355023.187133573,BEAR
2026-05-20,2355152.2294999915,BEAR
2026-05-21,2355281.2789372248,BEAR
2026-05-22,2355410.3354456597,BEAR
2026-05-25,2355539.399025684,BEAR
2026-05-26,2355668.4696776858,BEAR
2026-05-27,2355797.5474020517,BEAR
2026-05-28,2355926.63219917,BEAR
2026-05-29,2356055.7240694277,BEAR
2026-06-01,2356184.8230132125,BEAR
2026-06-02,2356313.929030912,BEAR
2026-06-03,2356443.042122914,BEAR
2026-06-04,2356572.162289606,BEAR
2026-06-05,2356701.2895313753,BEAR
2026-06-08,2356830.42384861,BEAR
2026-06-09,2356959.5652416977,BEAR
2026-06-10,2357088.713711026,BEAR
2026-06-11,2357217.869256983,BEAR
2026-06-12,2357347.0318799564,BEAR
2026-06-15,2357476.2015803335,BEAR
2026-06-16,2357605.3783585024,BEAR
2026-06-17,2357734.562214851,BEAR
2026-06-18,2357863.753149767,BEAR
2026-06-19,2357992.9511636384,BEAR
2026-06-22,2358062.1562568536,PARTIAL
2026-06-23,2273700.396747659,PARTIAL
2026-06-24,2276732.0196433854,PARTIAL
2026-06-25,2277367.4847765923,PARTIAL
2026-06-26,2277440.9925418133,PARTIAL
2026-06-29,2277829.403304585,PARTIAL
2026-06-30,2282830.4516345863,PARTIAL
2026-07-01,2291917.9531292226,PARTIAL
2026-07-02,2291421.185985098,PARTIAL
2026-07-03,2305304.7627578843,PARTIAL
2026-07-06,2305725.7907912945,BULL
2026-07-07,2296162.8822346423,BULL
2026-07-08,2253803.7229258656,BULL
2026-07-09,2283831.9956943793,BULL
2026-07-10,2309844.253998443,BULL
2026-07-13,2306628.9065896887,BULL
