,Close
2016-03-28,6334.69189453125
2016-03-29,6322.99169921875
2016-03-30,6436.69189453125
2016-03-31,6452.1416015625
2016-04-01,6445.49169921875
2016-04-04,6479.591796875
2016-04-05,6358.341796875
2016-04-06,6377.99169921875
2016-04-07,6329.79150390625
2016-04-08,6346.6416015625
2016-04-11,6430.591796875
2016-04-12,6470.091796875
2016-04-13,6575.34130859375
2016-04-18,6635.041015625
2016-04-20,6643.291015625
2016-04-21,6634.291015625
2016-04-22,6627.94140625
2016-04-25,6593.44140625
2016-04-26,6669.4912109375
2016-04-27,6684.291015625
2016-04-28,6583.14111328125
2016-04-29,6588.541015625
2016-05-02,6580.14111328125
2016-05-03,6533.541015625
2016-05-04,6484.341796875
2016-05-05,6500.04150390625
2016-05-06,6504.54150390625
2016-05-09,6603.2412109375
2016-05-10,6617.2412109375
2016-05-11,6592.9912109375
2016-05-12,6640.89111328125
2016-05-13,6582.291015625
2016-05-16,6608.2412109375
2016-05-17,6629.69140625
2016-05-18,6621.541015625
2016-05-19,6546.4912109375
2016-05-20,6513.091796875
2016-05-23,6495.24169921875
2016-05-24,6498.591796875
2016-05-25,6626.84130859375
2016-05-26,6725.19140625
2016-05-27,6796.9912109375
2016-05-30,6820.291015625
2016-05-31,6803.9912109375
2016-06-01,6815.44140625
2016-06-02,6849.19140625
2016-06-03,6844.7412109375
2016-06-06,6832.291015625
2016-06-07,6884.14111328125
2016-06-08,6901.79052734375
2016-06-09,6857.7412109375
2016-06-10,6832.041015625
2016-06-13,6785.14111328125
2016-06-14,6793.84130859375
2016-06-15,6865.041015625
2016-06-16,6819.84130859375
2016-06-17,6842.34130859375
2016-06-20,6891.29052734375
2016-06-21,6886.14111328125
2016-06-22,6870.9912109375
2016-06-23,6910.54052734375
2016-06-24,6775.541015625
2016-06-27,6803.69140625
2016-06-28,6837.7412109375
2016-06-29,6907.0908203125
2016-06-30,6980.79052734375
2016-07-01,7027.8408203125
2016-07-04,7071.8408203125
2016-07-05,7050.99072265625
2016-07-07,7050.0908203125
2016-07-08,7039.390625
2016-07-11,7151.3408203125
2016-07-12,7192.24072265625
2016-07-13,7176.99072265625
2016-07-14,7215.3408203125
2016-07-15,7194.390625
2016-07-18,7162.24072265625
2016-07-19,7178.19091796875
2016-07-20,7221.29052734375
2016-07-21,7186.69091796875
2016-07-22,7227.44091796875
2016-07-25,7305.59033203125
2016-07-26,7269.990234375
2016-07-27,7297.89013671875
2016-07-28,7338.64013671875
2016-07-29,7329.990234375
2016-08-01,7335.0400390625
2016-08-02,7310.89013671875
2016-08-03,7232.79052734375
2016-08-04,7248.54052734375
2016-08-05,7364.0400390625
2016-08-08,7398.240234375
2016-08-09,7368.4404296875
2016-08-10,7276.990234375
2016-08-11,7289.490234375
2016-08-12,7347.4404296875
2016-08-16,7339.240234375
2016-08-17,7343.6904296875
2016-08-18,7390.1904296875
2016-08-19,7397.7900390625
2016-08-22,7363.7900390625
2016-08-23,7359.740234375
2016-08-24,7386.0400390625
2016-08-25,7343.490234375
2016-08-26,7334.7900390625
2016-08-29,7360.990234375
2016-08-30,7461.9404296875
2016-08-31,7490.64013671875
2016-09-01,7474.2900390625
2016-09-02,7504.59033203125
2016-09-06,7614.990234375
2016-09-07,7607.1904296875
2016-09-08,7642.68994140625
2016-09-09,7575.5400390625
2016-09-12,7420.490234375
2016-09-14,7455.2900390625
2016-09-15,7462.6904296875
2016-09-16,7487.1904296875
2016-09-19,7513.7900390625
2016-09-20,7490.2900390625
2016-09-21,7491.6904296875
2016-09-22,7572.990234375
2016-09-23,7554.89013671875
2016-09-26,7479.740234375
2016-09-27,7469.9404296875
2016-09-28,7514.9404296875
2016-09-29,7336.84033203125
2016-09-30,7394.84033203125
2016-10-03,7532.240234375
2016-10-04,7567.6904296875
2016-10-05,7565.490234375
2016-10-06,7537.240234375
2016-10-07,7527.1904296875
2016-10-10,7532.6904296875
2016-10-13,7418.34033203125
2016-10-14,7439.84033203125
2016-10-17,7384.490234375
2016-10-18,7512.2900390625
2016-10-19,7507.6904296875
2016-10-20,7538.7900390625
2016-10-21,7541.6904296875
2016-10-24,7551.5400390625
2016-10-25,7541.490234375
2016-10-26,7476.740234375
2016-10-27,7452.14013671875
2016-10-28,7494.09033203125
2016-11-01,7502.1904296875
2016-11-02,7391.39013671875
2016-11-03,7344.09033203125
2016-11-04,7274.09033203125
2016-11-07,7330.9404296875
2016-11-08,7366.0400390625
2016-11-09,7247.44091796875
2016-11-10,7342.2900390625
2016-11-11,7126.49072265625
2016-11-15,6916.44091796875
2016-11-16,6928.0908203125
2016-11-17,6903.44091796875
2016-11-18,6908.49072265625
2016-11-21,6761.541015625
2016-11-22,6835.291015625
2016-11-23,6882.64111328125
2016-11-24,6837.4912109375
2016-11-25,6960.74072265625
2016-11-28,6983.390625
2016-11-29,7003.5908203125
2016-11-30,7079.390625
2016-12-01,7040.24072265625
2016-12-02,6947.29052734375
2016-12-05,6984.24072265625
2016-12-06,7001.5908203125
2016-12-07,6971.19091796875
2016-12-08,7089.24072265625
2016-12-09,7101.140625
2016-12-12,7023.19091796875
2016-12-13,7045.3408203125
2016-12-14,7004.640625
2016-12-15,6989.24072265625
2016-12-16,6976.49072265625
2016-12-19,6943.3408203125
2016-12-20,6908.0908203125
2016-12-21,6895.99072265625
2016-12-22,6816.34130859375
2016-12-23,6814.89111328125
2016-12-26,6724.44140625
2016-12-27,6831.9912109375
2016-12-28,6847.39111328125
2016-12-29,6915.44091796875
2016-12-30,6982.79052734375
2017-01-02,7002.49072265625
2017-01-03,7028.74072265625
2017-01-04,7030.74072265625
2017-01-05,7106.890625
2017-01-06,7083.0908203125
2017-01-09,7085.140625
2017-01-10,7132.19091796875
2017-01-11,7214.140625
2017-01-12,7231.8408203125
2017-01-13,7228.29052734375
2017-01-16,7247.94091796875
2017-01-17,7243.640625
2017-01-18,7268.990234375
2017-01-19,7287.740234375
2017-01-20,7202.74072265625
2017-01-23,7242.54052734375
2017-01-24,7315.240234375
2017-01-25,7417.6904296875
2017-01-27,7455.14013671875
2017-01-30,7452.14013671875
2017-01-31,7379.2900390625
2017-02-01,7516.0400390625
2017-02-02,7547.09033203125
2017-02-03,7569.89013671875
2017-02-06,7628.09033203125
2017-02-07,7603.1904296875
2017-02-08,7614.740234375
2017-02-09,7623.59033203125
2017-02-10,7631.240234375
2017-02-13,7626.9404296875
2017-02-14,7605.0400390625
2017-02-15,7531.59033203125
2017-02-16,7599.4404296875
2017-02-17,7637.98974609375
2017-02-20,7691.83984375
2017-02-21,7725.23974609375
2017-02-22,7721.58984375
2017-02-23,7729.6396484375
2017-02-27,7706.48974609375
2017-02-28,7709.08984375
2017-03-01,7754.68994140625
2017-03-02,7691.6396484375
2017-03-03,7696.18994140625
2017-03-06,7745.3896484375
2017-03-07,7735.28955078125
2017-03-08,7710.93994140625
2017-03-09,7709.98974609375
2017-03-10,7710.8896484375
2017-03-14,7835.6396484375
2017-03-15,7854.73974609375
2017-03-16,7928.53955078125
2017-03-17,7933.08984375
2017-03-20,7918.58984375
2017-03-21,7909.18994140625
2017-03-22,7830.08984375
2017-03-23,7885.68994140625
2017-03-24,7905.28955078125
2017-03-27,7865.28955078125
2017-03-28,7912.08984375
2017-03-29,7945.28955078125
2017-03-30,7976.8896484375
2017-03-31,7995.03955078125
2017-04-03,8053.13916015625
2017-04-05,8095.08935546875
2017-04-06,8092.08935546875
2017-04-07,8045.33935546875
2017-04-10,8052.08935546875
2017-04-11,8107.08935546875
2017-04-12,8078.83935546875
2017-04-13,8044.88916015625
2017-04-17,8042.58935546875
2017-04-18,8003.1396484375
2017-04-19,8020.9892578125
2017-04-20,8063.08935546875
2017-04-21,8057.689453125
2017-04-24,8137.33935546875
2017-04-25,8216.689453125
2017-04-26,8230.8388671875
2017-04-27,8222.189453125
2017-04-28,8214.2890625
2017-05-02,8231.3388671875
2017-05-03,8227.689453125
2017-05-04,8265.7890625
2017-05-05,8193.2392578125
2017-05-08,8226.0888671875
2017-05-09,8242.689453125
2017-05-10,8320.189453125
2017-05-11,8330.9892578125
2017-05-12,8299.189453125
2017-05-15,8351.2890625
2017-05-16,8398.939453125
2017-05-17,8395.9892578125
2017-05-18,8279.1396484375
2017-05-19,8258.189453125
2017-05-22,8235.0390625
2017-05-23,8159.13916015625
2017-05-24,8106.58935546875
2017-05-25,8233.8896484375
2017-05-26,8331.8388671875
2017-05-29,8299.4892578125
2017-05-30,8328.939453125
2017-05-31,8350.939453125
2017-06-01,8367.1396484375
2017-06-02,8406.5390625
2017-06-05,8435.7392578125
2017-06-06,8397.189453125
2017-06-07,8431.4892578125
2017-06-08,8429.1396484375
2017-06-09,8452.7392578125
2017-06-12,8408.689453125
2017-06-13,8407.9892578125
2017-06-14,8420.7890625
2017-06-15,8400.189453125
2017-06-16,8411.439453125
2017-06-19,8453.0888671875
2017-06-20,8453.9892578125
2017-06-21,8443.5888671875
2017-06-22,8423.8388671875
2017-06-23,8355.0888671875
2017-06-27,8285.4892578125
2017-06-28,8279.689453125
2017-06-29,8301.0888671875
2017-06-30,8331.5888671875
2017-07-03,8416.3896484375
2017-07-04,8410.689453125
2017-07-05,8451.4892578125
2017-07-06,8481.7392578125
2017-07-07,8479.439453125
2017-07-10,8556.939453125
2017-07-11,8544.8896484375
2017-07-12,8585.48828125
2017-07-13,8646.2880859375
2017-07-14,8640.6884765625
2017-07-17,8659.48828125
2017-07-18,8589.7880859375
2017-07-19,8662.138671875
2017-07-20,8641.587890625
2017-07-21,8669.73828125
2017-07-24,8702.837890625
2017-07-25,8710.587890625
2017-07-26,8748.73828125
2017-07-27,8737.087890625
2017-07-28,8747.4384765625
2017-07-31,8793.2880859375
2017-08-01,8812.587890625
2017-08-02,8786.837890625
2017-08-03,8729.2880859375
2017-08-04,8776.1884765625
2017-08-07,8806.4384765625
2017-08-08,8726.837890625
2017-08-09,8637.138671875
2017-08-10,8497.7392578125
2017-08-11,8427.689453125
2017-08-14,8541.4892578125
2017-08-16,8635.6884765625
2017-08-17,8643.2880859375
2017-08-18,8594.23828125
2017-08-21,8509.3896484375
2017-08-22,8499.2890625
2017-08-23,8584.98828125
2017-08-24,8605.73828125
2017-08-28,8669.587890625
2017-08-29,8571.7880859375
2017-08-30,8663.138671875
2017-08-31,8694.9384765625
2017-09-01,8755.23828125
2017-09-04,8700.337890625
2017-09-05,8747.1884765625
2017-09-06,8732.388671875
2017-09-07,8757.138671875
2017-09-08,8749.9384765625
2017-09-11,8810.9384765625
2017-09-12,8890.638671875
2017-09-13,8866.837890625
2017-09-14,8884.9384765625
2017-09-15,8887.587890625
2017-09-18,8946.888671875
2017-09-19,8951.73828125
2017-09-20,8938.388671875
2017-09-21,8911.1884765625
2017-09-22,8737.98828125
2017-09-25,8638.2880859375
2017-09-26,8654.587890625
2017-09-27,8520.939453125
2017-09-28,8557.0888671875
2017-09-29,8599.98828125
2017-10-03,8662.388671875
2017-10-04,8706.837890625
2017-10-05,8706.4384765625
2017-10-06,8787.388671875
2017-10-09,8798.2880859375
2017-10-10,8836.388671875
2017-10-11,8792.388671875
2017-10-12,8890.0380859375
2017-10-13,8937.1884765625
2017-10-16,8985.23828125
2017-10-17,9002.337890625
2017-10-18,8984.638671875
2017-10-19,8937.638671875
2017-10-23,8972.888671875
2017-10-24,8993.7880859375
2017-10-25,9065.138671875
2017-10-26,9106.73828125
2017-10-27,9104.4384765625
2017-10-30,9165.087890625
2017-10-31,9153.587890625
2017-11-01,9234.837890625
2017-11-02,9237.73828125
2017-11-03,9260.638671875
2017-11-06,9273.087890625
2017-11-07,9169.5380859375
2017-11-08,9117.5380859375
2017-11-09,9147.2880859375
2017-11-10,9154.9384765625
2017-11-13,9082.4384765625
2017-11-14,9051.48828125
2017-11-15,8973.73828125
2017-11-16,9064.98828125
2017-11-17,9137.087890625
2017-11-20,9161.888671875
2017-11-21,9185.388671875
2017-11-22,9195.6884765625
2017-11-23,9207.388671875
2017-11-24,9246.0380859375
2017-11-27,9267.48828125
2017-11-28,9254.2880859375
2017-11-29,9244.6884765625
2017-11-30,9154.48828125
2017-12-01,9060.388671875
2017-12-04,9059.337890625
2017-12-05,9056.587890625
2017-12-06,8988.5380859375
2017-12-07,9103.0380859375
2017-12-08,9190.5380859375
2017-12-11,9231.888671875
2017-12-12,9156.48828125
2017-12-13,9101.7880859375
2017-12-14,9133.638671875
2017-12-15,9216.73828125
2017-12-18,9270.837890625
2017-12-19,9360.4375
2017-12-20,9363.4375
2017-12-21,9387.7373046875
2017-12-22,9431.4873046875
2017-12-26,9470.3369140625
2017-12-27,9438.2373046875
2017-12-28,9435.8369140625
2017-12-29,9490.6376953125
2018-01-01,9434.4873046875
2018-01-02,9417.8369140625
2018-01-03,9439.3369140625
2018-01-04,9505.7373046875
2018-01-05,9573.4375
2018-01-08,9639.2373046875
2018-01-09,9640.7373046875
2018-01-10,9630.5869140625
2018-01-11,9650.287109375
2018-01-12,9665.1875
2018-01-15,9699.8369140625
2018-01-16,9612.5869140625
2018-01-17,9686.5869140625
2018-01-18,9646.787109375
2018-01-19,9723.0869140625
2018-01-22,9787.287109375
2018-01-23,9877.1875
2018-01-24,9853.8876953125
2018-01-25,9809.9873046875
2018-01-29,9819.4375
2018-01-30,9743.037109375
2018-01-31,9697.8876953125
2018-02-01,9687.037109375
2018-02-02,9409.787109375
2018-02-05,9344.3876953125
2018-02-06,9190.5380859375
2018-02-07,9206.337890625
2018-02-08,9322.5869140625
2018-02-09,9251.087890625
2018-02-12,9348.4375
2018-02-14,9326.6875
2018-02-15,9323.5869140625
2018-02-16,9235.587890625
2018-02-19,9159.9384765625
2018-02-20,9151.0380859375
2018-02-21,9167.587890625
2018-02-22,9138.48828125
2018-02-23,9251.337890625
2018-02-26,9332.6376953125
2018-02-27,9302.23828125
2018-02-28,9261.888671875
2018-03-01,9225.337890625
2018-03-05,9136.087890625
2018-03-06,9039.7880859375
2018-03-07,8936.837890625
2018-03-08,9000.6884765625
2018-03-09,8986.388671875
2018-03-12,9121.73828125
2018-03-13,9157.888671875
2018-03-14,9151.5380859375
2018-03-15,9133.888671875
2018-03-16,9004.4384765625
2018-03-19,8894.1884765625
2018-03-20,8920.4384765625
2018-03-21,8949.087890625
2018-03-22,8903.98828125
2018-03-23,8800.7880859375
2018-03-26,8914.337890625
2018-03-27,8978.087890625
2018-03-28,8912.087890625
2018-04-02,9023.587890625
2018-04-03,9074.837890625
2018-04-04,8975.587890625
2018-04-05,9146.138671875
2018-04-06,9172.0380859375
2018-04-09,9205.1884765625
2018-04-10,9219.138671875
2018-04-11,9230.837890625
2018-04-12,9247.23828125
2018-04-13,9267.638671875
2018-04-16,9311.287109375
2018-04-17,9330.287109375
2018-04-18,9311.5869140625
2018-04-19,9356.3876953125
2018-04-20,9347.6376953125
2018-04-23,9373.3876953125
2018-04-24,9390.3876953125
2018-04-25,9349.9375
2018-04-26,9381.3369140625
2018-04-27,9443.6376953125
2018-04-30,9496.4873046875
2018-05-02,9444.4873046875
2018-05-03,9388.6376953125
2018-05-04,9339.7373046875
2018-05-07,9418.787109375
2018-05-08,9419.8369140625
2018-05-09,9418.8876953125
2018-05-10,9360.9375
2018-05-11,9416.3369140625
2018-05-14,9389.9375
2018-05-15,9365.8876953125
2018-05-16,9328.6875
2018-05-17,9304.4384765625
2018-05-18,9209.1884765625
2018-05-21,9108.6884765625
2018-05-22,9145.638671875
2018-05-23,9069.7880859375
2018-05-24,9115.5380859375
2018-05-25,9215.5380859375
2018-05-28,9307.5380859375
2018-05-29,9270.587890625
2018-05-30,9254.98828125
2018-05-31,9315.3369140625
2018-06-01,9255.087890625
2018-06-04,9175.888671875
2018-06-05,9110.48828125
2018-06-06,9205.888671875
2018-06-07,9300.087890625
2018-06-08,9316.2373046875
2018-06-11,9332.3876953125
2018-06-12,9386.4375
2018-06-13,9386.3876953125
2018-06-14,9356.6376953125
2018-06-15,9343.6875
2018-06-18,9318.537109375
2018-06-19,9234.48828125
2018-06-20,9276.388671875
2018-06-21,9240.23828125
2018-06-22,9296.638671875
2018-06-25,9234.388671875
2018-06-26,9231.7880859375
2018-06-27,9129.23828125
2018-06-28,9036.9384765625
2018-06-29,9162.4384765625
2018-07-02,9108.98828125
2018-07-03,9149.388671875
2018-07-04,9194.5380859375
2018-07-05,9166.587890625
2018-07-06,9194.48828125
2018-07-09,9277.9384765625
2018-07-10,9359.3876953125
2018-07-11,9344.2373046875
2018-07-12,9380.8876953125
2018-07-13,9349.037109375
2018-07-16,9231.23828125
2018-07-17,9315.2373046875
2018-07-18,9269.5380859375
2018-07-19,9236.2880859375
2018-07-20,9286.087890625
2018-07-23,9363.8369140625
2018-07-24,9450.6376953125
2018-07-25,9449.8876953125
2018-07-26,9487.8876953125
2018-07-27,9579.037109375
2018-07-30,9618.6875
2018-07-31,9650.5869140625
2018-08-01,9651.6875
2018-08-02,9588.787109375
2018-08-03,9685.6875
2018-08-06,9709.3369140625
2018-08-07,9704.787109375
2018-08-08,9744.7373046875
2018-08-09,9769.0869140625
2018-08-10,9724.4375
2018-08-13,9656.4873046875
2018-08-14,9726.1376953125
2018-08-16,9685.6376953125
2018-08-17,9770.1875
2018-08-20,9839.7373046875
2018-08-21,9862.4873046875
2018-08-23,9872.537109375
2018-08-24,9850.787109375
2018-08-27,9958.787109375
2018-08-28,9985.8876953125
2018-08-29,9973.6376953125
2018-08-30,9975.1875
2018-08-31,9991.9873046875
2018-09-03,9921.6376953125
2018-09-04,9806.037109375
2018-09-05,9764.537109375
2018-09-06,9815.4375
2018-09-07,9875.1875
2018-09-10,9740.0869140625
2018-09-11,9607.0869140625
2018-09-12,9660.5869140625
2018-09-14,9792.7373046875
2018-09-17,9696.4375
2018-09-18,9594.2373046875
2018-09-19,9545.6875
2018-09-21,9425.537109375
2018-09-24,9243.138671875
2018-09-25,9303.337890625
2018-09-26,9302.23828125
2018-09-27,9202.337890625
2018-09-28,9115.98828125
2018-10-01,9165.48828125
2018-10-03,9056.6884765625
2018-10-04,8854.837890625
2018-10-05,8624.9384765625
2018-10-08,8602.587890625
2018-10-09,8562.939453125
2018-10-10,8748.48828125
2018-10-11,8565.587890625
2018-10-12,8767.087890625
2018-10-15,8811.98828125
2018-10-16,8893.7880859375
2018-10-17,8758.587890625
2018-10-19,8640.638671875
2018-10-22,8576.9384765625
2018-10-23,8489.8896484375
2018-10-24,8555.6396484375
2018-10-25,8473.4892578125
2018-10-26,8417.2392578125
2018-10-29,8610.087890625
2018-10-30,8600.2880859375
2018-10-31,8753.4384765625
2018-11-01,8772.48828125
2018-11-02,8899.388671875
2018-11-05,8877.888671875
2018-11-06,8870.2880859375
2018-11-07,8929.837890625
2018-11-09,8946.337890625
2018-11-12,8859.23828125
2018-11-13,8923.5380859375
2018-11-14,8921.4384765625
2018-11-15,8954.638671875
2018-11-16,8993.23828125
2018-11-19,9052.73828125
2018-11-20,8960.138671875
2018-11-21,8940.2880859375
2018-11-22,8878.98828125
2018-11-26,8942.98828125
2018-11-27,8983.888671875
2018-11-28,8993.23828125
2018-11-29,9081.837890625
2018-11-30,9109.138671875
2018-12-03,9126.888671875
2018-12-04,9116.4384765625
2018-12-05,9029.4384765625
2018-12-06,8883.23828125
2018-12-07,8940.638671875
2018-12-10,8769.587890625
2018-12-11,8845.138671875
2018-12-12,9021.587890625
2018-12-13,9077.2880859375
2018-12-14,9091.2880859375
2018-12-17,9153.9384765625
2018-12-18,9177.337890625
2018-12-19,9246.7880859375
2018-12-20,9234.4384765625
2018-12-21,9082.5380859375
2018-12-24,9002.4384765625
2018-12-26,9041.6884765625
2018-12-27,9078.7880859375
2018-12-28,9152.5380859375
2018-12-31,9169.98828125
2019-01-01,9197.888671875
2019-01-02,9103.388671875
2019-01-03,9014.7880859375
2019-01-04,9054.888671875
2019-01-07,9081.138671875
2019-01-08,9098.638671875
2019-01-09,9127.4384765625
2019-01-10,9119.388671875
2019-01-11,9098.1884765625
2019-01-14,9051.4384765625
2019-01-15,9157.138671875
2019-01-16,9158.73828125
2019-01-17,9161.587890625
2019-01-18,9140.087890625
2019-01-21,9155.2880859375
2019-01-22,9131.138671875
2019-01-23,9068.837890625
2019-01-24,9072.1884765625
2019-01-25,8994.337890625
2019-01-28,8876.587890625
2019-01-29,8875.638671875
2019-01-30,8884.888671875
2019-01-31,9003.837890625
2019-02-01,9056.2880859375
2019-02-04,9041.98828125
2019-02-05,9033.587890625
2019-02-06,9118.6884765625
2019-02-07,9145.7880859375
2019-02-08,9036.888671875
2019-02-11,8967.138671875
2019-02-12,8925.2880859375
2019-02-14,8869.2880859375
2019-02-15,8827.0380859375
2019-02-18,8754.337890625
2019-02-19,8742.2880859375
2019-02-20,8845.587890625
2019-02-21,8901.6884765625
2019-02-22,8919.73828125
2019-02-25,8983.837890625
2019-02-26,8953.138671875
2019-02-27,8946.1884765625
2019-02-28,8955.9384765625
2019-03-01,9037.48828125
2019-03-05,9173.587890625
2019-03-06,9230.4384765625
2019-03-07,9225.337890625
2019-03-08,9211.0380859375
2019-03-11,9345.5869140625
2019-03-12,9440.8369140625
2019-03-13,9450.2373046875
2019-03-14,9447.1875
2019-03-15,9499.3876953125
2019-03-18,9516.6875
2019-03-19,9570.1376953125
2019-03-20,9552.9873046875
2019-03-22,9500.037109375
2019-03-25,9411.6376953125
2019-03-26,9512.5869140625
2019-03-27,9501.787109375
2019-03-28,9601.9375
2019-04-01,9701.9873046875
2019-04-02,9720.787109375
2019-04-03,9658.3876953125
2019-04-04,9626.6376953125
2019-04-05,9684.9375
2019-04-08,9634.3876953125
2019-04-09,9677.7373046875
2019-04-10,9622.9375
2019-04-11,9634.537109375
2019-04-12,9674.5869140625
2019-04-15,9716.4873046875
2019-04-16,9781.3876953125
2019-04-18,9738.6875
2019-04-22,9599.787109375
2019-04-23,9587.287109375
2019-04-24,9687.537109375
2019-04-25,9628.787109375
2019-04-26,9689.6875
2019-04-30,9664.287109375
2019-05-02,9637.4873046875
2019-05-03,9624.537109375
2019-05-06,9532.4375
2019-05-07,9450.787109375
2019-05-08,9340.2373046875
2019-05-09,9299.73828125
2019-05-10,9290.1884765625
2019-05-13,9159.9384765625
2019-05-14,9212.337890625
2019-05-15,9160.087890625
2019-05-16,9221.638671875
2019-05-17,9329.6875
2019-05-20,9671.8876953125
2019-05-21,9578.8369140625
2019-05-22,9598.1875
2019-05-23,9552.7373046875
2019-05-24,9722.037109375
2019-05-27,9804.8876953125
2019-05-28,9815.4873046875
2019-05-29,9757.1376953125
2019-05-30,9815.287109375
2019-05-31,9805.037109375
2019-06-03,9922.5869140625
2019-06-04,9876.1875
2019-06-06,9722.4873046875
2019-06-07,9735.8369140625
2019-06-10,9765.8369140625
2019-06-11,9805.0869140625
2019-06-12,9749.9375
2019-06-13,9747.037109375
2019-06-14,9669.9375
2019-06-17,9543.5869140625
2019-06-18,9551.3369140625
2019-06-19,9526.1875
2019-06-20,9645.9873046875
2019-06-21,9581.5869140625
2019-06-24,9564.0869140625
2019-06-25,9632.8369140625
2019-06-26,9682.787109375
2019-06-27,9692.3369140625
2019-06-28,9657.9375
2019-07-01,9712.9873046875
2019-07-02,9744.8369140625
2019-07-03,9757.287109375
2019-07-04,9776.787109375
2019-07-05,9657.6376953125
2019-07-08,9447.787109375
2019-07-09,9455.6376953125
2019-07-10,9400.0869140625
2019-07-11,9466.3876953125
2019-07-12,9457.7373046875
2019-07-15,9469.1376953125
2019-07-16,9529.8369140625
2019-07-17,9543.3369140625
2019-07-18,9456.1376953125
2019-07-19,9304.638671875
2019-07-22,9247.73828125
2019-07-23,9233.5380859375
2019-07-24,9160.4384765625
2019-07-25,9159.138671875
2019-07-26,9192.587890625
2019-07-29,9108.888671875
2019-07-30,9004.0380859375
2019-07-31,9044.9384765625
2019-08-01,8935.73828125
2019-08-02,8943.9384765625
2019-08-05,8831.9384765625
2019-08-06,8918.587890625
2019-08-07,8854.638671875
2019-08-08,8979.638671875
2019-08-09,9046.5380859375
2019-08-13,8890.087890625
2019-08-14,8971.087890625
2019-08-16,8988.7880859375
2019-08-19,8997.9384765625
2019-08-20,8957.388671875
2019-08-21,8864.48828125
2019-08-22,8719.23828125
2019-08-23,8790.5380859375
2019-08-26,8964.6884765625
2019-08-27,9022.23828125
2019-08-28,8970.888671875
2019-08-29,8906.087890625
2019-08-30,8977.5380859375
2019-09-03,8802.337890625
2019-09-04,8833.087890625
2019-09-05,8846.2880859375
2019-09-06,8920.388671875
2019-09-09,8972.388671875
2019-09-11,9015.138671875
2019-09-12,8981.587890625
2019-09-13,9050.837890625
2019-09-16,9009.138671875
2019-09-17,8853.888671875
2019-09-18,8877.6884765625
2019-09-19,8766.4384765625
2019-09-20,9230.48828125
2019-09-23,9486.5869140625
2019-09-24,9474.7373046875
2019-09-25,9344.1376953125
2019-09-26,9443.787109375
2019-09-27,9395.5869140625
2019-09-30,9340.8876953125
2019-10-01,9236.388671875
2019-10-03,9198.388671875
2019-10-04,9091.638671875
2019-10-07,9040.638671875
2019-10-09,9177.9384765625
2019-10-10,9112.73828125
2019-10-11,9161.388671875
2019-10-14,9192.638671875
2019-10-15,9253.837890625
2019-10-16,9281.837890625
2019-10-17,9390.9873046875
2019-10-18,9479.1875
2019-10-22,9448.2373046875
2019-10-23,9458.6376953125
2019-10-24,9437.6376953125
2019-10-25,9431.0869140625
2019-10-29,9598.3369140625
2019-10-30,9647.537109375
2019-10-31,9689.6376953125
2019-11-01,9703.9873046875
2019-11-04,9732.3876953125
2019-11-05,9694.037109375
2019-11-06,9721.3369140625
2019-11-07,9764.287109375
2019-11-08,9683.287109375
2019-11-11,9695.8369140625
2019-11-13,9633.9375
2019-11-14,9650.3876953125
2019-11-15,9667.287109375
2019-11-18,9668.5869140625
2019-11-19,9702.1376953125
2019-11-20,9744.8876953125
2019-11-21,9712.3369140625
2019-11-22,9679.287109375
2019-11-25,9802.037109375
2019-11-26,9762.8369140625
2019-11-27,9815.9375
2019-11-28,9869.7373046875
2019-11-29,9813.6376953125
2019-12-02,9797.9873046875
2019-12-03,9743.1376953125
2019-12-04,9782.0869140625
2019-12-05,9757.5869140625
2019-12-06,9669.3876953125
2019-12-09,9671.4375
2019-12-10,9595.3876953125
2019-12-11,9636.2373046875
2019-12-12,9691.1376953125
2019-12-13,9783.5869140625
2019-12-16,9752.9873046875
2019-12-17,9831.3369140625
2019-12-18,9864.537109375
2019-12-19,9892.287109375
2019-12-20,9905.3369140625
2019-12-23,9897.6376953125
2019-12-24,9868.3876953125
2019-12-26,9817.1875
2019-12-27,9908.6875
2019-12-30,9924.6875
2019-12-31,9872.537109375
2020-01-01,9888.537109375
2020-01-02,9979.9873046875
2020-01-03,9941.6376953125
2020-01-06,9747.3876953125
2020-01-07,9805.3876953125
2020-01-08,9792.1875
2020-01-09,9943.8876953125
2020-01-10,9977.9873046875
2020-01-13,10042.4873046875
2020-01-14,10075.8359375
2020-01-15,10087.0361328125
2020-01-16,10110.0361328125
2020-01-17,10118.6865234375
2020-01-20,10025.6875
2020-01-21,9987.537109375
2020-01-22,9946.9873046875
2020-01-23,10021.3876953125
2020-01-24,10083.6865234375
2020-01-27,9999.5869140625
2020-01-28,9956.9375
2020-01-29,10009.287109375
2020-01-30,9919.1875
2020-01-31,9861.4375
2020-02-03,9650.537109375
2020-02-04,9853.037109375
2020-02-05,9951.3369140625
2020-02-06,10004.1875
2020-02-07,10000.7373046875
2020-02-10,9945.6376953125
2020-02-11,9987.037109375
2020-02-12,10037.0869140625
2020-02-13,10017.7373046875
2020-02-14,9961.037109375
2020-02-17,9890.9873046875
2020-02-18,9845.537109375
2020-02-19,9970.4873046875
2020-02-20,9958.6376953125
2020-02-24,9758.1875
2020-02-25,9724.6875
2020-02-26,9622.6875
2020-02-27,9579.3369140625
2020-02-28,9236.0380859375
2020-03-02,9178.7880859375
2020-03-03,9324.287109375
2020-03-04,9258.23828125
2020-03-05,9280.138671875
2020-03-06,9059.9384765625
2020-03-09,8631.337890625
2020-03-11,8618.0380859375
2020-03-12,7901.33984375
2020-03-13,8162.9892578125
2020-03-16,7591.89013671875
2020-03-17,7417.64013671875
2020-03-18,7010.54052734375
2020-03-19,6807.19140625
2020-03-20,7160.0908203125
2020-03-23,6242.99169921875
2020-03-24,6365.44189453125
2020-03-25,6723.9912109375
2020-03-26,6993.8408203125
2020-03-27,7003.29052734375
2020-03-30,6749.19140625
2020-03-31,6996.74072265625
2020-04-01,6761.94140625
2020-04-03,6638.44140625
2020-04-07,7148.99072265625
2020-04-08,7161.44091796875
2020-04-09,7441.64013671875
2020-04-13,7360.34033203125
2020-04-15,7344.34033203125
2020-04-16,7412.2900390625
2020-04-17,7614.39013671875
2020-04-20,7614.59033203125
2020-04-21,7395.84033203125
2020-04-22,7533.7900390625
2020-04-23,7625.2900390625
2020-04-24,7493.4404296875
2020-04-27,7603.9404296875
2020-04-28,7672.43994140625
2020-04-29,7797.18994140625
2020-04-30,8012.88916015625
2020-05-04,7596.89013671875
2020-05-05,7523.0400390625
2020-05-06,7575.490234375
2020-05-07,7520.84033203125
2020-05-08,7551.990234375
2020-05-11,7556.39013671875
2020-05-12,7520.89013671875
2020-05-13,7666.98974609375
2020-05-14,7514.5400390625
2020-05-15,7504.0400390625
2020-05-18,7245.24072265625
2020-05-19,7284.490234375
2020-05-20,7426.84033203125
2020-05-21,7470.59033203125
2020-05-22,7415.990234375
2020-05-26,7424.490234375
2020-05-27,7595.5400390625
2020-05-28,7732.23974609375
2020-05-29,7822.3896484375
2020-06-01,8020.08935546875
2020-06-02,8137.439453125
2020-06-03,8202.9892578125
2020-06-04,8185.88916015625
2020-06-05,8299.3388671875
2020-06-08,8323.939453125
2020-06-09,8238.0888671875
2020-06-10,8293.3388671875
2020-06-11,8136.9892578125
2020-06-12,8196.3896484375
2020-06-15,8086.439453125
2020-06-16,8152.2890625
2020-06-17,8140.439453125
2020-06-18,8283.6396484375
2020-06-19,8403.3896484375
2020-06-22,8486.439453125
2020-06-23,8621.087890625
2020-06-24,8496.2392578125
2020-06-25,8499.8896484375
2020-06-26,8558.9892578125
2020-06-29,8488.0390625
2020-06-30,8474.7890625
2020-07-01,8554.7392578125
2020-07-02,8647.837890625
2020-07-03,8696.23828125
2020-07-06,8815.6884765625
2020-07-07,8850.2880859375
2020-07-08,8784.98828125
2020-07-09,8851.48828125
2020-07-10,8813.9384765625
2020-07-13,8834.1884765625
2020-07-14,8693.337890625
2020-07-15,8689.837890625
2020-07-16,8766.587890625
2020-07-17,8895.2880859375
2020-07-20,8985.087890625
2020-07-21,9070.587890625
2020-07-22,9046.587890625
2020-07-23,9114.0380859375
2020-07-24,9085.9384765625
2020-07-27,9024.888671875
2020-07-28,9141.73828125
2020-07-29,9096.087890625
2020-07-30,9031.6884765625
2020-07-31,9035.73828125
2020-08-03,8932.0380859375
2020-08-04,9074.9384765625
2020-08-05,9088.73828125
2020-08-06,9169.087890625
2020-08-07,9198.638671875
2020-08-10,9268.5380859375
2020-08-11,9290.98828125
2020-08-12,9284.7880859375
2020-08-13,9307.837890625
2020-08-14,9214.388671875
2020-08-17,9267.888671875
2020-08-18,9382.037109375
2020-08-19,9412.537109375
2020-08-20,9368.7373046875
2020-08-21,9423.537109375
2020-08-24,9498.3369140625
2020-08-25,9509.2373046875
2020-08-26,9567.1376953125
2020-08-27,9580.6875
2020-08-28,9641.037109375
2020-08-31,9372.037109375
2020-09-01,9442.2373046875
2020-09-02,9518.3876953125
2020-09-03,9534.6376953125
2020-09-04,9377.9375
2020-09-07,9379.0869140625
2020-09-08,9329.8369140625
2020-09-09,9290.1884765625
2020-09-10,9420.2373046875
2020-09-11,9446.3876953125
2020-09-14,9493.287109375
2020-09-15,9573.3369140625
2020-09-16,9632.4873046875
2020-09-17,9566.7373046875
2020-09-18,9559.4873046875
2020-09-21,9312.9873046875
2020-09-22,9213.888671875
2020-09-23,9194.337890625
2020-09-24,8944.73828125
2020-09-25,9156.087890625
2020-09-28,9330.2373046875
2020-09-29,9319.6875
2020-09-30,9341.7373046875
2020-10-01,9461.6875
2020-10-05,9516.287109375
2020-10-06,9622.3369140625
2020-10-07,9654.4873046875
2020-10-08,9711.787109375
2020-10-09,9750.1376953125
2020-10-12,9745.3369140625
2020-10-13,9736.4375
2020-10-14,9763.3876953125
2020-10-15,9550.037109375
2020-10-16,9626.2373046875
2020-10-19,9709.287109375
2020-10-20,9732.9873046875
2020-10-21,9756.5869140625
2020-10-22,9745.037109375
2020-10-23,9780.3369140625
2020-10-26,9647.6376953125
2020-10-27,9748.287109375
2020-10-28,9632.3369140625
2020-10-29,9593.3876953125
2020-10-30,9581.6376953125
2020-11-02,9595.9375
2020-11-03,9696.287109375
2020-11-04,9764.5869140625
2020-11-05,9935.3369140625
2020-11-06,10033.4873046875
2020-11-09,10176.3359375
2020-11-10,10268.986328125
2020-11-11,10356.486328125
2020-11-12,10342.6865234375
2020-11-13,10387.1865234375
2020-11-17,10523.986328125
2020-11-18,10588.3359375
2020-11-19,10477.486328125
2020-11-20,10560.5361328125
2020-11-23,10635.9365234375
2020-11-24,10733.5859375
2020-11-25,10574.9365234375
2020-11-26,10674.0361328125
2020-11-27,10719.0361328125
2020-12-01,10835.1357421875
2020-12-02,10858.1357421875
2020-12-03,10893.5849609375
2020-12-04,10978.8349609375
2020-12-07,11070.2353515625
2020-12-08,11088.6357421875
2020-12-09,11181.185546875
2020-12-10,11141.3349609375
2020-12-11,11171.3857421875
2020-12-14,11215.2353515625
2020-12-15,11223.8857421875
2020-12-16,11320.0849609375
2020-12-17,11346.3349609375
2020-12-18,11354.9853515625
2020-12-21,10964.2353515625
2020-12-22,11075.7353515625
2020-12-23,11225.53515625
2020-12-24,11325.2353515625
2020-12-28,11434.685546875
2020-12-29,11466.9853515625
2020-12-30,11509.6357421875
2020-12-31,11518.28515625
2021-01-04,11691.7841796875
2021-01-05,11766.984375
2021-01-06,11737.884765625
2021-01-07,11766.083984375
2021-01-08,11925.583984375
2021-01-11,12006.484375
2021-01-12,12058.333984375
2021-01-13,12041.083984375
2021-01-14,12069.484375
2021-01-15,11931.1845703125
2021-01-18,11776.1845703125
2021-01-19,11981.833984375
2021-01-20,12078.333984375
2021-01-21,12015.9345703125
2021-01-22,11854.484375
2021-01-25,11743.6845703125
2021-01-27,11546.333984375
2021-01-28,11442.53515625
2021-01-29,11302.3857421875
2021-02-01,11770.134765625
2021-02-02,12053.234375
2021-02-03,12174.0341796875
2021-02-04,12285.833984375
2021-02-05,12279.833984375
2021-02-08,12441.283203125
2021-02-09,12434.18359375
2021-02-10,12452.43359375
2021-02-11,12514.0830078125
2021-02-12,12508.533203125
2021-02-15,12632.033203125
2021-02-16,12647.18359375
2021-02-17,12597.43359375
2021-02-18,12565.68359375
2021-02-19,12438.783203125
2021-02-22,12212.5341796875
2021-02-23,12263.6845703125
2021-02-24,12455.18359375
2021-02-25,12567.8330078125
2021-02-26,12181.384765625
2021-03-01,12368.283203125
2021-03-02,12519.3837890625
2021-03-03,12764.783203125
2021-03-04,12688.8330078125
2021-03-05,12538.9833984375
2021-03-08,12558.93359375
2021-03-09,12617.18359375
2021-03-10,12691.3330078125
2021-03-12,12593.8837890625
2021-03-15,12510.1337890625
2021-03-16,12512.68359375
2021-03-17,12319.8837890625
2021-03-18,12174.4345703125
2021-03-19,12314.4833984375
2021-03-22,12338.5830078125
2021-03-23,12417.283203125
2021-03-24,12197.1845703125
2021-03-25,11993.2841796875
2021-03-26,12148.884765625
2021-03-30,12387.8837890625
2021-03-31,12313.68359375
2021-04-01,12478.9833984375
2021-04-05,12298.5830078125
2021-04-06,12358.0830078125
2021-04-07,12481.283203125
2021-04-08,12541.6337890625
2021-04-09,12527.3837890625
2021-04-12,12024.083984375
2021-04-13,12186.6845703125
2021-04-15,12237.583984375
2021-04-16,12298.033203125
2021-04-19,12076.4345703125
2021-04-20,12055.384765625
2021-04-22,12132.0341796875
2021-04-23,12105.583984375
2021-04-26,12216.833984375
2021-04-27,12362.533203125
2021-04-28,12517.93359375
2021-04-29,12532.783203125
2021-04-30,12364.3330078125
2021-05-03,12395.2333984375
2021-05-04,12300.43359375
2021-05-05,12412.9833984375
2021-05-06,12501.8837890625
2021-05-07,12563.0830078125
2021-05-10,12669.8837890625
2021-05-11,12642.2333984375
2021-05-12,12537.93359375
2021-05-14,12472.1337890625
2021-05-17,12672.0830078125
2021-05-18,12839.0830078125
2021-05-19,12808.9833984375
2021-05-20,12736.43359375
2021-05-21,12917.8330078125
2021-05-24,12962.43359375
2021-05-25,12962.9833984375
2021-05-26,13022.18359375
2021-05-27,13066.232421875
2021-05-28,13117.0322265625
2021-05-31,13226.33203125
2021-06-01,13210.3828125
2021-06-02,13274.232421875
2021-06-03,13380.482421875
2021-06-04,13393.8828125
2021-06-07,13479.6328125
2021-06-08,13496.5322265625
2021-06-09,13396.3828125
2021-06-10,13517.1826171875
2021-06-11,13563.83203125
2021-06-14,13554.1328125
2021-06-15,13607.7822265625
2021-06-16,13510.58203125
2021-06-17,13425.1328125
2021-06-18,13386.5322265625
2021-06-21,13456.08203125
2021-06-22,13491.08203125
2021-06-23,13423.33203125
2021-06-24,13468.232421875
2021-06-25,13539.3828125
2021-06-28,13533.0322265625
2021-06-29,13481.9326171875
2021-06-30,13473.5322265625
2021-07-01,13454.08203125
2021-07-02,13494.4326171875
2021-07-05,13585.732421875
2021-07-06,13574.1328125
2021-07-07,13630.982421875
2021-07-08,13532.6826171875
2021-07-09,13527.9326171875
2021-07-12,13548.982421875
2021-07-13,13628.83203125
2021-07-14,13661.08203125
2021-07-15,13720.33203125
2021-07-16,13742.33203125
2021-07-19,13619.83203125
2021-07-20,13495.58203125
2021-07-22,13670.1826171875
2021-07-23,13686.982421875
2021-07-26,13675.08203125
2021-07-27,13610.2822265625
2021-07-28,13579.1328125
2021-07-29,13643.732421875
2021-07-30,13664.232421875
2021-08-02,13783.681640625
2021-08-03,13939.181640625
2021-08-04,13969.3310546875
2021-08-05,13981.53125
2021-08-06,13954.6318359375
2021-08-09,13935.03125
2021-08-10,13892.7314453125
2021-08-11,13876.53125
2021-08-12,13971.931640625
2021-08-13,14065.28125
2021-08-16,14070.78125
2021-08-17,14113.0810546875
2021-08-18,14095.53125
2021-08-20,13943.931640625
2021-08-23,13930.53125
2021-08-24,14063.2314453125
2021-08-25,14093.5810546875
2021-08-26,14106.931640625
2021-08-27,14192.4814453125
2021-08-30,14397.8818359375
2021-08-31,14555.880859375
2021-09-01,14551.330078125
2021-09-02,14684.330078125
2021-09-03,14759.2802734375
2021-09-06,14805.830078125
2021-09-07,14784.23046875
2021-09-08,14803.580078125
2021-09-09,14836.4306640625
2021-09-13,14852.1806640625
2021-09-14,14904.330078125
2021-09-15,15020.5302734375
2021-09-16,15104.880859375
2021-09-17,15027.23046875
2021-09-20,14826.73046875
2021-09-21,14946.2802734375
2021-09-22,14990.5302734375
2021-09-23,15205.4306640625
2021-09-24,15191.9306640625
2021-09-27,15189.0302734375
2021-09-28,15095.580078125
2021-09-29,15086.9306640625
2021-09-30,15052.630859375
2021-10-01,15013.9306640625
2021-10-04,15181.130859375
2021-10-05,15280.0791015625
2021-10-06,15134.5302734375
2021-10-07,15290.1298828125
2021-10-08,15365.1796875
2021-10-11,15427.9794921875
2021-10-12,15481.8798828125
2021-10-13,15631.3798828125
2021-10-14,15769.2294921875
2021-10-18,15886.1298828125
2021-10-19,15757.8291015625
2021-10-20,15568.6298828125
2021-10-21,15487.6298828125
2021-10-22,15399.6796875
2021-10-25,15334.3291015625
2021-10-26,15499.6298828125
2021-10-27,15484.3291015625
2021-10-28,15190.830078125
2021-10-29,15086.880859375
2021-11-01,15302.6796875
2021-11-02,15314.6298828125
2021-11-03,15282.7294921875
2021-11-04,15376.8798828125
2021-11-08,15520.1298828125
2021-11-09,15541.9296875
2021-11-10,15521.0791015625
2021-11-11,15411.0791015625
2021-11-12,15578.9794921875
2021-11-15,15592.5791015625
2021-11-16,15525.3798828125
2021-11-17,15454.9296875
2021-11-18,15302.529296875
2021-11-22,14976.6806640625
2021-11-23,15107.7802734375
2021-11-24,15046.48046875
2021-11-25,15150.580078125
2021-11-26,14707.1806640625
2021-11-29,14656.4306640625
2021-11-30,14648.330078125
2021-12-01,14784.6806640625
2021-12-02,14973.9306640625
2021-12-03,14856.2802734375
2021-12-06,14618.330078125
2021-12-07,14834.48046875
2021-12-08,15073.23046875
2021-12-09,15126.580078125
2021-12-10,15154.98046875
2021-12-13,15064.23046875
2021-12-14,15043.23046875
2021-12-15,14953.080078125
2021-12-16,14936.4306640625
2021-12-17,14673.130859375
2021-12-20,14300.681640625
2021-12-21,14461.3818359375
2021-12-22,14639.73046875
2021-12-23,14751.4306640625
2021-12-24,14664.7802734375
2021-12-27,14727.580078125
2021-12-28,14867.830078125
2021-12-29,14863.380859375
2021-12-30,14842.0302734375
2021-12-31,14996.1806640625
2022-01-03,15204.580078125
2022-01-04,15318.7294921875
2022-01-05,15396.3798828125
2022-01-06,15290.0791015625
2022-01-07,15348.529296875
2022-01-10,15495.529296875
2022-01-11,15530.529296875
2022-01-12,15667.8798828125
2022-01-13,15721.029296875
2022-01-14,15730.3798828125
2022-01-17,15781.2294921875
2022-01-18,15573.0791015625
2022-01-19,15472.4794921875
2022-01-20,15361.0791015625
2022-01-21,15180.7802734375
2022-01-24,14712.0302734375
2022-01-25,14832.1806640625
2022-01-27,14679.6806640625
2022-01-28,14723.23046875
2022-01-31,14921.4306640625
2022-02-01,15116.1806640625
2022-02-02,15293.3291015625
2022-02-03,15135.880859375
2022-02-04,15085.4306640625
2022-02-07,14870.580078125
2022-02-08,14857.0302734375
2022-02-09,15016.330078125
2022-02-10,15112.1806640625
2022-02-11,14891.2802734375
2022-02-14,14400.3818359375
2022-02-15,14805.5302734375
2022-02-16,14789.880859375
2022-02-17,14772.0302734375
2022-02-18,14710.6806640625
2022-02-21,14597.080078125
2022-02-22,14489.03125
2022-02-23,14506.931640625
2022-02-24,13775.6826171875
2022-02-25,14187.3818359375
2022-02-28,14307.931640625
2022-03-02,14199.78125
2022-03-03,14135.931640625
2022-03-04,13893.1318359375
2022-03-07,13564.232421875
2022-03-08,13706.732421875
2022-03-09,13979.5810546875
2022-03-10,14188.9814453125
2022-03-11,14237.1318359375
2022-03-14,14374.5810546875
2022-03-15,14215.8310546875
2022-03-16,14481.78125
2022-03-17,14721.6806640625
2022-03-21,14602.330078125
2022-03-22,14724.0302734375
2022-03-23,14695.130859375
2022-03-24,14699.330078125
2022-03-25,14651.6806640625
2022-03-28,14675.830078125
2022-03-29,14761.880859375
2022-03-30,14896.880859375
2022-03-31,14894.48046875
2022-04-01,15087.2802734375
2022-04-04,15384.1796875
2022-04-05,15390.4794921875
2022-04-06,15327.8798828125
2022-04-07,15201.23046875
2022-04-08,15342.3798828125
2022-04-11,15325.4794921875
2022-04-12,15164.6806640625
2022-04-13,15138.5302734375
2022-04-18,14926.0302734375
2022-04-19,14726.630859375
2022-04-20,14850.2802734375
2022-04-21,15053.9306640625
2022-04-22,14894.830078125
2022-04-25,14672.98046875
2022-04-26,14898.330078125
2022-04-27,14755.98046875
2022-04-28,14913.880859375
2022-04-29,14783.330078125
2022-05-02,14736.2802734375
2022-05-04,14393.3310546875
2022-05-05,14395.4814453125
2022-05-06,14145.7314453125
2022-05-09,13991.7314453125
2022-05-10,13855.931640625
2022-05-11,13771.7822265625
2022-05-12,13465.232421875
2022-05-13,13471.482421875
2022-05-16,13571.1826171875
2022-05-17,13926.03125
2022-05-18,13918.181640625
2022-05-19,13550.8828125
2022-05-20,13895.03125
2022-05-23,13835.78125
2022-05-24,13747.232421875
2022-05-25,13587.732421875
2022-05-26,13722.5322265625
2022-05-27,13873.1318359375
2022-05-30,14154.78125
2022-05-31,14119.5810546875
2022-06-01,14082.8818359375
2022-06-02,14167.931640625
2022-06-03,14077.8818359375
2022-06-06,14054.0810546875
2022-06-07,13935.5810546875
2022-06-08,13886.8818359375
2022-06-09,13977.0810546875
2022-06-10,13781.7314453125
2022-06-13,13416.8828125
2022-06-14,13388.2822265625
2022-06-15,13380.83203125
2022-06-16,13089.1826171875
2022-06-17,12994.7333984375
2022-06-20,12950.7333984375
2022-06-21,13241.8828125
2022-06-22,13047.732421875
2022-06-23,13178.7822265625
2022-06-24,13322.482421875
2022-06-27,13444.5322265625
2022-06-28,13464.232421875
2022-06-29,13417.83203125
2022-06-30,13387.5322265625
2022-07-01,13394.4326171875
2022-07-04,13472.6328125
2022-07-05,13461.83203125
2022-07-06,13631.2822265625
2022-07-07,13765.58203125
2022-07-08,13828.2314453125
2022-07-11,13886.8310546875
2022-07-12,13778.9814453125
2022-07-13,13726.9326171875
2022-07-14,13702.6328125
2022-07-15,13790.181640625
2022-07-18,13984.3818359375
2022-07-19,14051.6318359375
2022-07-20,14164.3818359375
2022-07-21,14271.78125
2022-07-22,14336.5810546875
2022-07-25,14279.4814453125
2022-07-26,14141.431640625
2022-07-27,14262.53125
2022-07-28,14469.0810546875
2022-07-29,14665.630859375
2022-08-01,14846.830078125
2022-08-02,14876.580078125
2022-08-03,14878.0302734375
2022-08-04,14892.4306640625
2022-08-05,14900.380859375
2022-08-08,14993.330078125
2022-08-10,14985.7802734375
2022-08-11,15095.130859375
2022-08-12,15140.5302734375
2022-08-16,15280.4794921875
2022-08-17,15379.029296875
2022-08-18,15404.5791015625
2022-08-19,15236.630859375
2022-08-22,15001.73046875
2022-08-23,15090.48046875
2022-08-24,15140.380859375
2022-08-25,15100.630859375
2022-08-26,15147.5302734375
2022-08-29,14972.73046875
2022-08-30,15325.029296875
2022-09-01,15211.1806640625
2022-09-02,15201.580078125
2022-09-05,15294.3798828125
2022-09-06,15313.029296875
2022-09-07,15319.3798828125
2022-09-08,15440.6796875
2022-09-09,15467.3798828125
2022-09-12,15577.3798828125
2022-09-13,15669.8291015625
2022-09-14,15630.6796875
2022-09-15,15580.3291015625
2022-09-16,15243.9306640625
2022-09-19,15293.529296875
2022-09-20,15470.3291015625
2022-09-21,15361.2294921875
2022-09-22,15335.279296875
2022-09-23,15057.630859375
2022-09-26,14725.6806640625
2022-09-27,14727.2802734375
2022-09-28,14620.580078125
2022-09-29,14602.48046875
2022-09-30,14829.330078125
2022-10-03,14638.48046875
2022-10-04,14965.7802734375
2022-10-06,15053.0302734375
2022-10-07,15036.6806640625
2022-10-10,14951.630859375
2022-10-11,14721.880859375
2022-10-12,14829.9306640625
2022-10-13,14730.2802734375
2022-10-14,14815.080078125
2022-10-17,14906.130859375
2022-10-18,15056.5302734375
2022-10-19,15068.580078125
2022-10-20,15112.080078125
2022-10-21,15081.080078125
2022-10-24,15198.73046875
2022-10-25,15158.080078125
2022-10-27,15244.23046875
2022-10-28,15241.580078125
2022-10-31,15423.9794921875
2022-11-01,15537.3798828125
2022-11-02,15497.529296875
2022-11-03,15484.6796875
2022-11-04,15530.8291015625
2022-11-07,15615.1298828125
2022-11-09,15567.2294921875
2022-11-10,15439.9794921875
2022-11-11,15649.0791015625
2022-11-14,15650.1796875
2022-11-15,15693.8798828125
2022-11-16,15663.279296875
2022-11-17,15597.2294921875
2022-11-18,15550.8291015625
2022-11-21,15453.779296875
2022-11-22,15509.1796875
2022-11-23,15538.1298828125
2022-11-24,15680.779296875
2022-11-25,15727.2294921875
2022-11-28,15784.4296875
2022-11-29,15812.4296875
2022-11-30,15946.1298828125
2022-12-01,16003.9296875
2022-12-02,15963.4794921875
2022-12-05,15967.1796875
2022-12-06,15922.8291015625
2022-12-07,15861.9794921875
2022-12-08,15911.0791015625
2022-12-09,15812.7294921875
2022-12-12,15827.9794921875
2022-12-13,15904.4794921875
2022-12-14,15963.779296875
2022-12-15,15783.779296875
2022-12-16,15636.3291015625
2022-12-19,15755.1796875
2022-12-20,15726.1796875
2022-12-21,15527.529296875
2022-12-22,15431.4794921875
2022-12-23,15045.98046875
2022-12-27,15418.3291015625
2022-12-28,15432.779296875
2022-12-29,15485.1796875
2022-12-30,15448.8291015625
2023-01-02,15523.650390625
2023-01-03,15557.7998046875
2023-01-04,15393.0
2023-01-05,15386.2001953125
2023-01-06,15272.0
2023-01-09,15450.099609375
2023-01-10,15325.25
2023-01-11,15301.349609375
2023-01-12,15279.599609375
2023-01-13,15346.099609375
2023-01-16,15305.4501953125
2023-01-17,15396.150390625
2023-01-18,15466.349609375
2023-01-19,15419.7001953125
2023-01-20,15347.900390625
2023-01-23,15403.2001953125
2023-01-24,15388.5498046875
2023-01-25,15171.9501953125
2023-01-27,14874.75
2023-01-30,14854.2001953125
2023-01-31,14935.5
2023-02-01,14847.650390625
2023-02-02,14839.400390625
2023-02-03,14962.349609375
2023-02-06,14934.150390625
2023-02-07,14902.2001953125
2023-02-08,15028.2998046875
2023-02-09,15030.099609375
2023-02-10,15015.849609375
2023-02-13,14900.5
2023-02-14,14968.900390625
2023-02-15,15039.650390625
2023-02-16,15083.75
2023-02-17,15003.9501953125
2023-02-20,14938.650390625
2023-02-21,14913.9501953125
2023-02-22,14701.900390625
2023-02-23,14666.75
2023-02-24,14630.4501953125
2023-02-27,14548.7001953125
2023-02-28,14518.75
2023-03-01,14664.849609375
2023-03-02,14587.25
2023-03-03,14774.75
2023-03-06,14881.0
2023-03-08,14921.9501953125
2023-03-09,14803.9501953125
2023-03-10,14679.849609375
2023-03-13,14454.4501953125
2023-03-14,14358.5498046875
2023-03-15,14320.2998046875
2023-03-16,14330.349609375
2023-03-17,14420.849609375
2023-03-20,14317.099609375
2023-03-21,14411.2998046875
2023-03-22,14460.0
2023-03-23,14403.599609375
2023-03-24,14279.0
2023-03-27,14262.7001953125
2023-03-28,14211.7998046875
2023-03-29,14345.599609375
2023-03-31,14557.849609375
2023-04-03,14601.9501953125
2023-04-05,14709.400390625
2023-04-06,14759.2001953125
2023-04-10,14790.5498046875
2023-04-11,14867.25
2023-04-12,14941.5498046875
2023-04-13,14954.25
2023-04-17,14904.2998046875
2023-04-18,14897.0
2023-04-19,14856.900390625
2023-04-20,14861.75
2023-04-21,14847.099609375
2023-04-24,14930.150390625
2023-04-25,14955.7001953125
2023-04-26,14994.400390625
2023-04-27,15075.0498046875
2023-04-28,15219.5498046875
2023-05-02,15300.75
2023-05-03,15276.400390625
2023-05-04,15405.5
2023-05-05,15278.599609375
2023-05-08,15427.099609375
2023-05-09,15420.599609375
2023-05-10,15466.0498046875
2023-05-11,15484.0498046875
2023-05-12,15477.349609375
2023-05-15,15549.7001953125
2023-05-16,15492.400390625
2023-05-17,15426.349609375
2023-05-18,15361.599609375
2023-05-19,15407.5498046875
2023-05-22,15504.0
2023-05-23,15544.75
2023-05-24,15515.9501953125
2023-05-25,15555.25
2023-05-26,15696.75
2023-05-29,15772.349609375
2023-05-30,15799.4501953125
2023-05-31,15766.400390625
2023-06-01,15760.349609375
2023-06-02,15811.2001953125
2023-06-05,15859.5
2023-06-06,15878.400390625
2023-06-07,16006.7001953125
2023-06-08,15921.0498046875
2023-06-09,15877.400390625
2023-06-12,15929.099609375
2023-06-13,16048.2001953125
2023-06-14,16084.0498046875
2023-06-15,16058.25
2023-06-16,16181.4501953125
2023-06-19,16142.150390625
2023-06-20,16199.9501953125
2023-06-21,16240.9501953125
2023-06-22,16140.7998046875
2023-06-23,16011.7998046875
2023-06-26,16066.150390625
2023-06-27,16163.5
2023-06-28,16277.2001953125
2023-06-30,16430.0
2023-07-03,16527.94921875
2023-07-04,16556.05078125
2023-07-05,16597.19921875
2023-07-06,16695.05078125
2023-07-07,16564.900390625
2023-07-10,16553.75
2023-07-11,16648.0
2023-07-12,16641.05078125
2023-07-13,16623.900390625
2023-07-14,16765.44921875
2023-07-17,16872.05078125
2023-07-18,16872.0
2023-07-19,16953.5
2023-07-20,17042.55078125
2023-07-21,16904.30078125
2023-07-24,16865.150390625
2023-07-25,16896.900390625
2023-07-26,16975.0
2023-07-27,16919.19921875
2023-07-28,16948.349609375
2023-07-31,17059.0
2023-08-01,17051.150390625
2023-08-02,16858.94921875
2023-08-03,16772.30078125
2023-08-04,16890.599609375
2023-08-07,16956.349609375
2023-08-08,16949.25
2023-08-09,17003.849609375
2023-08-10,16939.849609375
2023-08-11,16860.150390625
2023-08-14,16825.55078125
2023-08-16,16853.05078125
2023-08-17,16802.25
2023-08-18,16757.69921875
2023-08-21,16852.05078125
2023-08-22,16905.25
2023-08-23,16950.25
2023-08-24,16930.150390625
2023-08-25,16820.849609375
2023-08-28,16875.30078125
2023-08-29,16927.30078125
2023-08-30,16968.94921875
2023-08-31,16924.30078125
2023-09-01,17074.55078125
2023-09-04,17180.94921875
2023-09-05,17252.099609375
2023-09-06,17284.599609375
2023-09-07,17385.5
2023-09-08,17487.44921875
2023-09-11,17653.349609375
2023-09-12,17460.55078125
2023-09-13,17526.75
2023-09-14,17603.5
2023-09-15,17665.80078125
2023-09-18,17613.599609375
2023-09-20,17449.349609375
2023-09-21,17303.5
2023-09-22,17260.80078125
2023-09-25,17272.55078125
2023-09-26,17276.75
2023-09-27,17341.599609375
2023-09-28,17170.44921875
2023-09-29,17292.599609375
2023-10-03,17254.400390625
2023-10-04,17123.099609375
2023-10-05,17195.80078125
2023-10-06,17293.599609375
2023-10-09,17127.69921875
2023-10-10,17303.349609375
2023-10-11,17407.349609375
2023-10-12,17419.69921875
2023-10-13,17390.349609375
2023-10-16,17393.0
2023-10-17,17467.69921875
2023-10-18,17344.0
2023-10-19,17310.5
2023-10-20,17208.75
2023-10-23,16888.69921875
2023-10-25,16760.80078125
2023-10-26,16555.44921875
2023-10-27,16765.44921875
2023-10-30,16826.099609375
2023-10-31,16801.099609375
2023-11-01,16732.94921875
2023-11-02,16890.80078125
2023-11-03,17000.94921875
2023-11-06,17159.400390625
2023-11-07,17187.80078125
2023-11-08,17259.69921875
2023-11-09,17218.900390625
2023-11-10,17256.599609375
2023-11-13,17318.599609375
2023-11-15,17508.05078125
2023-11-16,17593.099609375
2023-11-17,17600.5
2023-11-20,17573.650390625
2023-11-21,17627.599609375
2023-11-22,17627.69921875
2023-11-23,17639.400390625
2023-11-24,17643.5
2023-11-28,17741.80078125
2023-11-29,17904.099609375
2023-11-30,17987.94921875
2023-12-01,18115.349609375
2023-12-04,18448.5
2023-12-05,18588.55078125
2023-12-06,18680.0
2023-12-07,18703.849609375
2023-12-08,18703.5
2023-12-11,18770.19921875
2023-12-12,18686.80078125
2023-12-13,18751.44921875
2023-12-14,18973.849609375
2023-12-15,19145.05078125
2023-12-18,19155.55078125
2023-12-19,19169.25
2023-12-20,18779.44921875
2023-12-21,18941.80078125
2023-12-22,19054.69921875
2023-12-26,19148.849609375
2023-12-27,19296.94921875
2023-12-28,19399.25
2023-12-29,19429.150390625
2024-01-02,19418.400390625
2024-01-03,19367.150390625
2024-01-04,19541.25
2024-01-05,19590.599609375
2024-01-08,19417.69921875
2024-01-09,19459.55078125
2024-01-10,19517.849609375
2024-01-11,19584.349609375
2024-01-12,19745.599609375
2024-01-15,19885.55078125
2024-01-16,19827.55078125
2024-01-17,19487.599609375
2024-01-18,19414.80078125
2024-01-19,19606.400390625
2024-01-23,19206.44921875
2024-01-24,19451.0
2024-01-25,19393.0
2024-01-29,19711.650390625
2024-01-30,19574.19921875
2024-01-31,19802.099609375
2024-02-01,19777.349609375
2024-02-02,19910.80078125
2024-02-05,19853.5
2024-02-06,20033.75
2024-02-07,20109.55078125
2024-02-08,19987.55078125
2024-02-09,19961.5
2024-02-12,19675.19921875
2024-02-13,19782.900390625
2024-02-14,19922.30078125
2024-02-15,20037.0
2024-02-16,20164.900390625
2024-02-20,20271.900390625
2024-02-21,20128.30078125
2024-02-22,20283.94921875
2024-02-23,20313.5
2024-02-26,20255.80078125
2024-02-27,20292.849609375
2024-02-28,20020.400390625
2024-02-29,20090.05078125
2024-03-01,20349.80078125
2024-03-04,20432.05078125
2024-03-05,20382.0
2024-03-06,20379.55078125
2024-03-07,20434.80078125
2024-03-11,20288.75
2024-03-12,20171.400390625
2024-03-13,19646.30078125
2024-03-14,19916.349609375
2024-03-15,19825.19921875
2024-03-18,19843.099609375
2024-03-19,19610.55078125
2024-03-20,19632.05078125
2024-03-21,19897.400390625
2024-03-22,19994.599609375
2024-03-26,20005.25
2024-03-27,20087.80078125
2024-03-28,20255.150390625
2024-04-01,20492.55078125
2024-04-02,20569.75
2024-04-03,20605.69921875
2024-04-04,20664.650390625
2024-04-05,20715.099609375
2024-04-08,20819.099609375
2024-04-09,20790.69921875
2024-04-10,20915.19921875
2024-04-12,20745.5
2024-04-15,20478.75
2024-04-16,20423.0
2024-04-18,20324.69921875
2024-04-19,20385.19921875
2024-04-22,20574.849609375
2024-04-23,20652.650390625
2024-04-24,20730.650390625
2024-04-25,20867.900390625
2024-04-26,20839.349609375
2024-04-29,20992.19921875
2024-04-30,20997.19921875
2024-05-02,21083.599609375
2024-05-03,20959.55078125
2024-05-06,20864.94921875
2024-05-07,20636.05078125
2024-05-08,20704.900390625
2024-05-09,20344.80078125
2024-05-10,20469.099609375
2024-05-13,20511.0
2024-05-14,20683.80078125
2024-05-15,20741.849609375
2024-05-16,20929.05078125
2024-05-17,21064.55078125
2024-05-21,21187.650390625
2024-05-22,21237.75
2024-05-23,21489.55078125
2024-05-24,21483.75
2024-05-27,21493.0
2024-05-28,21387.349609375
2024-05-29,21256.30078125
2024-05-30,21038.55078125
2024-05-31,21103.30078125
2024-06-03,21797.400390625
2024-06-04,20323.849609375
2024-06-05,21054.400390625
2024-06-06,21365.0
2024-06-07,21764.150390625
2024-06-10,21808.25
2024-06-11,21852.0
2024-06-12,21960.94921875
2024-06-13,22074.30078125
2024-06-14,22214.30078125
2024-06-18,22329.599609375
2024-06-19,22224.900390625
2024-06-20,22305.099609375
2024-06-21,22236.19921875
2024-06-24,22289.099609375
2024-06-25,22370.650390625
2024-06-26,22436.80078125
2024-06-27,22537.400390625
2024-06-28,22559.69921875
2024-07-01,22727.599609375
2024-07-02,22677.80078125
2024-07-03,22851.19921875
2024-07-04,22914.19921875
2024-07-05,22987.650390625
2024-07-08,22971.150390625
2024-07-09,23067.349609375
2024-07-10,22977.650390625
2024-07-11,23005.25
2024-07-12,23095.44921875
2024-07-15,23209.849609375
2024-07-16,23204.25
2024-07-18,23210.05078125
2024-07-19,22853.599609375
2024-07-22,22942.650390625
2024-07-23,22865.19921875
2024-07-24,22921.44921875
2024-07-25,22917.25
2024-07-26,23292.05078125
2024-07-29,23394.19921875
2024-07-30,23440.900390625
2024-07-31,23530.80078125
2024-08-01,23506.599609375
2024-08-02,23259.44921875
2024-08-05,22542.44921875
2024-08-06,22443.30078125
2024-08-07,22848.900390625
2024-08-08,22705.69921875
2024-08-09,22923.5
2024-08-12,22915.849609375
2024-08-13,22705.80078125
2024-08-14,22672.650390625
2024-08-16,23056.5
2024-08-19,23139.75
2024-08-20,23280.349609375
2024-08-21,23368.650390625
2024-08-22,23440.69921875
2024-08-23,23418.650390625
2024-08-26,23561.75
2024-08-27,23604.849609375
2024-08-28,23615.94921875
2024-08-29,23631.400390625
2024-08-30,23734.55078125
2024-09-02,23760.69921875
2024-09-03,23788.44921875
2024-09-04,23748.900390625
2024-09-05,23762.80078125
2024-09-06,23477.69921875
2024-09-09,23502.150390625
2024-09-10,23643.650390625
2024-09-11,23531.25
2024-09-12,23907.349609375
2024-09-13,23928.19921875
2024-09-16,23968.19921875
2024-09-17,23969.900390625
2024-09-18,23898.650390625
2024-09-19,23853.94921875
2024-09-20,24193.80078125
2024-09-23,24379.19921875
2024-09-24,24389.69921875
2024-09-25,24371.25
2024-09-26,24496.900390625
2024-09-27,24489.55078125
2024-09-30,24245.19921875
2024-10-01,24271.30078125
2024-10-03,23755.44921875
2024-10-04,23534.94921875
2024-10-07,23181.94921875
2024-10-08,23512.55078125
2024-10-09,23599.599609375
2024-10-10,23598.150390625
2024-10-11,23611.25
2024-10-14,23727.05078125
2024-10-15,23735.69921875
2024-10-16,23673.150390625
2024-10-17,23377.0
2024-10-18,23440.69921875
2024-10-21,23263.25
2024-10-22,22814.44921875
2024-10-23,22841.099609375
2024-10-24,22787.849609375
2024-10-25,22499.05078125
2024-10-28,22649.94921875
2024-10-29,22795.05078125
2024-10-30,22749.80078125
2024-10-31,22689.349609375
2024-11-01,22823.55078125
2024-11-04,22518.30078125
2024-11-05,22679.849609375
2024-11-06,23031.19921875
2024-11-07,22806.25
2024-11-08,22645.650390625
2024-11-11,22591.400390625
2024-11-12,22331.05078125
2024-11-13,21914.94921875
2024-11-14,21963.099609375
2024-11-18,21899.400390625
2024-11-19,22004.349609375
2024-11-21,21820.849609375
2024-11-22,22225.55078125
2024-11-25,22553.5
2024-11-26,22562.44921875
2024-11-27,22691.69921875
2024-11-28,22514.349609375
2024-11-29,22687.0
2024-12-02,22835.849609375
2024-12-03,23020.849609375
2024-12-04,23099.5
2024-12-05,23277.94921875
2024-12-06,23312.099609375
2024-12-09,23292.0
2024-12-10,23314.900390625
2024-12-11,23358.150390625
2024-12-12,23256.400390625
2024-12-13,23358.94921875
2024-12-16,23352.44921875
2024-12-17,23095.75
2024-12-18,22934.400390625
2024-12-19,22752.150390625
2024-12-20,22319.400390625
2024-12-23,22412.30078125
2024-12-24,22402.69921875
2024-12-26,22430.349609375
2024-12-27,22445.19921875
2024-12-30,22357.150390625
2024-12-31,22375.400390625
2025-01-02,22819.75
2025-01-03,22708.150390625
2025-01-06,22225.400390625
2025-01-07,22341.650390625
2025-01-08,22231.80078125
2025-01-09,22046.55078125
2025-01-10,21799.0
2025-01-13,21243.44921875
2025-01-14,21481.05078125
2025-01-15,21551.19921875
2025-01-16,21714.55078125
2025-01-17,21680.25
2025-01-20,21809.0
2025-01-21,21433.19921875
2025-01-22,21396.55078125
2025-01-23,21538.05078125
2025-01-24,21318.900390625
2025-01-27,20910.94921875
2025-01-28,20924.75
2025-01-29,21245.5
2025-01-30,21297.5
2025-01-31,21580.900390625
2025-02-03,21402.55078125
2025-02-04,21727.44921875
2025-02-05,21784.25
2025-02-06,21672.44921875
2025-02-07,21646.150390625
2025-02-10,21371.30078125
2025-02-11,20950.44921875
2025-02-12,20907.849609375
2025-02-13,20904.349609375
2025-02-14,20633.099609375
2025-02-17,20652.349609375
2025-02-18,20611.400390625
2025-02-19,20731.44921875
2025-02-20,20831.099609375
2025-02-21,20690.25
2025-02-24,20468.44921875
2025-02-25,20418.75
2025-02-27,20315.55078125
2025-02-28,19880.900390625
2025-03-03,19896.94921875
2025-03-04,19917.849609375
2025-03-05,20256.5
2025-03-06,20447.099609375
2025-03-07,20443.400390625
2025-03-10,20266.5
2025-03-11,20302.5
2025-03-12,20264.349609375
2025-03-13,20176.05078125
2025-03-17,20288.30078125
2025-03-18,20657.19921875
2025-03-19,20864.5
2025-03-20,21070.05078125
2025-03-21,21273.900390625
2025-03-24,21538.099609375
2025-03-25,21437.75
2025-03-26,21275.44921875
2025-03-27,21407.94921875
2025-03-28,21339.55078125
2025-04-01,21070.75
2025-04-02,21265.650390625
2025-04-03,21243.400390625
2025-04-04,20805.349609375
2025-04-07,20105.69921875
2025-04-08,20480.80078125
2025-04-09,20356.75
2025-04-11,20752.849609375
2025-04-15,21279.400390625
2025-04-16,21404.349609375
2025-04-17,21681.55078125
2025-04-21,22005.75
2025-04-22,22085.150390625
2025-04-23,22237.599609375
2025-04-24,22180.650390625
2025-04-25,21848.150390625
2025-04-28,22101.849609375
2025-04-29,22112.400390625
2025-04-30,22030.05078125
2025-05-02,22006.0
2025-05-05,22195.150390625
2025-05-06,21956.599609375
2025-05-07,22072.44921875
2025-05-08,21843.05078125
2025-05-09,21675.55078125
2025-05-12,22511.400390625
2025-05-13,22349.400390625
2025-05-14,22499.5
2025-05-15,22788.80078125
2025-05-16,22870.900390625
2025-05-19,22865.80078125
2025-05-20,22585.599609375
2025-05-21,22730.650390625
2025-05-22,22595.0
2025-05-23,22781.05078125
2025-05-26,22908.30078125
2025-05-27,22816.5
2025-05-28,22779.400390625
2025-05-29,22861.349609375
2025-05-30,22801.94921875
2025-06-02,22834.5
2025-06-03,22711.30078125
2025-06-04,22807.849609375
2025-06-05,22934.5
2025-06-06,23165.099609375
2025-06-09,23330.55078125
2025-06-10,23339.94921875
2025-06-11,23337.849609375
2025-06-12,23046.44921875
2025-06-13,22906.19921875
2025-06-16,23095.05078125
2025-06-17,22981.5
2025-06-18,22925.19921875
2025-06-19,22763.5
2025-06-20,23041.099609375
2025-06-23,23001.5
2025-06-24,23113.19921875
2025-06-25,23296.849609375
2025-06-26,23517.55078125
2025-06-27,23620.150390625
2025-06-30,23617.19921875
2025-07-01,23615.44921875
2025-07-02,23547.25
2025-07-03,23521.849609375
2025-07-04,23562.44921875
2025-07-07,23551.19921875
2025-07-08,23572.55078125
2025-07-09,23557.44921875
2025-07-10,23471.400390625
2025-07-11,23282.69921875
2025-07-14,23309.05078125
2025-07-15,23449.150390625
2025-07-16,23472.5
2025-07-17,23419.69921875
2025-07-18,23275.150390625
2025-07-21,23378.44921875
2025-07-22,23320.900390625
2025-07-23,23428.400390625
2025-07-24,23301.099609375
2025-07-25,23014.80078125
2025-07-28,22846.94921875
2025-07-29,23007.349609375
2025-07-30,23033.55078125
2025-07-31,22914.94921875
2025-08-01,22673.650390625
2025-08-04,22860.400390625
2025-08-05,22798.5
2025-08-06,22666.849609375
2025-08-07,22694.099609375
2025-08-08,22443.150390625
2025-08-11,22633.44921875
2025-08-12,22568.599609375
2025-08-13,22698.099609375
2025-08-14,22680.25
2025-08-18,22931.5
2025-08-19,23066.599609375
2025-08-20,23143.150390625
2025-08-21,23137.150390625
2025-08-22,22991.30078125
2025-08-25,23052.0
2025-08-26,22768.650390625
2025-08-28,22541.650390625
2025-08-29,22462.94921875
2025-09-01,22713.55078125
2025-09-02,22724.400390625
2025-09-03,22864.650390625
2025-09-04,22819.650390625
2025-09-05,22829.150390625
2025-09-08,22878.650390625
2025-09-09,22949.099609375
2025-09-10,23074.150390625
2025-09-11,23102.650390625
2025-09-12,23190.25
2025-09-15,23215.849609375
2025-09-16,23369.30078125
2025-09-17,23445.19921875
2025-09-18,23518.900390625
2025-09-19,23486.650390625
2025-09-22,23381.44921875
2025-09-23,23325.25
2025-09-24,23178.25
2025-09-25,23022.400390625
2025-09-26,22713.150390625
2025-09-29,22739.099609375
2025-09-30,22734.099609375
2025-10-01,22928.30078125
2025-10-03,23027.69921875
2025-10-06,23169.650390625
2025-10-07,23209.5
2025-10-08,23109.349609375
2025-10-09,23241.75
2025-10-10,23337.55078125
2025-10-13,23294.80078125
2025-10-14,23184.05078125
2025-10-15,23377.349609375
2025-10-16,23563.80078125
2025-10-17,23598.05078125
2025-10-20,23716.099609375
2025-10-21,23759.19921875
2025-10-23,23755.900390625
2025-10-24,23686.599609375
2025-10-27,23840.900390625
2025-10-28,23812.55078125
2025-10-29,23952.400390625
2025-10-30,23841.30078125
2025-10-31,23710.400390625
2025-11-03,23810.69921875
2025-11-04,23675.44921875
2025-11-06,23513.150390625
2025-11-07,23521.5
2025-11-10,23596.900390625
2025-11-11,23682.650390625
2025-11-12,23836.900390625
2025-11-13,23816.0
2025-11-14,23836.349609375
2025-11-17,23954.55078125
2025-11-18,23824.650390625
2025-11-19,23906.30078125
2025-11-20,23975.44921875
2025-11-21,23790.25
2025-11-24,23674.55078125
2025-11-25,23655.05078125
2025-11-26,23955.19921875
2025-11-27,23947.75
2025-11-28,23933.19921875
2025-12-01,23922.44921875
2025-12-02,23822.25
2025-12-03,23716.30078125
2025-12-04,23741.099609375
2025-12-05,23835.25
2025-12-08,23526.19921875
2025-12-09,23516.25
2025-12-10,23408.80078125
2025-12-11,23550.849609375
2025-12-12,23726.19921875
2025-12-15,23725.19921875
2025-12-16,23570.150390625
2025-12-17,23496.05078125
2025-12-18,23491.5
2025-12-19,23677.55078125
2025-12-22,23867.650390625
2025-12-23,23895.150390625
2025-12-24,23850.25
2025-12-26,23780.25
2025-12-29,23682.099609375
2025-12-30,23668.80078125
2025-12-31,23871.55078125
2026-01-02,24099.0
2026-01-05,24058.44921875
2026-01-06,24010.5
2026-01-07,24016.599609375
2026-01-08,23680.099609375
2026-01-09,23467.349609375
2026-01-12,23510.44921875
2026-01-13,23480.650390625
2026-01-14,23475.849609375
2026-01-16,23485.30078125
2026-01-19,23373.75
2026-01-20,22946.650390625
2026-01-21,22835.150390625
2026-01-22,23008.75
2026-01-23,22706.19921875
2026-01-27,22819.25
2026-01-28,23082.099609375
2026-01-29,23134.80078125
2026-01-30,23079.5
2026-02-02,22837.0
2026-02-03,23446.30078125
2026-02-04,23534.94921875
2026-02-05,23411.69921875
2026-02-06,23434.0
2026-02-09,23683.400390625
2026-02-10,23753.75
2026-02-11,23783.05078125
2026-02-12,23651.55078125
2026-02-13,23313.150390625
2026-02-16,23472.44921875
2026-02-17,23540.05078125
2026-02-18,23645.80078125
2026-02-19,23297.44921875
2026-02-20,23395.0
2026-02-23,23484.94921875
2026-02-24,23304.599609375
2026-02-25,23403.80078125
2026-02-26,23448.5
2026-02-27,23166.849609375
2026-03-02,22835.94921875
2026-03-04,22409.80078125
2026-03-05,22697.80078125
2026-03-06,22481.30078125
2026-03-09,22056.55078125
2026-03-10,22342.94921875
2026-03-11,22042.30078125
2026-03-12,21897.5
2026-03-13,21391.19921875
2026-03-16,21498.80078125
2026-03-17,21669.30078125
2026-03-18,21917.400390625
2026-03-19,21225.80078125
2026-03-20,21327.900390625
2026-03-23,20664.25
2026-03-24,21067.0
2026-03-25,21478.19921875
2026-03-27,21020.150390625
2026-03-30,20528.05078125
2026-04-01,20935.150390625
2026-04-02,20938.349609375
2026-04-06,21194.05078125
2026-04-07,21296.44921875
2026-04-08,22137.099609375
2026-04-09,22037.5
2026-04-10,22346.75
2026-04-13,22179.05078125
2026-04-15,22595.55078125
2026-04-16,22656.30078125
2026-04-17,22869.400390625
2026-04-20,22865.80078125
2026-04-21,23042.349609375
2026-04-22,22991.5
2026-04-23,22810.849609375
2026-04-24,22570.05078125
2026-04-27,22821.400390625
2026-04-28,22765.599609375
2026-04-29,22871.0
2026-04-30,22683.55078125
2026-05-04,22830.75
2026-05-05,22808.25
2026-05-06,23133.400390625
2026-05-07,23214.0
2026-05-08,23115.650390625
2026-05-11,22795.75
2026-05-12,22299.900390625
2026-05-13,22377.349609375
2026-05-14,22613.099609375
2026-05-15,22531.150390625
2026-05-18,22461.05078125
2026-05-19,22521.75
2026-05-20,22578.150390625
2026-05-21,22602.849609375
2026-05-22,22651.30078125
2026-05-25,22929.44921875
2026-05-26,22897.19921875
2026-05-27,22967.400390625
2026-05-29,22657.0
2026-06-01,22437.94921875
2026-06-02,22521.099609375
2026-06-03,22451.849609375
2026-06-04,22497.69921875
2026-06-05,22465.349609375
2026-06-08,22173.69921875
2026-06-09,22370.150390625
2026-06-10,22233.849609375
2026-06-11,22114.44921875
2026-06-12,22599.80078125
2026-06-15,22891.30078125
2026-06-16,22997.25
2026-06-17,23109.69921875
2026-06-18,23206.44921875
2026-06-19,23144.19921875
2026-06-22,23261.849609375
2026-06-23,23010.94921875
2026-06-24,23126.30078125
2026-06-25,23113.69921875
2026-06-29,23000.0
2026-06-30,22995.650390625
2026-07-01,23111.650390625
2026-07-02,23264.80078125
2026-07-03,23301.150390625
2026-07-06,23433.94921875
2026-07-07,23368.849609375
2026-07-08,22908.05078125
2026-07-09,23081.150390625
2026-07-10,23348.400390625
2026-07-13,23347.05078125
2026-07-14,23199.44921875
2026-07-15,23263.900390625
2026-07-16,23232.650390625
2026-07-17,23336.30078125
2026-07-20,23338.05078125
2026-07-21,23352.150390625
2026-07-22,23145.05078125
2026-07-23,22982.400390625
2026-07-24,22913.30078125
2026-07-27,23153.099609375
2026-07-28,23114.900390625
2026-07-29,23352.599609375
2026-07-30,23353.55078125
2026-07-31,23460.69921875
2026-08-03,23802.849609375
2026-08-04,23690.150390625
2026-08-05,23735.55078125
