date,score,dyn_n,allow_new,held,turnover,gross,net,nifty_ret,equity,nifty_equity
2017-09-01,0.5753467514124293,20,True,20,41.28279719150263,0.019485344388209657,0.017834032500549553,-0.0006053510750692048,2035668.065001099,1998789.2978498617
2017-09-08,0.5762090395480226,20,True,20,1.3807388898362896,0.030457463686356344,0.030402234130762894,0.01573151846581977,2097556.922125779,2030233.2885982697
2017-09-15,0.5921598494336368,20,True,20,0.9857769583762459,-0.005449195729665474,-0.005488626808000524,-0.016832440703902107,2086044.2149716923,1996059.5071528512
2017-09-22,0.5410498425305628,19,True,20,1.1222700104181267,0.004561252764244325,0.0045163619638276,-0.01579308766308085,2095465.545719053,1964535.5643756604
2017-09-29,0.522933922088117,18,True,19,4.904707981778431,0.07623844644002951,0.07604225812075838,0.021790697674418658,2254809.4776297766,2007344.164929614
2017-10-06,0.567637076317999,20,True,20,3.9186005040404246,0.02714465953642079,0.026987915516259176,0.017047135671529823,2315662.0853173095,2041563.6332486228
2017-10-13,0.5826432050274941,20,True,20,9.223116661901958,0.009434433143503939,0.00906550847702786,5.035134046438294e-05,2336654.7395816855,2041666.4287142002
2017-10-20,0.5886390195390194,20,True,20,9.585031606124254,0.0124140627941514,0.01203066152990643,0.018662623844075465,2364766.2418658445,2079769.2812883703
2017-10-27,0.6063194041366212,21,True,21,13.3182719154399,0.034213366258900146,0.03368063538228255,0.01715644547446571,2444413.0714224586,2115450.729562263
2017-11-03,0.6300797673133547,21,True,21,11.285305731266075,0.005222564686685515,0.004771152457434872,-0.011413885634377618,2456075.738855162,2091305.2168698786
2017-11-10,0.6068275404157044,21,True,21,5.0318181605559245,-0.01016900292194537,-0.010370275648367608,-0.0019497648812937252,2430605.556429966,2087227.6634019592
2017-11-17,0.5966825377963898,20,True,20,8.512735004392468,0.009290859916856228,0.00895035051668053,0.011923914589968332,2452360.3281278056,2112115.5877901833
2017-11-24,0.6265624741055056,21,True,21,8.262157977710787,0.0001527839894993167,-0.00017770232960911484,-0.020078844479534452,2451924.5379844564,2069706.7473801437
2017-12-01,0.6027546653409054,21,True,21,11.99854449837004,0.01435810019551839,0.013878158415583588,0.014364707959913403,2485952.7351456615,2099437.4803689215
2017-12-08,0.6094090063863238,21,True,21,1.0593204125083218,-0.0034420348945302225,-0.0034844077110305553,0.002850754307413661,2477290.6622660626,2105422.460809229
2017-12-15,0.5986067218642241,20,True,20,4.349935339329192,0.032827583284251526,0.032653585870678355,0.023299970163018324,2558183.0856329976,2154478.7413266324
2017-12-22,0.6573029926378009,22,True,22,7.677712131739057,0.003402073396322365,0.0030949649110528026,0.006271536871123251,2566100.5725190802,2167990.6341909138
2017-12-29,0.6575254692748468,22,True,22,5.406839094351611,0.035410140046211284,0.03519386648243722,0.008724376096473918,2656411.5734488224,2186904.9998572282
2018-01-05,0.6804234739715297,23,True,23,5.317922030554079,0.024663845324151397,0.024451128442929234,0.00958379685484334,2721363.834028503,2207863.8531167014
2018-01-12,0.681605862984859,23,True,23,10.04505511041881,-0.023610155594239783,-0.024011957798656537,0.005990564085585293,2656018.5604910203,2221090.2030210444
2018-01-19,0.6272302590217528,21,True,21,4.820317367969397,0.005704268291916796,0.0055114555971980195,0.008937478787629516,2670657.0888525005,2240941.149595957
2018-01-26,0.606453463203463,21,True,21,6.120628812110991,-0.09398949424487303,-0.09423431939735748,-0.0407951070336392,2418989.535740757,2149521.715542103
2018-02-02,0.4884935012965107,18,True,18,16.43320829333791,0.023670841208383402,0.023013512876649884,-0.016865395651342152,2474658.9825700084,2113269.181348334
2018-02-09,0.5011742312670148,18,True,18,9.095842901711135,-0.007697535392507438,-0.008061369108575883,-0.001675476429830014,2454709.843093659,2109728.4486450986
2018-02-16,0.4959567010309278,18,True,18,5.312522907416696,-0.01289126372409961,-0.013103764640396278,0.0017053575295595813,2422543.9030492953,2113326.2899403214
2018-02-23,0.4800656751732296,17,True,17,11.583374232255697,-0.0019622660506883063,-0.002425601019978534,-0.0028104006442303264,2416667.778087116,2107386.996373604
2018-03-02,0.49045253437719555,18,True,18,12.716853456107497,-0.027557750929432724,-0.028066425067677023,-0.025901456313310645,2348840.5529799643,2052802.6041517942
2018-03-09,0.42491694994803714,16,True,16,9.671437693557747,0.011781197478490612,0.011394339970748303,0.002008590759369877,2375604.0407776986,2056925.844493304
2018-03-16,0.4344309776990104,16,True,16,10.94095858456525,-0.022724019192245273,-0.023161657535627884,-0.022616595127964656,2320581.1135449517,2010405.185460152
2018-03-23,0.37715455817457755,15,False,14,5.097148310743398,0.00112118398282135,0.0009172980503916139,0.012646577583856233,2322709.7780761817,2035829.9306130607
2018-03-30,0.4079627482340397,15,True,15,7.8545516574758585,0.021962555117811436,0.0216483730515124,0.029168209512909327,2372992.6658423706,2095211.4445618342
2018-04-06,0.48355384912585725,17,True,17,15.931344041626778,0.003301493629804269,0.002664239868139198,0.01042296978320012,2379314.8875095095,2117049.7701379173
2018-04-13,0.4884419979143663,18,True,18,9.648363793653555,0.019843104636336793,0.01945717008459065,0.008632177520730755,2425609.621960581,2135324.5195739698
2018-04-20,0.5053822123052386,18,True,18,0.7846854604110234,0.0161487958397198,0.01611740842130336,0.010269960899263353,2464704.1629083627,2157254.218897233
2018-04-27,0.5086268106162842,18,True,18,6.00472189743556,-0.018519424530047502,-0.018759613405944925,-0.011002101941516185,2418467.265652179,2133519.8880671593
2018-05-04,0.47055391281726094,17,True,17,2.8470255956333155,0.011819986862984024,0.011706105839158692,0.008201504322920883,2446778.099432444,2151017.96065218
2018-05-11,0.4551834068236545,17,True,17,0.5390535657525931,0.009120491293798839,0.009098929151168736,-0.021998969876863117,2469041.160007811,2103697.781331201
2018-05-18,0.41338828967642527,16,True,16,2.153850706515885,0.016361137653491273,0.016274983625230638,0.0006895278634406754,2509224.764456959,2105148.3395676874
2018-05-25,0.39921854838709675,15,False,14,5.325024670070713,0.00112118398282135,0.0009081829960185213,0.004307936042884153,2511503.5997212273,2114217.1839753287
2018-06-01,0.4049615397406052,15,True,15,8.275902318534781,-0.008416358830332638,-0.008747394923074029,0.006590853839712585,2489534.4858837435,2128151.6804203186
2018-06-08,0.4084440389092118,15,True,15,1.0199226570338091,0.008328227485599901,0.008287430579318548,0.002946464510935165,2510166.3301103245,2134422.2038205643
2018-06-15,0.40737851091560773,15,True,15,0.5888374522362085,-0.0005665837208292562,-0.0005901372189187045,-0.005035478450720943,2508684.98753325,2123674.3668084857
2018-06-22,0.37312606381695446,14,False,15,0.5594815569245931,0.00112118398282135,0.0010988047205443662,-0.014435307341891801,2511441.5424399106,2093018.4746295079
2018-06-29,0.3447290053574459,14,False,15,0.7002835706053874,0.00112118398282135,0.0010931726399971344,0.0034979727038073616,2514186.981621058,2100339.7961223265
2018-07-06,0.34233382411080665,14,False,14,2.9934028517476228,0.00112118398282135,0.001001447868751445,0.0168089618793843,2516704.8088154453,2135644.3276891005
2018-07-13,0.34918730794923175,14,False,12,5.077909493509978,0.00112118398282135,0.0009180676030809508,-0.006733304453393596,2519015.3139669364,2121264.3842266067
2018-07-20,0.32285046061114475,13,False,11,2.447667479034436,0.00112118398282135,0.0010232772836599724,0.03154715111833806,2521592.9651149106,2188184.2323177517
2018-07-27,0.3960493786535457,15,False,11,0.0,0.00112118398282135,0.00112118398282135,0.011133671919449473,2524420.1347585926,2212546.75765969
2018-08-03,0.4421307901174051,16,True,16,15.050448620412935,-0.001852054757396213,-0.0024540727022127305,0.004000743363928194,2518225.0242169653,2221398.589417778
2018-08-10,0.4161362637362637,16,True,16,5.085449116527515,0.010921035714977738,0.010717617750316637,0.0047046362519216345,2545214.3974358044,2231849.4617515206
2018-08-17,0.4107359355638166,15,True,16,0.787506580130051,0.0009157434161364349,0.0008842431529312328,0.008249575238991946,2547464.985839479,2250261.2718083435
2018-08-24,0.412995841284464,16,True,16,5.6991283862221715,0.012637396899461835,0.012409431764012949,0.014333861209242071,2579077.578752466,2282516.204562977
2018-08-31,0.4494741621651801,16,True,16,4.5288421804967545,-0.02178232177658129,-0.02196347546380116,-0.011689351481184884,2522432.0716322963,2255835.0703863404
2018-09-07,0.4258584260051326,16,True,16,5.802400643552563,-0.012287725770391002,-0.012519821796133104,-0.008349197990926815,2490851.671602609,2237000.6567488085
2018-09-14,0.4153449891425939,16,True,16,0.38097683230596324,-0.04297568967015024,-0.04299092874344248,-0.03749712797733029,2383767.6448782566,2153119.5568373264
2018-09-21,0.353029321018979,14,False,13,9.312558825561288,0.00112118398282135,0.0007486816297988983,-0.03284158484120281,2385552.327923686,2082407.6982382003
2018-09-28,0.2910934228000279,12,False,9,10.478067777793004,0.00112118398282135,0.0007020612717096298,-0.05386682755594552,2387227.131824758,1970235.0018560297
2018-10-05,0.2669707835325365,12,False,5,10.0,0.00112118398282135,0.0007211839828213499,0.016481254963796932,2388948.7617955864,2002706.9472602159
2018-10-12,0.2774079365079365,12,False,4,2.5,0.00112118398282135,0.0010211839828213499,-0.014423241436735124,2391388.318006913,1973821.421432855
2018-10-19,0.26702663723325976,12,False,4,0.0,0.00112118398282135,0.00112118398282135,-0.02585453640640456,2394069.5042857686,1922789.1836326781
2018-10-26,0.2563401808785529,11,False,2,5.0,0.00112118398282135,0.0009211839828213499,0.057281178532180954,2396274.8827668778,2032928.814140088
2018-11-02,0.3257314758527524,13,False,2,0.0,0.00112118398282135,0.00112118398282135,0.005275636559768149,2398961.547783873,2043653.8077153715
2018-11-09,0.3536279450743002,14,False,2,0.0,0.00112118398282135,0.00112118398282135,0.005242361409960372,2401651.225046653,2054367.3795722572
2018-11-16,0.3479002479522564,14,False,1,2.5,0.00112118398282135,0.0010211839828213499,-0.01270397242376231,2404103.752809994,2028268.7530338943
2018-11-23,0.33456902873533423,13,False,1,0.0,0.00112118398282135,0.00112118398282135,0.0259207117918685,2406799.1954306853,2080842.9228177385
2018-11-30,0.3561478547854785,14,False,1,0.0,0.00112118398282135,0.00112118398282135,-0.018497883995762465,2409497.6601384697,2042351.7318180527
2018-12-07,0.3306263088551418,13,False,1,0.0,0.00112118398282135,0.00112118398282135,0.016850005312812888,2412199.1503216624,2076765.3693498196
2018-12-14,0.3790297246055464,15,False,0,2.5,0.00112118398282135,0.0010211839828213499,-0.000962458614279571,2414662.449457346,2074766.5686302513
2018-12-21,0.3842023094157523,15,False,0,0.0,0.00112118398282135,0.00112118398282135,0.007707086666189467,2417369.7303195978,2090756.9743867973
2018-12-28,0.3834788655505389,15,False,0,0.0,0.00112118398282135,0.00112118398282135,-0.010669157775701765,2420080.046541789,2068450.3583564158
2019-01-04,0.3678321992110454,14,False,0,0.0,0.00112118398282135,0.00112118398282135,0.004781941269368151,2422793.4015271175,2078341.5664886797
2019-01-11,0.37717143498135114,15,False,0,0.0,0.00112118398282135,0.00112118398282135,0.004605306544151588,2425509.798682595,2087912.9665058122
2019-01-18,0.35929309853439406,14,False,0,0.0,0.00112118398282135,0.00112118398282135,-0.015946215030470112,2428229.241419054,2054618.657377004
2019-01-25,0.3219076021986603,13,False,0,0.0,0.00112118398282135,0.00112118398282135,0.006887657251496648,2430951.733151152,2068770.166471547
2019-02-01,0.3286218006729319,13,False,0,0.0,0.00112118398282135,0.00112118398282135,-0.0021421551847884412,2433677.2772973725,2064338.5397333044
2019-02-08,0.32133149073370904,13,False,0,0.0,0.00112118398282135,0.00112118398282135,-0.023221458686053853,2436405.8772800346,2016401.5876188588
2019-02-15,0.2937798314684349,12,False,0,0.0,0.00112118398282135,0.00112118398282135,0.010501809777898607,2439137.536525293,2037577.4535278848
2019-02-22,0.31671614173228346,13,False,0,0.0,0.00112118398282135,0.00112118398282135,0.013201042630118565,2441872.2584631434,2064475.6003540747
2019-03-01,0.3849005477168542,15,False,0,0.0,0.00112118398282135,0.00112118398282135,0.019203319502074656,2444610.046527428,2104120.3849119116
2019-03-08,0.4299813992523079,16,True,16,37.78896971779893,0.022517857579304093,0.021006298790592137,0.03130479152756749,2495962.255591267,2169989.434910484
2019-03-15,0.46613012477718363,17,True,17,3.703697181152415,0.002991500672846719,0.0028433527856006227,6.842537423401573e-05,2503059.1568234563,2170137.9172496516
2019-03-22,0.44891800356506234,16,True,16,1.751380950121987,0.011195719809690438,0.011125664571685559,0.017226225125131167,2530907.35340536,2207521.201564777
2019-03-29,0.4747859717787619,17,True,17,3.7338206708354105,0.017335664884435446,0.01718631205760203,0.0021989507124600127,2574404.3169698645,2212375.4318837286
2019-04-05,0.4762936752274699,17,True,17,5.641720708274353,-0.01015256615510524,-0.010378234983436213,-0.0010686683978751166,2547686.5440259785,2210011.136175439
2019-04-12,0.48201638829022986,17,True,17,9.722804074573133,8.141122959991472e-05,-0.0003075009333830106,0.006625596923903965,2546903.128035723,2224653.7791610765
2019-04-19,0.47198744522732855,17,True,17,0.5049674877267315,-0.009119536318005432,-0.009139735017514502,-0.0050314723731093025,2523625.1083301976,2213460.4951314945
2019-04-26,0.4333109719177367,16,True,16,3.3367629907966005,0.0027914890838575197,0.0026580185642256556,-0.006723634374645404,2530332.9507172857,2198577.9960595085
2019-05-03,0.39523948220064725,15,False,16,0.40007561475668524,0.00112118398282135,0.0011051809582310825,-0.03473928651209657,2533129.426512403,2122200.965135206
2019-05-10,0.36141864386330047,14,False,14,4.947426955932727,0.00112118398282135,0.0009232869045840409,0.004251792211147132,2535468.2317395187,2131224.1226692568
2019-05-17,0.34838858007184725,14,False,13,2.521203114021425,0.00112118398282135,0.0010203358582604929,0.04205387097119928,2538055.260893843,2220850.346934697
2019-05-24,0.4505561062396747,17,True,17,15.147999194251074,0.0142522057370533,0.013646285769283258,0.008537294089209668,2572690.2882822333,2239810.3994746017
2019-05-31,0.46750399484855243,17,True,17,0.5625832445535779,0.005595454896491765,0.0055729515667096215,-0.0070575876716588715,2587027.7666549743,2224002.7412124164
2019-06-07,0.45081983584131324,17,True,17,1.1155271581313182,0.0014992424118295746,0.0014546213255043218,-0.006768797793721082,2590790.9124140223,2208948.916364468
2019-06-14,0.4206498489029037,16,True,16,7.506666858257466,-0.011075655808042607,-0.011375922482372906,-0.009136551895304601,2561318.275826364,2188766.7399560274
2019-06-21,0.39967349995861956,15,False,13,7.127452860048064,0.00112118398282135,0.0008360858684194274,0.007968397762377899,2563459.7578413063,2206207.7039490603
2019-06-28,0.4209136118775456,16,True,16,8.317992600282272,0.002309248914799803,0.001976529210788512,-3.1062492558020516e-05,2568526.5109333606,2206139.173638675
2019-07-05,0.4137965702207422,16,True,16,5.4830755813298815,-0.015989513059251524,-0.01620883608250472,-0.020698617158418364,2526893.685744074,2160475.1434853384
2019-07-12,0.37387586456097094,14,False,11,13.713294688475708,0.00112118398282135,0.0005726521952823216,-0.016187782506410175,2528340.7169604604,2125501.8417520924
2019-07-19,0.3443418057645008,14,False,9,5.0,0.00112118398282135,0.0009211839828213499,-0.012042365913817243,2530669.7839320395,2099905.770823221
2019-07-26,0.34150427932849364,14,False,9,0.0,0.00112118398282135,0.00112118398282135,-0.027048930661619064,2533507.1303595942,2043105.5652322902
2019-08-02,0.3159427490480883,13,False,7,5.0,0.00112118398282135,0.0009211839828213499,0.011471441589006925,2535840.9565484454,2066542.9313840275
2019-08-09,0.33416593348358054,13,False,6,2.5,0.00112118398282135,0.0010211839828213499,-0.006383649015370474,2538430.516716255,2053350.846634877
2019-08-16,0.32202629833052365,13,False,6,0.0,0.00112118398282135,0.00112118398282135,-0.022055224279102892,2541276.564353102,2008063.733188659
2019-08-23,0.3046933516503145,13,False,5,2.5,0.00112118398282135,0.0010211839828213499,0.021272844133757296,2543871.6752765384,2050780.959995432
2019-08-30,0.3329272631661978,13,False,3,5.0,0.00112118398282135,0.0009211839828213499,-0.0063658793323344565,2546215.049118156,2037725.935867052
2019-09-06,0.3416206014075496,14,False,3,0.0,0.00112118398282135,0.00112118398282135,0.014623783686830372,2549069.824648046,2067525.1991662157
2019-09-13,0.3919530471743295,15,False,2,2.5,0.00112118398282135,0.0010211839828213499,0.01984896446190132,2551672.8939240696,2108563.4333685515
2019-09-20,0.4229481514743302,16,True,16,34.26667989661461,0.03603987581905054,0.034669208623185954,0.01788635501868807,2640137.3738216516,2146277.9475172055
2019-09-27,0.4344695759711027,16,True,16,0.31260050685574975,-0.012275203225115118,-0.012287707245389348,-0.03235024905274819,2607696.13868452,2076845.3213786026
2019-10-04,0.3805235430441651,15,False,16,0.6109881676178122,0.00112118398282135,0.0010967444561166375,0.007671874742208429,2610556.1149678594,2092778.6185431608
2019-10-11,0.38691850304863407,15,False,16,0.8719144564273192,0.00112118398282135,0.0010863074045642572,0.03468902132861795,2613391.981405579,2165375.06067788
2019-10-18,0.440140405147043,16,True,16,4.475023172048825,0.0028384049082533806,0.0026594039813714276,-0.005074267870706417,2620342.046445813,2154387.367579453
2019-10-25,0.43134093789607103,16,True,16,9.993545006772289,0.015941465921259612,0.01554172412098872,0.02893617923678038,2661066.679634301,2216727.106593188
2019-11-01,0.4847953032541393,17,True,17,7.036717876141083,-0.009947728487719187,-0.01022919720276483,-0.0021331409727948225,2633846.1037986153,2211998.515176609
2019-11-08,0.46056544686897066,17,True,17,0.6842407473832843,0.02509462437460396,0.02506725474470863,-0.0016523292679148094,2699869.3950408935,2208343.5652893987
2019-11-15,0.44698999186699856,16,True,17,0.5610138058650352,-0.000943353517741522,-0.0009657940699761235,0.0012412979839251381,2697261.877189453,2211084.7777048065
2019-11-22,0.4534317307050897,17,True,17,0.4349843305494077,0.012564531949423906,0.012547132576201929,0.013880135960245177,2731104.7795552844,2241774.935038978
2019-11-29,0.4737742166868748,17,True,17,10.336329098442457,-0.004912070122260498,-0.005325523286198196,-0.014698914267372465,2716560.2174547156,2208823.2774620955
2019-12-06,0.4218293982849618,16,True,16,2.663410090718395,0.007428235200253226,0.007321698796624491,0.011810453595879844,2736450.053129812,2234910.4822820607
2019-12-13,0.4342375110326566,16,True,16,0.2760428245052814,0.0024561945183932416,0.0024451528054130305,0.012444294533709543,2743141.091654095,2262722.3665800537
2019-12-20,0.4424752164502164,16,True,16,5.293001991434418,0.013535372536255537,0.01332365245659816,0.000338201073157407,2779689.750198707,2263487.6217126884
2019-12-27,0.4562889307083574,17,True,17,8.231737121906377,0.014444100714919583,0.014114831230043328,0.0033253605417460363,2818924.601894643,2271014.5341366623
2020-01-03,0.5049028954230734,18,True,18,12.708111434842229,0.004198830573373474,0.0036905061159797853,0.003656334713050713,2829327.8603784214,2279318.123411669
2020-01-10,0.5139555644945025,18,True,18,5.605459451511839,0.019250386601473185,0.01902616822341271,0.014101022248947714,2883159.1282091695,2311458.8389823264
2020-01-17,0.5652086265884653,20,True,20,10.287513428043136,0.015683924614324617,0.015272424077202891,-0.0034589423542550346,2927191.9570972384,2303463.6361040534
2020-01-24,0.554394660014782,19,True,19,8.578104738320901,0.018912191337389115,0.018569067147856277,-0.022040520840564515,2981547.1811032416,2252694.0978270196
2020-01-31,0.5123592595006845,18,True,18,5.7612145496623555,0.019178442726095687,0.018947994144109193,0.014125711736103552,3038041.5196311707,2284515.005282546
2020-02-07,0.5129149599113486,18,True,18,10.694714806578007,0.018925244773087917,0.0184974561808248,-0.003969702272329623,3094237.559516075,2275446.1608749046
2020-02-14,0.4794505022762836,17,True,17,11.051979336381192,0.013915247471316856,0.013473168297861608,-0.0002409384552832794,3135926.7429090003,2274897.9183918233
2020-02-21,0.4815471698113208,17,True,17,5.568663609383414,-0.047604294488369364,-0.047827041032744703,-0.07256003574781722,2985944.64590021,2109831.2441106774
2020-02-28,0.39922871104252877,15,False,16,2.997799382402062,0.00112118398282135,0.0010012720075252674,-0.01906659232030994,2988934.3886901694,2069603.9519145668
2020-03-06,0.36553630924988495,14,False,15,3.507464816032656,0.00112118398282135,0.0009808853901800436,-0.09900165011948192,2991866.1907642423,1864709.7455812239
2020-03-13,0.2921599423950371,12,False,12,7.844334503982394,0.00112118398282135,0.0008074106026620541,-0.12285924292539507,2994281.8552484117,1635612.9179635087
2020-03-20,0.24284317690778667,11,False,4,20.0,0.00112118398282135,0.00032118398282134997,-0.021899135486934562,2995243.57062037,1599794.4090688454
2020-03-27,0.21998651173388015,10,False,3,2.5,0.00112118398282135,0.0010211839828213499,-0.052096868619079584,2998302.265379336,1516450.1299220477
2020-04-03,0.21447091932457785,10,False,3,0.0,0.00112118398282135,0.00112118398282135,0.12099209905926833,3001663.9138549366,1699928.6142600165
2020-04-10,0.2422499346182273,11,False,3,0.0,0.00112118398282135,0.00112118398282135,0.023213937769177573,3005029.3313569636,1739390.6513234929
2020-04-17,0.27626986397748593,12,False,3,0.0,0.00112118398282135,0.00112118398282135,-0.015884376969951597,3008398.5221111896,1711761.514519861
2020-04-24,0.26728655022791303,12,False,3,0.0,0.00112118398282135,0.00112118398282135,0.06932053993821263,3011771.490348124,1830421.7469518303
2020-05-01,0.3028086907765629,13,False,3,0.0,0.00112118398282135,0.00112118398282135,-0.057519749404085885,3015148.2403030205,1725136.346763372
2020-05-08,0.27002530304844785,12,False,3,0.0,0.00112118398282135,0.00112118398282135,-0.006349311440677963,3018528.77621588,1714182.9188201379
2020-05-15,0.2766290181363352,12,False,3,0.0,0.00112118398282135,0.00112118398282135,-0.0117336638215364,3021913.1023314586,1694069.2727220824
2020-05-22,0.28490378799834004,12,False,3,0.0,0.00112118398282135,0.00112118398282135,0.05480043149946057,3025301.2228992707,1786904.9998572299
2020-05-29,0.3313319396051103,13,False,3,0.0,0.00112118398282135,0.00112118398282135,0.06097233585600348,3028693.1421735953,1895856.7716512966
2020-06-05,0.43396766729205755,16,True,16,30.812384543180766,0.004485224093199536,0.0032527287114723054,-0.012404585901305665,3038544.6593153826,1872339.453470776
2020-06-12,0.41522156258375775,16,True,16,0.19718220974686632,0.03033455807657245,0.030326670788182575,0.025254989995607824,3130693.602873631,1919625.3676365623
2020-06-19,0.43689654039093584,16,True,16,0.555944658660738,0.024394145371594234,0.024371907585247803,0.018516314824951863,3206994.5780405933,1955169.755289685
2020-06-26,0.47085510437415456,17,True,17,2.615790830872072,-0.015568486141877457,-0.01567311777511234,0.016035751840168144,3156730.9743148163,1986522.3722909125
2020-07-03,0.4674676012636653,17,True,17,20.08190681328852,-0.022470035941633208,-0.02327331221416475,0.013534569498347082,3083263.388773463,2013409.0973987053
2020-07-10,0.4798860011191205,17,True,17,23.48766746113209,0.01420142009994864,0.013261913401503357,0.00922968703021887,3124153.360829402,2031992.2332314907
2020-07-17,0.4686651098425878,17,True,17,6.177015098325128,0.04820490774890197,0.04795782714496897,0.02143266668915067,3273980.967682433,2075543.245481284
2020-07-24,0.47295610638391733,17,True,17,0.7110940250808964,0.014354747157510945,0.014326303396507709,-0.005525013895079867,3320885.0123398434,2064075.840210161
2020-07-31,0.4493548388628969,16,True,16,6.562586170058932,0.09605279989057217,0.09579029644376981,0.018028387239576116,3638993.572127549,2101287.798749323
2020-08-07,0.49301591422148133,18,True,18,14.96989651919985,0.030980823709451766,0.03038202784868377,0.0017122077696183347,3749553.576177109,2104885.6400445458
2020-08-14,0.5109653874580704,18,True,18,4.2460977552994175,0.08361478395411737,0.08344494004390539,0.022698168084736903,4062434.849532619,2152662.6881014258
2020-08-21,0.5653478692175322,20,True,20,9.742864889774205,-0.0016347630144940997,-0.0020244776100850678,0.023080473919064426,4054210.541137311,2202347.163130694
2020-08-28,0.5888843775788739,20,True,20,1.5327036156940315,-0.008649245014434821,-0.008710553159062582,-0.02728955870989136,4018896.1247007027,2142246.0809228765
2020-09-04,0.5409272835706959,19,True,19,17.417754667063186,0.025442898814449576,0.02474618862776705,0.007299036569826001,4118348.4862779486,2157882.413409099
2020-09-11,0.5205269516999854,18,True,19,0.736330225937789,0.050477527246775164,0.050448074037737656,0.011972815040650397,4326111.235626902,2183718.3404243183
2020-09-18,0.5501788854274835,19,True,19,12.837324257507637,-0.04216595861054562,-0.04267945158084592,-0.04219885977300064,4141475.18061261,2091567.9163930228
2020-09-25,0.47155885185898666,17,True,18,3.681485407253969,0.04525696122420727,0.04510970180791711,0.0333766559998252,4328295.891054935,2161377.459238744
2020-10-02,0.5126014634117133,18,True,18,0.7428618806631305,0.01046801598634194,0.010438301511115414,0.030486064872063068,4373475.948595088,2227269.3526741113
2020-10-09,0.5066289424860853,18,True,18,0.3027393596243103,-0.014370503915781284,-0.014382613490166255,-0.012707496807741414,4310573.934417907,2198966.3344850247
2020-10-16,0.48150267015610987,17,True,18,0.4865121728891034,0.011160079072550101,0.011140618585634537,0.016008310609011867,4358596.394506436,2234168.0705862213
2020-10-23,0.519684186154555,18,True,18,5.47732832312159,0.009938503867673639,0.009719410734748775,-0.020316246351102074,4400959.383091639,2188778.161674425
2020-10-30,0.48121085970345234,17,True,18,0.9338763987718693,0.010923456808264157,0.010886101752313282,0.04715784859601424,4448868.674743772,2291996.2308329297
2020-11-06,0.5332727076301309,19,True,19,2.7657337194675966,0.025421593113780352,0.025310963765001648,0.03525190611451645,4561473.8285654625,2372793.466777078
2020-11-13,0.5566354147929248,19,True,19,5.1581976315754705,0.03039330417117057,0.03018697626590755,0.016688809303758267,4699170.930765926,2412392.564461324
2020-11-20,0.607121885508821,21,True,21,23.140974008287436,0.055609271146265946,0.05468363218593445,0.015008687994469971,4956138.665522765,2448599.4117815034
2020-11-27,0.6352572789839128,21,True,21,6.209257493322677,0.04533382272636553,0.04508545242663262,0.024237222515055112,5179588.419546987,2507946.660575085
2020-12-04,0.6730080554802567,22,True,22,9.38596649058455,-0.00478276064872475,-0.005158199308348132,0.017538266758358123,5152871.070143752,2551931.698123984
2020-12-11,0.6929338235294118,23,True,23,11.46142404764833,-0.008242472733634022,-0.008700929695539955,0.01643482464149537,5108036.3012322495,2593872.248079725
2020-12-18,0.7098334490071333,23,True,23,11.955152300712605,0.012036969177835278,0.011558763085806773,-0.002619991193306914,5167078.882671894,2587076.325633193
2020-12-25,0.6903707309608327,23,True,23,5.583891859774064,0.03138800588578457,0.031164650211393606,0.022039248581709137,5328109.088665041,2644093.5438736775
2021-01-01,0.7193212816126375,24,True,24,13.882792361275214,0.045228084663338594,0.04467277296888759,0.030302768502399546,5566130.4963364415,2724216.8984323707
2021-01-08,0.7376815157507244,24,True,24,14.152981711640766,-0.014821390382713674,-0.015387509651179304,0.00046957805058034374,5480481.609604341,2725496.1308928947
2021-01-15,0.7267603279321425,24,True,24,5.595631059911301,-0.008900304334295294,-0.009124129576691746,-0.006428523534933728,5430476.985255635,2707975.2148710787
2021-01-22,0.6941939971701543,23,True,23,15.265914892694092,-0.003581582987005911,-0.004192219582713675,-0.04657303133831037,5407711.233294571,2581856.60032552
2021-01-29,0.636922610700272,21,True,22,7.1413237800285305,0.10030650257169783,0.10002084962049669,0.0864816322197055,5948595.105350997,2805139.773278891
2021-02-05,0.7088497490239821,23,True,23,14.509257499389463,0.032273919906589996,0.03169354960661442,0.018624005993558512,6137127.199412103,2857382.7132292064
2021-02-12,0.7040266519146844,23,True,23,10.838557354557514,0.016028196494734415,0.015594654200552114,-0.005576185888852003,6232833.575871737,2841449.416064648
2021-02-19,0.6975010020523964,23,True,23,8.912548416623025,0.014849045607619423,0.014492543670954502,-0.02069331446763356,6323163.188663849,2782650.409754148
2021-02-26,0.6969466401051119,23,True,23,8.966829187865876,0.05163472296267115,0.051276049795156514,0.029356231631832097,6647390.019188677,2864338.5397333037
2021-03-05,0.7189520653681412,24,True,24,15.974906683381304,0.02472845223673422,0.024089455969398967,0.0043783395805088166,6807522.028367344,2876879.5865337946
2021-03-12,0.7234620171117448,24,True,24,5.600909034932093,-0.023674261622304724,-0.023898297983702008,-0.022185343698139515,6644833.838402806,2813055.0241283807
2021-03-19,0.6564545951060536,22,True,22,9.415643751605215,0.008593235114109848,0.008216609364045639,-0.013447561817369835,6699431.842341954,2775226.2927957517
2021-03-26,0.6296309903414469,21,True,21,3.969757846359495,0.06380297491935732,0.06364418460550295,0.027171184222440026,7125811.719267949,2850632.4776562643
2021-04-02,0.6823020421772109,23,True,23,13.170373218864778,0.04869693665945046,0.04817012173069587,0.003878515906723168,7469062.937215106,2861688.701065076
2021-04-09,0.6906282642089093,23,True,23,2.4492860925385282,-0.03657810192679902,-0.036676073370500564,-0.018307869150821388,7195127.036920917,2809297.278775593
2021-04-16,0.6310224467763528,21,True,22,4.424415857121994,0.0019435610038828683,0.0017665843695979886,-0.01564882237427878,7207837.835881613,2765335.084663489
2021-04-23,0.6101924114931866,21,True,21,4.616290654355823,0.0366045763640378,0.03641992473786357,0.021374405233941296,7470346.7473871475,2824442.4773707218
2021-04-30,0.6451373537082139,22,True,22,4.849105720742414,0.05763038791333429,0.05743642368450459,0.016074439820936703,7899416.748240237,2869843.8080009148
2021-05-07,0.664054981957712,22,True,22,18.18944733254621,-0.04498799239224841,-0.04571557028555026,-0.007239455229999026,7538290.406671207,2849067.702235802
2021-05-14,0.6797040890170265,23,True,23,11.303874297978588,0.045201471998291505,0.04474931702637236,0.03573561895904076,7875623.753916199,2950880.9000314106
2021-05-21,0.7252666374140705,24,True,24,12.853890319514157,-0.001636964939579097,-0.002151120552359663,0.015420522765011047,7858682.337796498,2996385.0261271815
2021-05-28,0.7336214174556772,24,True,24,5.810311079342767,0.03713466742288742,0.036902254979713715,0.0211061176102858,8148685.437230438,3059627.080894321
2021-06-04,0.7481269390631516,24,True,24,17.619131719373158,0.021324994978527974,0.02062022970975305,0.012688611980080644,8316713.2027786495,3098449.501727536
2021-06-11,0.7602370048556094,25,True,25,8.331809027604308,-0.02210736905800876,-0.022440641419112933,-0.013071509932651937,8130080.824009491,3057948.088289884
2021-06-18,0.731113174950819,24,True,24,13.182765420386417,0.035290563151701766,0.03476325253488631,0.011418177200249513,8412708.876823569,3092864.2814311422
2021-06-25,0.7396293103791026,24,True,24,12.269010181148934,0.06306857806856259,0.06257781766131663,-0.0033199403223185264,8939157.838955173,3082596.1565917605
2021-07-02,0.7380475765874224,24,True,24,2.6307956243319435,-0.0024253279941459528,-0.0025305598191192307,0.0024825020656640273,8916536.765311148,3090248.7079181075
2021-07-09,0.73378430209569,24,True,24,10.07819224098265,0.006001709708880766,0.0055985820192414595,0.015848668867049387,8966456.727719324,3139225.036406729
2021-07-16,0.741440265999903,24,True,24,9.421878351205814,0.005494187353474091,0.005117312219425859,-0.004027695408718279,9012340.886297036,3126581.19414066
2021-07-23,0.7154019929474227,24,True,24,14.91214923829776,0.012878492991896511,0.0122820070223646,-0.0016621611748374177,9123030.52035048,3121384.3122697826
2021-07-30,0.7154038741027301,24,True,24,17.96177934054496,-0.036800999396478865,-0.03751947057010066,0.021252538558647505,8780739.24523206,3187721.6527226535
2021-08-06,0.702693211569365,23,True,23,14.465816872559575,-0.006334651787724768,-0.0069132844626271514,0.00792925655605825,8720035.497037617,3212997.9155363934
2021-08-13,0.6683922266094104,22,True,22,15.944097680909334,-0.03824389244176935,-0.03888165634900573,-0.008627615479228967,8380986.073490669,3185277.404985581
2021-08-20,0.5999195536857508,20,True,20,14.929591716678445,0.008377955549990978,0.00778077188132384,0.017824934828366334,8446196.614269052,3242054.767139717
2021-08-27,0.62559470103831,21,True,21,18.97315788823366,0.029240995622506153,0.028482069306976807,0.039936586225118864,8686761.771617016,3371531.36689415
2021-09-03,0.6748846930686244,22,True,22,12.02256553420831,0.026949383199142498,0.026468480577774164,0.0052272126726877755,8916687.156852812,3389155.0783815435
2021-09-10,0.6848678362573098,23,True,23,11.460379273445438,0.023956071154383467,0.02349765598344565,0.012860219257301964,9126208.404176546,3432740.3557865284
2021-09-17,0.6979376456876457,23,True,23,5.959978338384653,0.026022298784940424,0.02578389965140504,0.010960089171338838,9361517.645867644,3470363.496188002
2021-09-24,0.6785430146045743,23,True,23,6.713513588989504,-0.006487508374690965,-0.006756048918250546,-0.011716731558489846,9298270.774703097,3429702.178692785
2021-10-01,0.6919035546240526,23,True,23,14.043480687757427,0.06543791950622134,0.06487618027871105,0.023394909400923813,9901507.065763004,3509939.750435454
2021-10-08,0.7155965768078733,24,True,24,10.732538914246309,0.040042904681198345,0.03961360312462849,0.02629643610236121,10293741.437001845,3602238.6568059176
2021-10-15,0.7290317547545929,24,True,24,5.761457007298458,-0.07283758447735267,-0.07306804275764461,-0.023434849469695762,9541597.897546856,3517820.736129752
2021-10-22,0.6507230803336381,22,True,22,12.195854360186937,-0.019865568780393385,-0.020353402954800863,-0.02031208400163642,9347393.910705404,3446366.4658347857
2021-10-29,0.6234620590103355,21,True,21,3.7820269766189547,0.034072501631412226,0.03392122055234747,0.01922197403045023,9664468.921140112,3512612.4325404763
2021-11-05,0.6663183829138063,22,True,22,20.201996522205167,0.04566822625254363,0.04486014639165543,0.013143091260267026,10098018.41174006,3558779.0183033044
2021-11-12,0.6676685044204321,22,True,22,8.509825162992936,0.011218887504338635,0.010878494497818919,-0.01774504140188715,10207869.649471048,3495628.337283345
2021-11-19,0.6175271227662049,21,True,21,8.075267681960018,0.003949111678291262,0.003626100971012861,-0.03890528049246689,10244884.415518967,3359629.9363239207
2021-11-26,0.547567816091954,19,True,19,16.835979914522177,0.010776324492469637,0.01010288529588875,0.010137891644908414,10348387.307638593,3393689.5005853632
2021-12-03,0.563948829742911,20,True,20,7.128286596885141,0.05475435372646749,0.054469222262592085,0.02010594831822199,10912055.915957745,3461922.846292225
2021-12-10,0.612898305076872,21,True,21,3.7608025305371453,4.6359310739807496e-05,-0.00010407279048167833,-0.03179478719894424,10910920.26784868,3351851.7460952005
2021-12-17,0.5368744292237443,19,True,19,8.778221860412891,0.009441850302536815,0.0090907214281203,-0.0005690666285017576,11010108.404528124,3349944.3191228122
2021-12-24,0.5248996420688575,18,True,19,0.8580873091219136,0.062924947097956,0.06289062360559113,0.022598330696634195,11702540.988054058,3425647.468661661
2021-12-31,0.5869151883503825,20,True,20,8.772395584336222,0.0602308827201462,0.05987998689677275,0.0234959523079179,12403288.98907768,3506136.318209075
2022-01-07,0.6256550393579255,21,True,21,7.396420373189749,0.019743107447830442,0.01944725063290285,0.024878571591453236,12644498.858720599,3593363.9816110334
2022-01-14,0.6702770255289128,22,True,22,6.894594148022209,-0.038556676383161494,-0.038832460149082385,-0.034938717387987595,12153481.860684214,3467816.452985352
2022-01-21,0.596928421147746,20,True,20,8.372654603490291,-0.040934710272302256,-0.041269616456441865,-0.030140045320404707,11651912.325683452,3363296.3079295284
2022-01-28,0.5397250020666018,19,True,19,8.600077603814643,0.043691026606763335,0.04334702350261075,0.024600546754283137,12156988.043115214,3446035.236001257
2022-02-04,0.5731733663102252,20,True,20,12.752676852501438,-0.04362169447482737,-0.04413180154892742,-0.012870017135717005,11620478.25936377,3401684.703463636
2022-02-11,0.5199146365996865,18,True,18,5.513719004531086,-0.03389790601912131,-0.03411845477930255,-0.012127886752667516,11224005.497357799,3360429.4566117474
2022-02-18,0.46769407081500103,17,True,17,3.0902029588137943,-0.06145381994287418,-0.061577428061226736,-0.035572746368289776,10532860.106285436,3240889.751863168
2022-02-25,0.3968465213682943,15,False,11,14.693425739216611,0.00112118398282135,0.0005334469532526854,-0.02074023429240035,10538478.828418171,3173672.9390936866
2022-03-04,0.39789779697690714,15,False,10,2.5,0.00112118398282135,0.0010211839828213499,0.024760403508203632,10549240.554201053,3252254.361668713
2022-03-11,0.43504955712769955,16,True,16,15.07192327851997,0.013338981777986082,0.012736104846845283,0.03403419926038587,10683596.78795395,3362942.2346592047
2022-03-18,0.47028950847639955,17,True,17,3.0238589930626416,0.02079604495960453,0.020675090599882026,-0.004754885645000262,10904481.119477507,3346951.8289026585
2022-03-25,0.46923777339018125,17,True,17,5.24706918397906,0.01813835986496371,0.017928477097604548,0.0297303384590184,11099981.85948932,3446457.839581965
2022-04-01,0.5190265029088559,18,True,18,8.189487725905055,0.0278164627469579,0.027488883237921695,0.01690826059003281,11405107.96476787,3504731.4468461783
2022-04-08,0.5952165964541722,20,True,20,16.184030435752288,0.0086105274016972,0.007963166184267107,-0.013286708728751706,11495928.734840825,3458165.1009394364
2022-04-15,0.5731051233177381,20,True,20,4.872494054349681,-0.0026533303588368714,-0.0028482301210108587,-0.01609797503723931,11463185.684349257,3402495.645469861
2022-04-22,0.5535073001034237,19,True,19,7.598419987422171,-0.00044844186272866785,-0.0007523786622255547,-0.00748580885339567,11454561.028039224,3377025.2134433626
2022-04-29,0.49707338001672247,18,True,18,12.055403349132266,-0.04807728717392002,-0.04855950330788531,-0.0431296018831997,10898333.23390778,3231375.460438023
2022-05-06,0.4174225279232662,16,True,17,2.9906377140855223,-0.08405273742879135,-0.08417236293735478,-0.04766449286888286,9980994.773531059,3077353.5878472915
2022-05-13,0.3449189655172414,14,False,14,7.856462899987296,0.00112118398282135,0.0008069254668218581,0.03144044835393234,9989048.692398038,3174106.9643927924
2022-05-20,0.38697568511846264,15,False,12,5.0,0.00112118398282135,0.0009211839828213499,-0.0015761008416665945,9998250.444057098,3169104.251734673
2022-05-27,0.3580997378587196,14,False,9,7.500000000000001,0.00112118398282135,0.0008211839828213499,0.014758724586701577,10006460.847177994,3215876.18857257
2022-06-03,0.3946689452506894,15,False,9,0.0,0.00112118398282135,0.00112118398282135,-0.02103651823070196,10017679.930804579,3148225.350503983
2022-06-10,0.372735101812068,14,False,7,5.0,0.00112118398282135,0.0009211839828213499,-0.057104504144974366,10026908.057101866,2968447.502926815
2022-06-17,0.2919522320653118,12,False,5,5.0,0.00112118398282135,0.0009211839828213499,0.02522172415783297,10036144.68420129,3043316.867022643
2022-06-24,0.3114160616061606,13,False,5,0.0,0.00112118398282135,0.00112118398282135,0.005400638018389969,10047397.048870495,3059752.719796693
2022-07-01,0.3245565941212174,13,False,5,0.0,0.00112118398282135,0.00112118398282135,0.032386548159872186,10058662.029510735,3158847.5486136884
2022-07-08,0.39960093475550856,15,False,4,2.5,0.00112118398282135,0.0010211839828213499,-0.0027516135447362977,10068933.774063885,3150155.620913166
2022-07-15,0.4171813382873567,16,True,16,30.521850291785423,0.044549054974716555,0.04332818096304514,0.03962234050267588,10505202.358731443,3274972.159561406
2022-07-22,0.4817957651354686,17,True,17,3.692302719346887,0.013618535169077321,0.013470843060303446,0.022951745881171215,10646716.291022643,3350138.48833557
2022-07-29,0.49679317058559236,18,True,18,3.748383157160061,0.030083345953489823,0.02993341062720342,0.016006791379856944,10965408.82159316,3403763.4562119865
2022-08-05,0.5236863388914812,18,True,18,0.8641449928335664,0.02051452285338337,0.02047995705367003,0.01611701699283241,11189979.923335321,3458621.969675337
2022-08-12,0.5250366924225197,19,True,19,4.511649402896075,0.006223969556974737,0.006043503580858894,0.006347193463909884,11257606.607071737,3480574.5124353953
2022-08-19,0.5442007768446713,19,True,19,5.980059319393498,0.007910635196327792,0.007671432823552052,-0.0058477421217918435,11343968.579911863,3460221.0102509917
2022-08-26,0.5550131578947368,19,True,19,8.518439421682242,0.018256137602744447,0.017915400025877156,0.00356823380678728,11547200.314901967,3472567.887838725
2022-09-02,0.5746298602611178,20,True,20,5.543478896518099,0.019712342127334158,0.019490602971473432,0.01748500157878108,11772262.211671794,3533285.7428400097
2022-09-09,0.6029290247678019,21,True,21,9.494124689511295,0.0019611615894598844,0.0015813966018794327,-0.014446513311868747,11790878.827129764,3482242.0833214354
2022-09-16,0.5705329038777315,20,True,20,4.109767538197651,0.007119978253506132,0.006955587551978225,-0.012221241869725397,11872891.317126632,3439684.7605722276
2022-09-23,0.5421263357332322,19,True,19,6.356144408574068,-0.025422966009800194,-0.025677211786143156,-0.015161728423757959,11568028.572262911,3387533.1943690926
2022-09-30,0.5111484565777765,18,True,18,8.303721011848822,0.0437057476030876,0.043373598762613645,0.013982406511411583,12069775.602030693,3434899.060563662
2022-10-07,0.5409414607656801,19,True,19,12.493581135400088,-0.029075909673189366,-0.02957565291860537,-0.014737276131066013,11712804.108019581,3384278.0046257963
2022-10-14,0.4938639323589981,18,True,19,1.2003198015683745,0.016429961653272283,0.01638194886120955,0.017954654372903223,11904682.665938523,3445041.546500671
2022-10-21,0.5102516093835243,18,True,18,3.68012424595342,0.0015557703998823457,0.0014085654300442089,0.010642459767523649,11921451.19039741,3481705.262556752
2022-10-28,0.530936170212766,19,True,19,14.716467511308107,0.034757827008440725,0.0341691683079884,0.01897766638673115,12328797.262597566,3547779.9034864805
2022-11-04,0.5651288772715958,20,True,20,12.84628340331958,-0.0007874522831320104,-0.0013013036192647937,0.007613878184387746,12312753.754098566,3574792.2674966455
2022-11-11,0.5549678387228872,19,True,19,8.295983630347312,-0.013315199829738023,-0.013647039174951915,-0.006278316324900501,12144721.121264847,3552348.590845493
2022-11-18,0.5373936461818745,19,True,19,1.1946591355857703,0.013019906862783879,0.012972120497360448,0.011343431387994762,12302263.907056734,3592644.413351989
2022-11-25,0.5628687270538747,20,True,20,23.63721177364822,0.02546997438309093,0.024524485912145,0.015021698008234052,12603970.604932835,3646612.0327803316
2022-12-02,0.5970950023378467,20,True,20,13.111598689316454,0.0001986194969643355,-0.0003258444506083226,-0.009443417796849096,12599863.671055587,3612175.5518117696
2022-12-09,0.5718391110321707,20,True,20,5.529414805291172,0.028354966260223956,0.028133789668012308,-0.011155554852887661,12954345.585422695,3571879.729305274
2022-12-16,0.5566567372715587,19,True,19,3.5689335551683716,-0.12014964578783854,-0.12029240313004527,-0.03775497478631529,11396036.223975105,3437023.5001856023
2022-12-23,0.44427830811161895,16,True,16,17.132572113520034,0.09951030017807007,0.09882499729352927,0.026774558022065742,12522249.472966406,3529048.285314525
2022-12-30,0.5267951646678088,19,True,19,8.705150201171739,0.012051898260812358,0.011703692252765489,-0.011447454017612935,12668806.02711036,3488649.6673424514
2023-01-06,0.5234805347017644,18,True,19,0.8783161563981435,-0.0033540302569407855,-0.0033891629031967112,0.004852016762703082,12625869.379695484,3505576.6540075955
2023-01-13,0.5265078082929455,19,True,19,0.44649644814709,-0.008386232917667807,-0.00840409277559369,0.00011729364463941572,12519760.402055996,3505987.835869907
2023-01-20,0.5176185464503467,18,True,18,7.3357818285651355,-0.06061503001777481,-0.06090846129091741,-0.03082832178995165,11757201.060235808,3397904.114674053
2023-01-27,0.4589148449138805,17,True,17,3.393392325867105,-0.0010136952455143484,-0.0011494309385490327,0.005889174607976555,11743686.969586432,3417914.9653065307
2023-02-03,0.46590637596585077,17,True,17,15.841955567462893,0.011945891451919783,0.011312213229221267,0.0035756415268992647,11876534.06068362,3430136.2039918914
2023-02-10,0.49208491529357157,18,True,18,8.57921805331339,-0.009061724772665545,-0.00940489349479808,-0.0007924959293013067,11764836.522755548,3427417.8350132788
2023-02-17,0.477377557343331,17,True,17,16.62280609319798,-0.012804128007509344,-0.013469040251237263,-0.024893444726222125,11606375.466081327,3342097.5985837076
2023-02-24,0.4482043330375628,16,True,16,2.5614832398008236,0.009187479643447783,0.00908502031385575,0.009862991227200801,11711819.622960912,3375060.6778789875
2023-03-03,0.47024258917922584,17,True,17,3.1650080095912165,0.02728298590793434,0.027156385587550694,-0.006423120526574011,12029870.312573882,3353382.2563604703
2023-03-10,0.46882450941609427,17,True,17,6.167170405701964,-0.035717115433817635,-0.035963802250045716,-0.01764323204937379,11597230.43555878,3294217.7550612497
2023-03-17,0.42561499096983124,16,True,16,7.195889987749327,-0.015654580864290613,-0.015942416463800586,-0.009836452081534719,11412342.558128437,3261814.3399674487
2023-03-24,0.4007769170478674,15,True,15,6.992648678388094,0.00913156049785178,0.008851854550716255,0.019528678478885064,11513362.95453594,3325513.2634704895
2023-03-31,0.4251312111964163,16,True,16,12.592952472136446,0.019907756157122626,0.019404038058237167,0.013831025872639291,11736768.687484054,3371508.523457355
2023-04-07,0.47345282631463476,17,True,17,7.704017057304354,0.0037972049229914205,0.0034890442406992463,0.013215485934196858,11777718.792677538,3416064.64692613
2023-04-14,0.5115116309985875,18,True,18,8.168442843022062,0.0137939338681322,0.013467196154411316,-0.007165187154153485,11936331.641910022,3391587.9044002173
2023-04-21,0.5241153238107016,18,True,18,5.501439011445233,0.023172696916356164,0.022952639355898356,0.02508570697307877,12210301.95731918,3476668.2847434394
2023-04-28,0.5821389617307843,20,True,20,9.380312725329455,0.02072967828179343,0.02035446577278025,0.003879878182994956,12458836.130584745,3490157.334170926
2023-05-05,0.5978779039820079,20,True,20,5.994200899967874,0.0027990519565806405,0.0025592839205819257,0.013008390821148463,12490721.829562915,3535558.664801119
2023-05-12,0.610973195631529,21,True,21,9.629285831848106,0.01447436496601305,0.014089193532739127,-0.004509815956866059,12666706.026783237,3519613.945918163
2023-05-19,0.6010121595795508,21,True,21,3.9280854542703274,0.017732866747752388,0.017575743329581575,0.01877001859477989,12889332.800741244,3585677.1651294935
2023-05-26,0.6219476135310472,21,True,21,13.649722343695512,0.02755772135284545,0.02701173245909763,0.007291318266520186,13237496.00993114,3611821.4785414464
2023-06-02,0.6547202409075249,22,True,22,15.498975136792845,0.006517397344041264,0.00589743833856955,0.004186905484719672,13315563.326406768,3626943.83369978
2023-06-09,0.6697428571428572,22,True,22,10.275364374082919,0.029209226264467997,0.02879821168950468,0.01914986080844483,13699027.737845635,3696399.303275178
2023-06-16,0.6922777777777778,23,True,23,9.818007011974524,-0.0110369526011386,-0.011429672881617581,-0.01048422730966636,13542452.332005855,3657645.412752349
2023-06-23,0.6739085678549093,22,True,22,5.841182883691162,0.039689037557131504,0.03945539024178386,0.026118237799622745,14076775.0735959,3753176.665429314
2023-06-30,0.7000720787207872,23,True,23,13.793115950208204,0.006443061563901497,0.005891336925893168,0.008210590383445071,14159706.09838447,3783992.4616658585
2023-07-07,0.7144978260869567,24,True,24,17.55701952458224,0.034445917395630306,0.033743636614647014,0.012106924883337644,14637506.075538557,3829804.974158363
2023-07-14,0.712035035527855,23,True,23,7.602845603200162,0.024862688239954127,0.02455857441582612,0.008281913101050087,14996982.357756777,3861523.086148312
2023-07-21,0.7166638267222307,24,True,24,8.307746897018736,0.036994639508131796,0.036662329632251044,0.0026058458498725567,15546806.66844591,3871585.6200565384
2023-07-28,0.7224889293296937,24,True,24,22.876196112801654,0.01596777648422698,0.015052728639714914,-0.0034074113409270357,15780828.530440135,3858393.535307388
2023-08-04,0.7265146099195007,24,True,24,7.358511359294983,0.029088094340503048,0.02879375388613125,-0.0018027778764517777,16235217.823264865,3851437.708803291
2023-08-11,0.7175892108682144,24,True,24,13.137342767665283,0.012421469971736064,0.011895976261029452,-0.00607645839449833,16428351.589083068,3828034.607806746
2023-08-18,0.6988341541053511,23,True,23,12.789547849788525,0.03936202513032294,0.0388504432163314,0.003768416906854588,17066600.32963267,3842460.2381428294
2023-08-25,0.7134481113845441,24,True,24,11.981628376725126,0.02217944086903179,0.021700175733962785,0.015082472051055618,17436948.555967007,3900414.037291911
2023-09-01,0.7518342832401098,25,True,25,9.238086842120893,0.04838413910771243,0.04801461563402759,0.0241821892817089,18274176.938712075,3994734.5878187385
2023-09-08,0.7717894908831759,25,True,25,8.5327820477835,-0.030897052623196437,-0.031238363905107775,0.010198742526783322,17703321.54943426,4035475.8573427377
2023-09-15,0.7716623854965148,25,True,25,7.114062935573689,-0.008369371590293759,-0.008653934107716706,-0.022925652956560127,17550118.171257734,3942959.938322721
2023-09-22,0.7310970713911868,24,True,24,12.149042930842757,0.02706058276053817,0.02657462104330446,0.0018423248053391905,18016505.910924118,3950224.1512235515
2023-09-29,0.7360016590976655,24,True,24,4.800649472342395,0.016868617738847347,0.01667659175995365,5.782820397159938e-05,18316959.82494139,3950452.585591502
2023-10-06,0.7399189520453501,24,True,24,6.060516287259258,0.019598928447157164,0.019356507795666795,0.005594555211176466,18671512.200585783,3972553.6106907283
2023-10-13,0.7384949986955788,24,True,24,7.58824318427027,0.013184451257711767,0.012880921530340955,-0.010442573036195224,18912018.484094333,3931069.9294708893
2023-10-20,0.7170714798539332,24,True,24,10.045039713337939,-0.028135422695453466,-0.028537224283986983,-0.025760151085930105,18372321.970950827,3829804.9741583625
2023-10-27,0.6540772459375264,22,True,23,3.5663538863284465,0.030884769220368483,0.030742115064915344,0.014046744942724398,18937126.006991472,3883601.2678107424
2023-11-03,0.6779813040859448,23,True,23,23.773593993751184,0.033087355608209065,0.032136411848459015,0.0150373949691045,19545697.287578315,3942000.5139773274
2023-11-10,0.7020062709707277,23,True,23,12.857256344475033,0.06253230866930251,0.06201801841552351,0.01992860702571786,20757882.701903593,4020559.0931155593
2023-11-17,0.7301481531368529,24,True,24,9.079967123912704,-0.008580824243292604,-0.008944022928249112,0.002443112411579129,20572223.72307586,4030381.770937437
2023-11-24,0.7322061936176563,24,True,24,9.341296103277848,0.027137040320664788,0.026763388476533673,0.026743559951256657,21122806.1384027,4138168.5274549546
2023-12-01,0.7584749137867781,25,True,25,16.05446998449965,0.012730227753992563,0.012088048954612577,0.032466941019632545,21378139.653062504,4272522.200965134
2023-12-08,0.7707465352610964,25,True,25,7.0145015721956225,0.023383067229352503,0.023102487166464677,0.023607880877910548,21872027.85004027,4373387.396133748
2023-12-15,0.7806751513201095,25,True,25,16.1924001352819,0.0009631891559062139,0.0003154931504949378,-0.004719235520408649,21878928.32501439,4352748.350989406
2023-12-22,0.7620273273854451,25,True,25,3.29983340202276,0.022007509489291775,0.021875516153210865,0.019651319621930563,22357541.175003186,4438285.60006853
2023-12-29,0.7743842620107181,25,True,25,1.3524326048383508,0.047816217378949616,0.04776212007475608,0.008309679013235094,23425384.741179988,4475166.3287741635
2024-01-05,0.7905035937656538,25,True,25,7.62038023846498,0.027930955965980997,0.0276261407564424,0.007911957775667888,24072537.717313644,4510573.655806515
2024-01-12,0.7818705141835076,25,True,25,5.598473553334587,0.008433916224046184,0.0082099772819128,-0.007049671825621773,24270172.70509078,4478775.591787784
2024-01-19,0.7562122993119266,25,True,25,4.494561806650224,0.011964298734879074,0.011784516262613065,-0.01088420107719934,24556184.950030353,4430027.6976671135
2024-01-26,0.732879055588361,24,True,24,7.372653360742781,0.03984695299936251,0.0395520468649328,0.026700355798483955,25527432.32799791,4548311.013391964
2024-02-02,0.7524831322690169,25,True,25,10.281755357406098,0.021683458785762694,0.02127218857146645,0.002546356751109924,26070456.68222443,4559892.635847063
2024-02-09,0.7392938183651018,24,True,24,13.64974862397324,-0.001206229217276176,-0.0017522191622351057,0.010189615008892261,26024775.528457616,4606356.186288227
2024-02-16,0.7296508398283506,24,True,24,6.529740664945847,0.021587180130820376,0.02132599050422254,0.007369240611160954,26579779.644252025,4640301.533365695
2024-02-23,0.731913763066202,24,True,24,3.5806067920060802,0.0008563309936860155,0.0007131067220057723,0.0017869889482362566,26598733.863785774,4648593.700922303
2024-03-01,0.7131686178861789,24,True,24,12.420691989764629,-0.0015778152898819444,-0.0020746429694725294,0.004176945227962969,26543550.9875784,4668010.622198109
2024-03-08,0.6823120994739359,23,True,23,10.019570226151684,-0.06324508609229497,-0.06364586890134104,-0.029831463973222117,24854163.621246923,4528757.031495388
2024-03-15,0.5862005533796214,20,True,22,3.083075714562772,0.01811376295019673,0.01799043992161422,0.00854468050763657,25301300.958676934,4567453.813426228
2024-03-22,0.6225007214915081,21,True,21,7.574900272769247,0.029235697198374332,0.028932701187463564,0.013031018374961345,26033335.93896842,4626972.387995773
2024-03-29,0.637574015260206,22,True,22,4.0676693062799005,0.04499634037134682,0.04483363359909562,0.02270780517547366,27200504.983818296,4732040.775534677
2024-04-05,0.7298156464534661,24,True,24,6.14643963408799,0.012574109915892579,0.012328252330529059,0.0014675285178444852,27535839.67277662,4738985.180320377
2024-04-12,0.7103016262905729,23,True,23,6.161031251972881,-0.0015990768520390691,-0.0018455181021179844,-0.017367621893904617,27485021.78220349,4656680.277547756
2024-04-19,0.6601448268805239,22,True,22,4.644483755556393,0.03992714796731429,0.03974136861709203,0.022278417675568374,28577314.164298844,4760423.745752547
2024-04-26,0.7180876132861284,24,True,24,9.988486581597602,0.004666147748663579,0.004266608285399675,0.005767934220597182,28699242.36968671,4787881.556780216
2024-05-03,0.7017694344670067,23,True,24,1.3019353884098628,-0.035067035509053844,-0.03511911292459024,-0.023399834443010525,27691350.4360555,4675845.921018816
2024-05-10,0.6319695127473801,21,True,22,5.619102397370705,0.0386432033263328,0.03841843923043797,0.029090189602864802,28755208.89999186,4811867.165415035
2024-05-17,0.6900230635867879,23,True,23,17.354354913809452,0.00019698583041077438,-0.0004971883661416038,0.019900733697135742,28740912.14466081,4907626.85245995
2024-05-24,0.6923386598002825,23,True,23,23.58134642411585,-0.014788464831865215,-0.01573171868882985,-0.01770873334497003,28288768.199940633,4820718.997173122
2024-05-31,0.6565490746491119,22,True,22,6.430460217839065,-0.0005241509026710238,-0.0007813693113845864,0.03131500760544559,28266664.224612325,4971679.849233314
2024-06-07,0.7186903630998459,24,True,24,11.637422803382389,0.06905631758478241,0.06859082067264712,0.02068309582501482,30205497.92145664,5074509.579966302
2024-06-14,0.7639496524559777,25,True,25,4.946842282297001,0.01175142390299185,0.01155355021169997,0.000985851456044129,30554478.658361584,5079512.292624421
2024-06-21,0.7650275689223057,25,True,25,6.317332685556115,0.013014643458201348,0.012761950150779104,0.014548349088423285,30944413.39188264,5153410.810656459
2024-06-28,0.7497086807928912,24,True,24,5.443192520678924,0.03628543008101739,0.036067702380190234,0.018969667149829172,32060507.284430638,5251169.298420943
2024-07-05,0.7739039397325111,25,True,25,14.326015929265894,-0.0228620976250982,-0.023435138262268836,0.004689474565690688,31309164.863461528,5275794.523286024
2024-07-12,0.7613512909155564,25,True,25,13.081447222948603,-0.0645244758180333,-0.06504773370695124,-0.010471759589010032,29272574.644836046,5220547.671397157
2024-07-19,0.7207175729442971,24,True,24,23.441100973786796,0.0297717820040507,0.02883413796509923,0.019185161199986034,30116624.100738913,5320704.720025123
2024-07-26,0.7601704583727095,25,True,25,8.356211072600205,0.027203709111970304,0.026869460669066297,-0.0013996191833693938,30925841.54749877,5313257.759629932
2024-08-02,0.7459751834067119,24,True,24,14.151022442312684,0.004196635608170325,0.003630594710477817,-0.014443591744430773,31038120.744238194,5236515.233716909
2024-08-09,0.704293123095141,23,True,23,6.140360197832597,0.01553836056291623,0.015292746155002927,0.0058019063406546945,31512778.84590816,5266897.004654346
2024-08-16,0.6866515402951852,23,True,23,6.414943195222891,0.035915026568383135,0.03565842884057422,0.015707067421334653,32636475.02795373,5349624.511007678
2024-08-23,0.7279087668453847,24,True,24,15.077204634671947,0.019122094503667923,0.018519006318281045,0.0134892489532914,33240870.11520282,5421786.92784329
2024-08-30,0.728796938634722,24,True,24,10.809715436936735,-0.0065388536728727365,-0.006971242290350206,-0.010821776692627405,33009139.955687683,5363113.560435164
2024-09-06,0.7007402929641073,23,True,23,9.900845003390717,0.0039000523258498547,0.003504018525714226,0.019188421353028673,33124804.593610305,5466023.243196935
2024-09-13,0.7264636674818222,24,True,24,11.038426567065166,-0.0033914018356777276,-0.003832938898360334,0.011099873789085724,32997839.24158287,5526695.4113246305
2024-09-20,0.7023099428287347,23,True,23,6.79844135225319,0.038519609274830745,0.038247671620740616,0.012224206201588927,34259929.76108892,5594254.875646038
2024-09-27,0.7039722222222222,23,True,23,3.8256360893816566,-0.014939419386866682,-0.015092444830441948,-0.03897989142307634,33742863.66127487,5376191.42800034
2024-10-04,0.653264223758941,22,True,22,3.0171235098985827,0.02600245441545162,0.025881769475055674,0.0032419869173292426,34616188.67998423,5393620.970274975
2024-10-11,0.6619381016287439,22,True,22,15.453194535078909,0.006611274160212486,0.00599314637880933,-0.007223251627931582,34823648.56581986,5354661.48882099
2024-10-18,0.6506570119666901,22,True,22,11.50704263604937,-0.06299288438563914,-0.06345316609108112,-0.040171581906683684,32613977.809475455,5139556.266240252
2024-10-25,0.5307597927666642,19,True,21,4.146563367420067,0.04265039939231669,0.04248453685761989,0.014422831186205576,33999567.55179571,5213683.218640241
2024-11-01,0.605903131203176,21,True,21,6.3671070481168215,-0.009529022281723207,-0.00978370656364788,-0.007794580597672018,33666925.75957802,5173044.7445818195
2024-11-08,0.5727358538984646,20,True,20,8.500424308593576,-0.06399059593803129,-0.06433061291037503,-0.030140446399198217,31501111.790656272,5017126.8667370975
2024-11-15,0.5001159582081007,18,True,18,9.869197363896449,0.030266615879442998,0.02987184798488714,0.011949588172889936,32442108.213421695,5077079.466605747
2024-11-22,0.5071914480077745,18,True,18,5.840373123058673,0.040486505019219965,0.04025289009429762,0.020762140869404755,33747996.82976387,5182490.505696578
2024-11-29,0.5814815960413028,20,True,20,13.839023269437384,0.041151871363545936,0.04059831043276844,0.027553224313483504,35118108.48154271,5325284.829102534
2024-12-06,0.64712948395041,22,True,22,7.2208320662369525,0.023632775770861324,0.023343942488211845,0.0020096859570781778,35937903.58623062,5335986.979241023
2024-12-13,0.6273063807775252,21,True,22,2.086354765574861,-0.020839837884423066,-0.02092329207504606,-0.044503284608255034,35185964.33293107,5098518.032037917
2024-12-20,0.5388209116850808,19,True,19,11.504171666456225,0.004561073336676598,0.0041009064700183485,0.005636352231690678,35330258.68171783,5127255.075526109
2024-12-27,0.5384637940870499,19,True,19,4.889400252065327,0.025897127919240207,0.025701551909157593,0.011715199686347155,36238301.15918997,5187321.892578734
2025-01-03,0.5714831168831168,20,True,20,8.62631882148952,-0.045612352881952305,-0.04595740563481188,-0.04003628653148761,34572882.8533006,4979640.786956393
2025-01-10,0.47115839160839157,17,True,19,3.5936662251291294,-0.019796073558926718,-0.019939820207931884,-0.005447497591632655,33883505.785135895,4952514.205762252
2025-01-17,0.45370792176193636,17,True,18,4.186753793729326,-0.048642591076085914,-0.048810061227835086,-0.016667243228283724,32229649.79314971,4869969.446903283
2025-01-24,0.40002120622062987,15,True,15,16.313252379673678,-0.024491673586824962,-0.02514420368201191,0.012289564658589436,31419260.91415084,4929819.251306356
2025-01-31,0.4060742278466383,15,True,15,19.810829472557703,0.03252653286826656,0.031734099689364255,0.0030235068973027968,32416322.87216665,4944724.593815137
2025-02-07,0.43417425026863343,16,True,16,3.0528089863165833,-0.06482977126163181,-0.06495188362108448,-0.04680047029148382,30310821.64155018,4713309.157362722
2025-02-14,0.3149028213166144,13,False,13,7.407909556723162,0.00112118398282135,0.0008248676005524234,0.0027698213065414645,30335824.05626842,4726364.181491102
2025-02-21,0.3310814052651094,13,False,11,5.0,0.00112118398282135,0.0009211839828213499,-0.03911745870639549,30363768.931494743,4541480.825790238
2025-02-28,0.2878296163887386,12,False,8,7.500000000000001,0.00112118398282135,0.0008211839828213499,0.028293487719368793,30388703.172199376,4669975.157762483
2025-03-07,0.32486406025824965,13,False,6,5.0,0.00112118398282135,0.0009211839828213499,-0.013077570267176819,30416696.758820318,4608903.229490873
2025-03-14,0.28836213208121386,12,False,6,0.0,0.00112118398282135,0.00112118398282135,0.05441352494665708,30450799.47203664,4859689.900345503
2025-03-21,0.387981293981007,15,False,6,0.0,0.00112118398282135,0.00112118398282135,0.003085940988723168,30484940.420668792,4874686.616601463
2025-03-28,0.38626527802504296,15,False,6,0.0,0.00112118398282135,0.00112118398282135,-0.025033330131141507,30519119.64758571,4752656.977242222
2025-04-04,0.36289938564544016,14,False,5,2.5,0.00112118398282135,0.0010211839828213499,-0.002523389416664412,30550285.28373963,4740664.172924813
2025-04-11,0.3637115242155287,14,False,4,2.5,0.00112118398282135,0.0010211839828213499,0.04475048005454685,30581482.745742008,4952811.17044059
2025-04-18,0.45308530336328484,17,True,17,35.06446741491755,-0.019088813911439243,-0.020491392608035945,0.007683952484947021,29954825.576263133,4990868.33614117
2025-04-25,0.4573979557090059,17,True,17,0.8049242151312564,-0.0025413779118147683,-0.0025735748804200185,0.007224868009419572,29877734.5896127,5026926.7011221815
2025-05-02,0.43217083309613713,16,True,17,0.9771758382192195,-0.008783897227566138,-0.008822984261094907,-0.01501635917477051,29614123.807571374,4951440.564232887
2025-05-09,0.4065372142370212,15,True,17,1.3335456047441616,0.03301769151207407,0.03296434968788431,0.05514738957027632,30590334.140464455,5224499.585962706
2025-05-16,0.5634334301102415,20,True,20,30.554195406970525,0.0059867940100768345,0.004764626193798013,-0.003928572990131607,30736085.647787143,5203974.758002339
2025-05-23,0.5679764742506759,20,True,20,10.052740580442105,0.0026736918184451642,0.00227158219522748,0.0009174291790765565,30805905.192695644,5208749.036292508
2025-05-30,0.5778442270058709,20,True,20,18.65042313283196,-0.004544252405240818,-0.0052902693305540965,0.015926269463795828,30642933.65725477,5291704.977013789
2025-06-06,0.6056809628008752,21,True,21,15.957280906033061,0.010198494000949567,0.009560202764708245,-0.01117629537537057,30935886.316323627,5232563.319151364
2025-06-13,0.596037037037037,20,True,20,6.280811890211643,0.005857758035525451,0.005606525559916985,0.005889235228889955,31109329.153674778,5263379.115387908
2025-06-20,0.5563692580425105,19,True,19,2.8754824923419853,0.021331155700266082,0.0212161364005724,0.025131178632964657,31769348.92432944,5395654.036149737
2025-06-27,0.6250065485139794,21,True,21,12.419170305240234,-0.00043435459921859236,-0.0009311214114282018,-0.0024428295332586947,31739767.803318866,5382473.3731189845
2025-07-04,0.6369343554288983,21,True,21,8.795988229932147,-0.02205635322691871,-0.022408192756115997,-0.011872704239160203,31028536.968347732,5318568.8586847875
2025-07-11,0.617342551293488,21,True,21,21.039269460038295,0.005417747146255255,0.004576176367853723,-0.00032427510555044226,31170529.025951363,5316844.179206761
2025-07-18,0.6382151088348271,22,True,22,7.65117100754984,-0.007095126227817894,-0.007401173068119888,-0.01118574960848806,30939830.546005443,5257371.291510806
2025-07-25,0.5636553241685949,20,True,21,3.7001563306074967,-0.004375593433197579,-0.004523599686421879,-0.014823070372108282,30799871.138249587,5179440.90688444
2025-08-01,0.5097619510123929,18,True,18,18.542017260495918,0.0023322267257026856,0.001590546035282849,-0.010165985626487184,30848859.75117575,5126786.7850718135
2025-08-08,0.48669554641720797,17,True,17,12.776330959600566,0.010695733490998853,0.01018468025261483,0.010564470673679827,31163045.523899235,5180948.573712914
2025-08-15,0.502767507002801,18,True,18,8.06077689185945,0.010212373261122351,0.009889942185447973,0.013714575456619693,31471246.24245308,5252003.083863966
2025-08-22,0.5354815157815157,19,True,19,8.516219306265514,-0.010927390380095537,-0.011268039152346157,-0.022980431728523376,31116627.007619992,5131309.7855572365
2025-08-29,0.48138753486051344,17,True,18,3.001430016339559,-0.004786993888099429,-0.004907051088753011,0.016302400174509568,30963936.12918393,5214962.451100768
2025-09-05,0.5225074487895717,18,True,18,1.8124466727103126,0.01621724183508967,0.01614474396818126,0.015817496490232896,31463840.95023672,5297450.10136775
2025-09-12,0.5596248140755351,19,True,19,12.099347291971299,0.015947332655900388,0.015463358764221535,0.012781233492523913,31950377.61095063,5365158.048028326
2025-09-19,0.6064934581136061,21,True,21,16.514316016305546,-0.04165749754516529,-0.04231807018581751,-0.03293360270621826,30598299.28874705,5188464.064418491
2025-09-26,0.4964965620384737,18,True,18,8.90454812987344,0.013405162505608402,0.013048980580413466,0.01384880564782942,30997575.90195959,5260318.09485737
2025-10-03,0.5505837285844343,19,True,19,7.3454571137830795,0.008399598013930532,0.008105779729379209,0.01345553398732835,31248835.42436559,5331098.483766881
2025-10-10,0.5593477963740109,19,True,19,5.192766272610445,-0.009290676245880765,-0.009498386896785182,0.01116226853290092,30952021.895431,5390605.636618027
2025-10-17,0.5470640262703103,19,True,19,6.95149030815832,-0.013952590529537347,-0.01423065014186368,0.00375242869643877,30511554.50065382,5410833.499900058
2025-10-24,0.5689238024426471,20,True,20,13.306285414151663,0.013010444914178491,0.012478193497612424,0.0010047875169929554,30892283.581625924,5416270.237857285
2025-10-31,0.5748134297841211,20,True,20,4.6109861377674255,-0.004343482944889114,-0.004527922390399811,-0.007966968081516979,30752405.7191061,5373118.985751405
2025-11-07,0.5410057127741098,19,True,19,2.249647862594398,0.005717876726501276,0.0056278908119975005,0.013385625916714439,30925476.900699478,5445041.54650067
2025-11-14,0.5524798818697864,19,True,19,23.208122327501233,-0.0185421446932418,-0.01947046958634185,-0.001934020938608394,30323343.343261294,5434510.722138145
2025-11-21,0.515382363727829,18,True,18,16.408282667156563,0.01592057078449534,0.015264239477809076,0.006008764094534547,30786206.11782066,5467165.415036691
2025-11-28,0.5215401215593062,18,True,18,12.698913234395151,0.00022579945857366436,-0.0002821570708021417,-0.0040926411846305966,30777519.572081346,5444790.268695924
2025-12-05,0.4873839592839593,17,True,18,0.4493648306840773,0.00888621334026096,0.008868238747033597,-0.00457515654335483,31050461.96368806,5419879.500870906
2025-12-12,0.48637402217498754,17,True,17,3.167646539526824,0.011740982852786939,0.011614276991205865,-0.002050475845268185,31411090.629639234,5408766.168870105
2025-12-19,0.4849156987928083,17,True,17,0.2003863978147162,0.01203754509818838,0.01202952964227579,0.00433744200730235,31788951.275464695,5432226.378458639
2025-12-26,0.5057653333764877,18,True,18,3.0461914794305907,0.01787849484275501,0.017756647183577785,0.01340398019364808,32353416.467599064,5505039.833242911
2026-01-02,0.5426908662349312,19,True,19,6.7819929123347915,-0.021207066007712324,-0.021478345724205716,-0.02621063114652067,31658518.60334876,5360749.264726877
2026-01-09,0.46764199381841154,17,True,17,9.343642220875287,0.014899874614189552,0.01452612892535454,0.0007648924995793394,32118394.326166738,5364849.661631593
2026-01-16,0.4657933576647817,17,True,17,4.259838456757584,-0.02322777412426775,-0.023398167662538053,-0.03317394284935682,31366882.750671577,5186876.445561235
2026-01-23,0.3879044357786985,15,False,17,0.2615011737620694,0.00112118398282135,0.0011107239358708672,0.016440443579286645,31401722.698136404,5272150.995117215
2026-01-30,0.43419441791097774,16,True,16,2.80960702407853,-0.0034146001241945633,-0.0035269844051577046,0.015359951472085687,31290969.311884988,5353130.978555724
2026-02-06,0.46641878542942117,17,True,17,2.690138100417799,0.017658108827877418,0.017550503303860706,-0.005157036784159685,31840141.572174232,5325524.685188888
2026-02-13,0.4710111787425161,17,True,17,10.218196853985093,0.003668416006736499,0.0032596881325770953,0.0035108940662242905,31943930.503796622,5344222.038205648
2026-02-20,0.47707704681377605,17,True,17,8.512137797654324,-0.003930261414370431,-0.004270746926276604,-0.009752083778585274,31807506.06078434,5292104.737157704
2026-02-27,0.46157258938600154,17,True,17,20.776259300446,-0.03061852464548045,-0.03144957501749829,-0.029591852150810283,30807173.51280617,5135501.556209131
2026-03-06,0.40755681583831715,15,True,15,4.4923631090647715,-0.05858084314910684,-0.05876053767346943,-0.048489188792463,28996927.432993814,4886485.251706119
2026-03-13,0.367290472998851,14,False,12,5.818998314651375,0.00112118398282135,0.0008884240502352949,-0.002959160776394021,29022689.000708215,4872025.356214842
2026-03-20,0.37274078927190907,14,False,12,0.0,0.00112118398282135,0.00112118398282135,-0.014429456252139206,29055228.774754215,4801724.679478027
2026-03-27,0.3538109640303843,14,False,9,7.500000000000001,0.00112118398282135,0.0008211839828213499,-0.0038915041043952048,29079088.463241253,4783038.748179662
2026-04-03,0.36463423423423424,14,False,9,0.0,0.00112118398282135,0.00112118398282135,0.06726413494855144,29111691.471461285,5104765.712001369
2026-04-10,0.49731078413034896,18,True,18,25.3833077559752,0.03895289598841692,0.03793756367817791,0.023388188439034785,30216118.120439313,5224156.934410781
2026-04-17,0.5719080449391442,20,True,20,10.011377384548052,0.012387690721805691,0.01198723562642377,-0.013089543232441714,30578325.84806487,5155775.10636475
2026-04-24,0.5478959649777717,19,True,20,1.6425296322348306,0.03628435923364694,0.03621865804835754,0.0050287881506687615,31685831.775647182,5181702.40712715
2026-05-01,0.5590026604129164,19,True,19,4.383847473343924,0.03469619941577023,0.03452084551683647,0.019049046555764004,32779653.479446765,5280408.89751863
2026-05-08,0.6075587557884474,21,True,21,14.90343423599464,0.007486306147925008,0.006890168778485223,-0.02528589937985737,33005510.824420415,5146889.00945147
2026-05-15,0.5317354422830314,19,True,20,3.1576556241917935,0.02233613200275129,0.022209825777783618,0.005332617287621799,33738557.46953754,5174335.398760742
2026-05-22,0.5292854182115491,19,True,20,1.6703763950371264,0.0617331504973195,0.06166633544151801,0.0002516411861570589,35819090.67176698,5175637.47465806
2026-05-29,0.5322404825737266,19,True,20,1.6175476041312618,0.0056910656566008895,0.005626363752435639,-0.008458754468817609,36020621.90516782,5131858.028040316
2026-06-05,0.5215448236824404,18,True,18,6.474775419016024,-0.021960670004503493,-0.022219661021264134,0.005984772104596692,35220255.896659866,5162571.0288112825
2026-06-12,0.5308651911851388,19,True,19,23.115819490891564,0.05347318530730143,0.052548552527665764,0.02408870874963509,37071029.36368332,5286930.698723622
2026-06-19,0.5922103451632026,20,True,20,8.745173299711498,0.005850921551266417,0.0055011146192779576,-0.0013178247681924216,37274961.345267564,5279963.450501127
2026-06-26,0.5821141507250711,20,True,20,1.5768557432634687,-0.014401106927243194,-0.014464181156973732,0.008109908841942293,36735809.55175042,5322783.472773478
2026-07-03,0.6007203890836599,21,True,21,17.739264085004557,0.010815213019659691,0.010105642456259509,0.002027796911311164,37107048.50842166,5333576.996659147
2026-07-10,0.6064802766268584,21,True,21,6.906119035661529,-0.021087788876171878,-0.02136403363759834,-0.0005182367956692024,36314292.275895745,5330812.940806943
2026-07-17,0.5889192010350798,20,True,20,14.077822054438249,-0.014510749467014094,-0.015073862349191624,-0.018126266803220714,35766895.63282058,5234185.203163815
2026-07-24,0.553915920835585,19,True,20,1.7939635724644607,0.005220432551149291,0.005148674008250712,0.023890055120824982,35951047.71872109,5359230.176180005
2026-07-31,0.5866938884389875,20,True,20,5.485681919478762,0.05957979562714663,0.05936036835036748,0.010715792793906331,38085115.15388601,5416658.5762828
2026-08-07,0.6124533878316412,21,True,21,8.699219189300466,0.008799508827788783,0.008451540060216764,-0.0049426242298235,38406993.03030705,5389886.068358984
2026-08-14,0.5909595307644085,20,True,20,2.9200846538950778,0.011092617974670389,0.010975814588514585,-0.002737879796057663,38828541.06471007,5375129.208189371
2026-08-21,0.5884373148060967,20,True,20,5.037898885515696,0.023288638406607266,0.023087122451186638,-7.437219244976756e-05,39724980.346871965,5374729.448045457
2026-08-28,0.58018345461509,20,True,20,9.930594883387915,-0.01151585783387852,-0.011913081629214036,-0.01166242713639376,39251733.413280755,5312047.057479797
2026-09-04,0.5617994048083848,19,True,19,3.7564399929806354,0.02757036947545272,0.027420111875733493,-0.012978328599411393,40328020.33478938,5243105.565232288
