date,ema50,trend,sma200,breadth,mom
2017-09-01,0.597457627118644,0.7457627118644068,0.7161572052401747,0.5333333333333333,0.3525
2017-09-08,0.6228813559322034,0.7372881355932204,0.7008733624454149,0.5333333333333333,0.33
2017-09-15,0.6885593220338984,0.7330508474576272,0.7254901960784313,0.5413333333333333,0.31527093596059114
2017-09-22,0.492600422832981,0.7272727272727273,0.691304347826087,0.5373333333333333,0.3200992555831266
2017-09-29,0.4472573839662447,0.7236286919831224,0.6434782608695652,0.516,0.330749354005168
2017-10-06,0.5957894736842105,0.7221052631578947,0.6760869565217391,0.5293333333333333,0.3526448362720403
2017-10-13,0.6589473684210526,0.7242105263157895,0.6934782608695652,0.536,0.3283582089552239
2017-10-20,0.6701680672268907,0.7226890756302521,0.7021739130434783,0.5426666666666666,0.3366093366093366
2017-10-27,0.7175732217573222,0.7280334728033473,0.7608695652173914,0.564,0.31678486997635935
2017-11-03,0.7807933194154488,0.7453027139874739,0.7956521739130434,0.5826666666666667,0.2974828375286041
2017-11-10,0.66875,0.7770833333333333,0.7613882863340564,0.5773333333333334,0.28868360277136257
2017-11-17,0.6369294605809128,0.7697095435684648,0.7424242424242424,0.5773333333333334,0.2863741339491917
2017-11-24,0.7199170124481328,0.7780082987551867,0.7705627705627706,0.5893333333333334,0.3054298642533937
2017-12-01,0.6327800829875518,0.7883817427385892,0.7424242424242424,0.5786666666666667,0.2995391705069124
2017-12-08,0.6514522821576764,0.7863070539419087,0.7467532467532467,0.5853333333333334,0.30068337129840544
2017-12-15,0.6307053941908713,0.7863070539419087,0.7337662337662337,0.5786666666666667,0.27880184331797236
2017-12-22,0.8381742738589212,0.7863070539419087,0.803030303030303,0.5946666666666667,0.28699551569506726
2017-12-29,0.8195020746887967,0.8029045643153527,0.8228941684665226,0.5973333333333334,0.2857142857142857
2018-01-05,0.8775933609958506,0.8278008298755186,0.857451403887689,0.6026666666666667,0.28761061946902655
2018-01-12,0.8609958506224067,0.8464730290456431,0.8596112311015118,0.6026666666666667,0.2920353982300885
2018-01-19,0.6556016597510373,0.8506224066390041,0.8142548596112311,0.5866666666666667,0.30227272727272725
2018-01-26,0.5817805383022774,0.8467908902691511,0.796976241900648,0.5866666666666667,0.29318181818181815
2018-02-02,0.21855670103092784,0.8309278350515464,0.6198704103671706,0.5106666666666667,0.31592689295039167
2018-02-09,0.2845360824742268,0.8082474226804124,0.6241900647948164,0.5133333333333333,0.3220779220779221
2018-02-16,0.27835051546391754,0.7958762886597938,0.6004319654427646,0.5,0.34933333333333333
2018-02-23,0.27422680412371137,0.7546391752577319,0.5969827586206896,0.488,0.3469945355191257
2018-03-02,0.3230452674897119,0.7304526748971193,0.584051724137931,0.492,0.36585365853658536
2018-03-09,0.1762295081967213,0.6885245901639344,0.45689655172413796,0.43466666666666665,0.3773006134969325
2018-03-16,0.23155737704918034,0.6557377049180327,0.4849137931034483,0.444,0.3813813813813814
2018-03-23,0.12883435582822086,0.5930470347648262,0.38924731182795697,0.38,0.4245614035087719
2018-03-30,0.23373983739837398,0.5691056910569106,0.4344086021505376,0.4066666666666667,0.43278688524590164
2018-04-06,0.4908722109533469,0.5517241379310345,0.5106837606837606,0.4666666666666667,0.39714285714285713
2018-04-13,0.5040485829959515,0.5506072874493927,0.509594882729211,0.4693333333333333,0.4034090909090909
2018-04-20,0.5748987854251012,0.5526315789473685,0.5543710021321961,0.4693333333333333,0.39488636363636365
2018-04-27,0.5688259109311741,0.5728744939271255,0.5394456289978679,0.468,0.396011396011396
2018-05-04,0.43724696356275305,0.5668016194331984,0.488272921108742,0.44266666666666665,0.4307228915662651
2018-05-11,0.40606060606060607,0.5535353535353535,0.4690831556503198,0.43066666666666664,0.43034055727554177
2018-05-18,0.2787878787878788,0.5454545454545454,0.4118895966029724,0.3933333333333333,0.46440677966101696
2018-05-25,0.27419354838709675,0.5100806451612904,0.3821656050955414,0.384,0.4583333333333333
2018-06-01,0.2963709677419355,0.5060483870967742,0.38004246284501064,0.388,0.4570446735395189
2018-06-08,0.34274193548387094,0.48185483870967744,0.3707627118644068,0.388,0.44329896907216493
2018-06-15,0.34475806451612906,0.4737903225806452,0.3686440677966102,0.396,0.4276094276094276
2018-06-22,0.25553319919517103,0.45472837022132795,0.3023255813953488,0.37066666666666664,0.43884892086330934
2018-06-29,0.21730382293762576,0.4124748490945674,0.2558139534883721,0.332,0.4738955823293173
2018-07-06,0.23046092184368738,0.38276553106212424,0.2510548523206751,0.32666666666666666,0.49795918367346936
2018-07-13,0.280561122244489,0.36072144288577157,0.2694736842105263,0.3253333333333333,0.5
2018-07-20,0.22044088176352705,0.3486973947895792,0.23319327731092437,0.2866666666666667,0.5348837209302325
2018-07-27,0.4729458917835671,0.3466933867735471,0.3039832285115304,0.3426666666666667,0.47470817120622566
2018-08-03,0.6312625250501002,0.35070140280561124,0.34518828451882844,0.37066666666666664,0.4460431654676259
2018-08-10,0.542,0.358,0.3333333333333333,0.364,0.4249084249084249
2018-08-17,0.502,0.36,0.33471933471933474,0.3586666666666667,0.4646840148698885
2018-08-24,0.5149700598802395,0.3592814371257485,0.35892116182572614,0.364,0.4468864468864469
2018-08-31,0.6287425149700598,0.3772455089820359,0.4170124481327801,0.38133333333333336,0.43006993006993005
2018-09-07,0.5169660678642715,0.3852295409181637,0.37344398340248963,0.37333333333333335,0.4642857142857143
2018-09-14,0.4810379241516966,0.3872255489021956,0.35892116182572614,0.364,0.4725274725274725
2018-09-21,0.26746506986027946,0.3812375249500998,0.29045643153526973,0.31466666666666665,0.538135593220339
2018-09-28,0.10756972111553785,0.34462151394422313,0.1970954356846473,0.228,0.6549707602339181
2018-10-05,0.03386454183266932,0.3286852589641434,0.12655601659751037,0.18,0.7555555555555555
2018-10-12,0.09722222222222222,0.2916666666666667,0.15975103734439833,0.224,0.6785714285714286
2018-10-19,0.11706349206349206,0.2718253968253968,0.15975103734439833,0.20133333333333334,0.6622516556291391
2018-10-26,0.08531746031746032,0.23412698412698413,0.12836438923395446,0.172,0.7751937984496124
2018-11-02,0.3531746031746032,0.2222222222222222,0.22107438016528927,0.25066666666666665,0.6276595744680851
2018-11-09,0.44752475247524753,0.23366336633663368,0.25773195876288657,0.25733333333333336,0.6217616580310881
2018-11-16,0.4178217821782178,0.24356435643564356,0.24123711340206186,0.25733333333333336,0.616580310880829
2018-11-23,0.36633663366336633,0.24158415841584158,0.2309278350515464,0.25466666666666665,0.6230366492146597
2018-11-30,0.43366336633663366,0.2396039603960396,0.2613168724279835,0.2693333333333333,0.6237623762376238
2018-12-07,0.3142292490118577,0.24308300395256918,0.24435318275154005,0.25333333333333335,0.6842105263157895
2018-12-14,0.5039525691699605,0.2490118577075099,0.2930327868852459,0.2733333333333333,0.6341463414634146
2018-12-21,0.5404339250493096,0.26232741617357,0.3135245901639344,0.27466666666666667,0.5825242718446602
2018-12-28,0.5325443786982249,0.26627218934911245,0.3231083844580777,0.2813333333333333,0.5687203791469194
2019-01-04,0.48520710059171596,0.2603550295857988,0.3048780487804878,0.2773333333333333,0.5625
2019-01-11,0.48717948717948717,0.27218934911242604,0.305668016194332,0.2813333333333333,0.5924170616113744
2019-01-18,0.40828402366863903,0.27416173570019725,0.29959514170040485,0.2786666666666667,0.6076555023923444
2019-01-25,0.28007889546351084,0.2682445759368836,0.2611336032388664,0.26266666666666666,0.6192893401015228
2019-02-01,0.2938856015779093,0.26627218934911245,0.26720647773279355,0.272,0.6225490196078431
2019-02-08,0.265748031496063,0.2559055118110236,0.25101214574898784,0.26266666666666666,0.6598984771573604
2019-02-15,0.16535433070866143,0.25196850393700787,0.18181818181818182,0.228,0.7309941520467836
2019-02-22,0.29133858267716534,0.2421259842519685,0.2202020202020202,0.256,0.625
2019-03-01,0.5304518664047151,0.2357563850687623,0.29435483870967744,0.29333333333333333,0.6045454545454545
2019-03-08,0.7098039215686275,0.2549019607843137,0.36693548387096775,0.3426666666666667,0.4591439688715953
2019-03-15,0.7784313725490196,0.2803921568627451,0.45161290322580644,0.36666666666666664,0.48727272727272725
2019-03-22,0.6843137254901961,0.307843137254902,0.43661971830985913,0.36666666666666664,0.48363636363636364
2019-03-29,0.7455968688845401,0.3268101761252446,0.5030181086519114,0.38,0.49122807017543857
2019-04-05,0.7397260273972602,0.3542074363992172,0.5140562248995983,0.388,0.44673539518900346
2019-04-12,0.72265625,0.384765625,0.5090180360721442,0.38666666666666666,0.46551724137931033
2019-04-19,0.6731517509727627,0.40077821011673154,0.5190380761523046,0.39466666666666667,0.4358108108108108
2019-04-26,0.5281553398058253,0.39611650485436894,0.4709418837675351,0.372,0.48028673835125446
2019-05-03,0.39029126213592236,0.4,0.4228456913827655,0.36,0.4777777777777778
2019-05-10,0.2655038759689923,0.3875968992248062,0.352,0.3426666666666667,0.5214007782101168
2019-05-17,0.24806201550387597,0.3643410852713178,0.326,0.328,0.5365853658536586
2019-05-24,0.560077519379845,0.38953488372093026,0.472,0.4066666666666667,0.4721311475409836
2019-05-31,0.6027131782945736,0.40891472868217055,0.5229540918163673,0.41733333333333333,0.45686900958466453
2019-06-07,0.5213178294573644,0.4186046511627907,0.48502994011976047,0.408,0.4869281045751634
2019-06-14,0.4263565891472868,0.41472868217054265,0.45109780439121755,0.3933333333333333,0.4847457627118644
2019-06-21,0.3546511627906977,0.3992248062015504,0.42714570858283435,0.37466666666666665,0.5338078291814946
2019-06-28,0.4263565891472868,0.39341085271317827,0.45109780439121755,0.3933333333333333,0.5220338983050847
2019-07-05,0.402321083172147,0.40038684719535783,0.4402390438247012,0.388,0.5154639175257731
2019-07-12,0.26305609284332687,0.38878143133462284,0.37773359840954274,0.364,0.5567765567765568
2019-07-19,0.1760154738878143,0.36750483558994196,0.3492063492063492,0.324,0.6337448559670782
2019-07-26,0.18375241779497098,0.3520309477756286,0.32341269841269843,0.31866666666666665,0.6401673640167364
2019-08-02,0.13539651837524178,0.3307543520309478,0.23412698412698413,0.2826666666666667,0.6698113207547169
2019-08-09,0.23166023166023167,0.30694980694980695,0.2633663366336634,0.2946666666666667,0.6425339366515838
2019-08-16,0.1969111969111969,0.29922779922779924,0.2396039603960396,0.284,0.6572769953051644
2019-08-23,0.16698656429942418,0.2667946257197697,0.21188118811881188,0.26266666666666666,0.6954314720812182
2019-08-30,0.2763915547024952,0.2629558541266795,0.24752475247524752,0.292,0.639269406392694
2019-09-06,0.32629558541266795,0.2495201535508637,0.26732673267326734,0.3,0.6177777777777778
2019-09-13,0.5057471264367817,0.24904214559386972,0.3438735177865613,0.3413333333333333,0.55859375
2019-09-20,0.6030534351145038,0.2633587786259542,0.3774703557312253,0.3626666666666667,0.5294117647058824
2019-09-27,0.6202290076335878,0.2900763358778626,0.40236686390532544,0.38133333333333336,0.48951048951048953
2019-10-04,0.4026717557251908,0.30725190839694655,0.3234714003944773,0.3586666666666667,0.516728624535316
2019-10-11,0.3931297709923664,0.32251908396946566,0.3254437869822485,0.35333333333333333,0.5622641509433962
2019-10-18,0.5760456273764258,0.33079847908745247,0.4161735700197239,0.3933333333333333,0.5050847457627119
2019-10-25,0.5475285171102662,0.3365019011406844,0.39447731755424065,0.38666666666666666,0.5
2019-11-01,0.7376425855513308,0.3517110266159696,0.49506903353057197,0.4186666666666667,0.4394904458598726
2019-11-08,0.6102661596958175,0.3745247148288973,0.4418145956607495,0.4186666666666667,0.45222929936305734
2019-11-15,0.5513307984790875,0.3821292775665399,0.4389763779527559,0.4093333333333333,0.46905537459283386
2019-11-22,0.5684410646387833,0.3916349809885932,0.4468503937007874,0.4053333333333333,0.4769736842105263
2019-11-29,0.6216730038022814,0.4011406844106464,0.4822834645669291,0.43066666666666664,0.44891640866873067
2019-12-06,0.44022770398481975,0.40037950664136623,0.4027504911591356,0.4066666666666667,0.46229508196721314
2019-12-13,0.49242424242424243,0.3939393939393939,0.4176470588235294,0.412,0.4563106796116505
2019-12-20,0.5303030303030303,0.3958333333333333,0.4392156862745098,0.4106666666666667,0.44805194805194803
2019-12-27,0.5776515151515151,0.4034090909090909,0.4745098039215686,0.4186666666666667,0.4299363057324841
2020-01-03,0.7424242424242424,0.4166666666666667,0.5420743639921722,0.4493333333333333,0.3857566765578635
2020-01-10,0.7537878787878788,0.4356060606060606,0.5616438356164384,0.452,0.3893805309734513
2020-01-17,0.865530303030303,0.4734848484848485,0.6608187134502924,0.496,0.3790322580645161
2020-01-24,0.8011363636363636,0.5,0.6660194174757281,0.492,0.3794037940379404
2020-01-31,0.6294896030245747,0.5255198487712666,0.6116504854368932,0.464,0.40804597701149425
2020-02-07,0.6238185255198487,0.5368620037807184,0.6174757281553398,0.464,0.40229885057471265
2020-02-14,0.4896030245746692,0.5368620037807184,0.5658914728682171,0.43866666666666665,0.46200607902735563
2020-02-21,0.4962264150943396,0.5339622641509434,0.5581395348837209,0.44,0.4666666666666667
2020-02-28,0.23773584905660378,0.5113207547169811,0.40310077519379844,0.3586666666666667,0.5762081784386617
2020-03-06,0.1830188679245283,0.47358490566037736,0.35852713178294576,0.328,0.5772357723577236
2020-03-13,0.03954802259887006,0.4199623352165725,0.18410852713178294,0.204,0.7058823529411765
2020-03-20,0.018796992481203006,0.32706766917293234,0.08333333333333333,0.07733333333333334,0.8620689655172413
2020-03-27,0.011278195488721804,0.2274436090225564,0.07170542635658915,0.058666666666666666,0.9318181818181818
2020-04-03,0.03189493433395872,0.18198874296435272,0.06976744186046512,0.06,0.9333333333333333
2020-04-10,0.13883677298311445,0.16135084427767354,0.12572533849129594,0.11733333333333333,0.8409090909090909
2020-04-17,0.25328330206378985,0.15384615384615385,0.16827852998065765,0.128,0.8645833333333334
2020-04-24,0.225140712945591,0.15572232645403378,0.16634429400386846,0.12933333333333333,0.845360824742268
2020-05-01,0.3339587242026266,0.15384615384615385,0.1895551257253385,0.15466666666666667,0.8448275862068966
2020-05-08,0.2401500938086304,0.15384615384615385,0.15860735009671179,0.12533333333333332,0.851063829787234
2020-05-15,0.27204502814258913,0.15572232645403378,0.16795366795366795,0.13866666666666666,0.8076923076923077
2020-05-22,0.2607879924953096,0.1575984990619137,0.18076923076923077,0.14266666666666666,0.8691588785046729
2020-05-29,0.4277673545966229,0.1575984990619137,0.21305182341650672,0.168,0.8412698412698413
2020-06-05,0.8273921200750469,0.1669793621013133,0.29942418426103645,0.21866666666666668,0.725609756097561
2020-06-12,0.7617260787992496,0.18198874296435272,0.30518234165067176,0.224,0.6726190476190477
2020-06-19,0.8330206378986866,0.21575984990619138,0.3505747126436782,0.25066666666666665,0.5797872340425532
2020-06-26,0.9080675422138836,0.24765478424015008,0.4217557251908397,0.30266666666666664,0.5066079295154186
2020-07-03,0.8424015009380863,0.275797373358349,0.4541984732824427,0.31066666666666665,0.5278969957081545
2020-07-10,0.8461538461538461,0.32082551594746717,0.45038167938931295,0.3293333333333333,0.48582995951417
2020-07-17,0.774859287054409,0.34709193245778613,0.4438095238095238,0.31333333333333335,0.5234042553191489
2020-07-24,0.7636022514071295,0.3771106941838649,0.4790874524714829,0.32133333333333336,0.5020746887966805
2020-07-31,0.6622889305816135,0.39399624765478425,0.48859315589353614,0.316,0.4978902953586498
2020-08-07,0.7842401500938087,0.4202626641651032,0.5608365019011406,0.3586666666666667,0.4423791821561338
2020-08-14,0.8161350844277674,0.44840525328330205,0.6159695817490495,0.38133333333333336,0.4090909090909091
2020-08-21,0.9269662921348315,0.5056179775280899,0.7376425855513308,0.444,0.34534534534534533
2020-08-28,0.9325842696629213,0.5655430711610487,0.8003802281368821,0.472,0.327683615819209
2020-09-04,0.7546816479400749,0.5955056179775281,0.7034220532319392,0.4186666666666667,0.37898089171974525
2020-09-11,0.6629213483146067,0.6104868913857678,0.6888045540796964,0.4106666666666667,0.38961038961038963
2020-09-18,0.719626168224299,0.6392523364485981,0.7102272727272727,0.432,0.3950617283950617
2020-09-25,0.4450651769087523,0.6350093109869647,0.6117424242424242,0.38666666666666666,0.4413793103448276
2020-10-02,0.6033519553072626,0.6350093109869647,0.6704545454545454,0.4146666666666667,0.3858520900321543
2020-10-09,0.562152133580705,0.6363636363636364,0.6761363636363636,0.42,0.4
2020-10-16,0.4805914972273567,0.6303142329020333,0.6363636363636364,0.404,0.4158415841584158
2020-10-23,0.6051660516605166,0.6291512915129152,0.696969696969697,0.43066666666666664,0.4024767801857585
2020-10-30,0.4797047970479705,0.6273062730627307,0.6767485822306238,0.4146666666666667,0.3954983922829582
2020-11-06,0.6537753222836096,0.6390423572744015,0.7523629489603024,0.43866666666666665,0.3768996960486322
2020-11-13,0.7237569060773481,0.6408839779005525,0.8185255198487713,0.45866666666666667,0.36627906976744184
2020-11-20,0.8511029411764706,0.6672794117647058,0.8979206049149339,0.5053333333333333,0.33773087071240104
2020-11-27,0.9099264705882353,0.6985294117647058,0.9471698113207547,0.5346666666666666,0.30673316708229426
2020-12-04,0.9632352941176471,0.75,0.9716981132075472,0.5786666666666667,0.28110599078341014
2020-12-11,0.9632352941176471,0.8125,0.9849340866290018,0.6,0.26
2020-12-18,0.9578754578754579,0.8644688644688645,0.9830827067669173,0.608,0.27631578947368424
2020-12-25,0.8829981718464351,0.8683729433272395,0.9755639097744361,0.5946666666666667,0.29596412556053814
2021-01-01,0.9542961608775137,0.8957952468007313,0.9774859287054409,0.6226666666666667,0.25910064239828695
2021-01-08,0.9597806215722121,0.923217550274223,0.9793621013133208,0.6533333333333333,0.25510204081632654
2021-01-15,0.906764168190128,0.9396709323583181,0.9774859287054409,0.644,0.2650103519668737
2021-01-22,0.7861060329067642,0.946983546617916,0.9549718574108818,0.6213333333333333,0.28969957081545067
2021-01-29,0.5857664233576643,0.9434306569343066,0.9230769230769231,0.6093333333333333,0.27571115973741794
2021-02-05,0.8127272727272727,0.9454545454545454,0.9418386491557224,0.652,0.2740286298568507
2021-02-12,0.78,0.9454545454545454,0.9399624765478424,0.6573333333333333,0.2839756592292089
2021-02-19,0.7436363636363637,0.9527272727272728,0.9212007504690432,0.6693333333333333,0.26095617529880477
2021-02-26,0.7168784029038112,0.9546279491833031,0.9080675422138836,0.6826666666666666,0.267578125
2021-03-05,0.7931034482758621,0.9618874773139746,0.9362101313320825,0.6973333333333334,0.24091778202676864
2021-03-12,0.7931034482758621,0.9618874773139746,0.9212007504690432,0.7,0.26476190476190475
2021-03-19,0.5641952983725136,0.9511754068716094,0.874296435272045,0.6786666666666666,0.26719056974459726
2021-03-26,0.4829443447037702,0.933572710951526,0.8330206378986866,0.6693333333333333,0.2749003984063745
2021-04-02,0.6720430107526881,0.9265232974910395,0.8667917448405253,0.688,0.27906976744186046
2021-04-09,0.7007168458781362,0.9229390681003584,0.8818011257035647,0.7,0.26476190476190475
2021-04-16,0.5286738351254481,0.910394265232975,0.8348968105065666,0.664,0.25903614457831325
2021-04-23,0.481216457960644,0.8980322003577818,0.8236397748592871,0.648,0.257201646090535
2021-04-30,0.6064400715563506,0.889087656529517,0.8273921200750469,0.664,0.25903614457831325
2021-05-07,0.6654740608228981,0.8908765652951699,0.8611632270168855,0.6746666666666666,0.25889328063241107
2021-05-14,0.6923076923076923,0.8962432915921288,0.8930581613508443,0.6866666666666666,0.2815533980582524
2021-05-21,0.8407871198568873,0.9033989266547406,0.9155722326454033,0.7066666666666667,0.2792452830188679
2021-05-28,0.8747763864042933,0.9105545617173524,0.9307116104868914,0.7106666666666667,0.2570356472795497
2021-06-04,0.9177101967799642,0.9194991055456172,0.9531835205992509,0.7186666666666667,0.24860853432282004
2021-06-11,0.9355992844364938,0.9355992844364938,0.9662921348314607,0.728,0.2509157509157509
2021-06-18,0.815742397137746,0.9552772808586762,0.9438202247191011,0.7133333333333334,0.25794392523364484
2021-06-25,0.8502673796791443,0.9590017825311943,0.9515828677839852,0.7173333333333334,0.241635687732342
2021-07-02,0.8434163701067615,0.9572953736654805,0.9515828677839852,0.7173333333333334,0.24535315985130113
2021-07-09,0.8131672597864769,0.9661921708185054,0.9517625231910947,0.72,0.2462962962962963
2021-07-16,0.8451957295373665,0.9679715302491103,0.9537892791127541,0.7173333333333334,0.24721189591078066
2021-07-23,0.7375886524822695,0.9663120567375887,0.9353049907578558,0.716,0.25884543761638734
2021-07-30,0.7345132743362832,0.9610619469026549,0.9059040590405905,0.7106666666666667,0.2851782363977486
2021-08-06,0.6872791519434629,0.9575971731448764,0.8950276243093923,0.7026666666666667,0.3036053130929791
2021-08-13,0.5848056537102474,0.9575971731448764,0.861878453038674,0.6813333333333333,0.29549902152641877
2021-08-20,0.40316901408450706,0.9419014084507042,0.7587476979742173,0.616,0.3203463203463203
2021-08-27,0.47719298245614034,0.9280701754385965,0.7849264705882353,0.6533333333333333,0.3040816326530612
2021-09-03,0.6421052631578947,0.9210526315789473,0.8419117647058824,0.6786666666666666,0.3104125736738703
2021-09-10,0.6824561403508772,0.9157894736842105,0.8511029411764706,0.684,0.3060428849902534
2021-09-17,0.7272727272727273,0.9195804195804196,0.8623853211009175,0.6933333333333334,0.2903846153846154
2021-09-24,0.6719022687609075,0.912739965095986,0.847985347985348,0.684,0.28654970760233917
2021-10-01,0.6951219512195121,0.9111498257839721,0.8647166361974405,0.7026666666666667,0.29601518026565465
2021-10-08,0.7752613240418118,0.9181184668989547,0.886654478976234,0.7093333333333334,0.2932330827067669
2021-10-15,0.8191304347826087,0.9165217391304348,0.8976234003656307,0.7173333333333334,0.2936802973977695
2021-10-22,0.5530434782608695,0.9060869565217391,0.8226691042047533,0.6973333333333334,0.27915869980879543
2021-10-29,0.4678260869565217,0.9060869565217391,0.7787934186471663,0.6693333333333333,0.3047808764940239
2021-11-05,0.6208695652173913,0.9043478260869565,0.7974452554744526,0.684,0.30409356725146197
2021-11-12,0.6319444444444444,0.8940972222222222,0.8127272727272727,0.6786666666666666,0.3241650294695481
2021-11-19,0.4835924006908463,0.8808290155440415,0.7436363636363637,0.6533333333333333,0.3183673469387755
2021-11-26,0.28448275862068967,0.853448275862069,0.6472727272727272,0.6186666666666667,0.3103448275862069
2021-12-03,0.35517241379310344,0.8396551724137931,0.6696914700544465,0.6253333333333333,0.3091684434968017
2021-12-10,0.5301204819277109,0.8244406196213425,0.7277676950998185,0.6586666666666666,0.291497975708502
2021-12-17,0.3030821917808219,0.803082191780822,0.5978260869565217,0.6,0.33555555555555555
2021-12-24,0.3083475298126065,0.7734241908006815,0.5641952983725136,0.5893333333333334,0.3212669683257919
2021-12-31,0.5263157894736842,0.7538200339558574,0.6355475763016158,0.6346666666666667,0.29831932773109243
2022-01-07,0.6468590831918506,0.7572156196943973,0.6953405017921147,0.66,0.2909090909090909
2022-01-14,0.767402376910017,0.7707979626485568,0.7240143369175627,0.6813333333333333,0.3150684931506849
2022-01-21,0.5161290322580645,0.7775891341256367,0.6404293381037567,0.6346666666666667,0.34243697478991597
2022-01-28,0.37181663837011886,0.7555178268251274,0.5599284436493739,0.5933333333333334,0.3348314606741573
2022-02-04,0.48135593220338985,0.7457627118644068,0.6046511627906976,0.6213333333333333,0.3261802575107296
2022-02-11,0.3316412859560068,0.7360406091370558,0.5402504472271914,0.5786666666666667,0.33640552995391704
2022-02-18,0.22972972972972974,0.6891891891891891,0.48300536672629696,0.516,0.38242894056847543
2022-02-25,0.1163575042158516,0.6408094435075885,0.3559928443649374,0.4226666666666667,0.39747634069400634
2022-03-04,0.1433389544688027,0.6155143338954469,0.33273703041144903,0.3893333333333333,0.4794520547945205
2022-03-11,0.2748735244519393,0.5716694772344013,0.39713774597495527,0.45066666666666666,0.4378698224852071
2022-03-18,0.3912310286677909,0.554806070826307,0.4221824686940966,0.49466666666666664,0.40431266846361186
2022-03-25,0.4006734006734007,0.5521885521885522,0.4203935599284436,0.4706666666666667,0.44192634560906513
2022-04-01,0.5630252100840336,0.5327731092436975,0.48398576512455516,0.52,0.4205128205128205
2022-04-08,0.7973199329983249,0.5494137353433836,0.5498220640569395,0.5773333333333334,0.37644341801385683
2022-04-15,0.7035175879396985,0.5644891122278057,0.5231316725978647,0.58,0.35402298850574715
2022-04-22,0.6270903010033445,0.5852842809364549,0.5097690941385435,0.5533333333333333,0.3783132530120482
2022-04-29,0.4498327759197324,0.5919732441471572,0.4627659574468085,0.512,0.3828125
2022-05-06,0.22909698996655517,0.560200668896321,0.3380530973451327,0.424,0.4779874213836478
2022-05-13,0.11,0.5133333333333333,0.24381625441696114,0.30933333333333335,0.5387931034482759
2022-05-20,0.2558139534883721,0.47674418604651164,0.31746031746031744,0.37866666666666665,0.4753521126760563
2022-05-27,0.23178807947019867,0.43211920529801323,0.2671353251318102,0.3413333333333333,0.484375
2022-06-03,0.3432343234323432,0.41914191419141916,0.3017543859649123,0.3893333333333333,0.4520547945205479
2022-06-10,0.2887788778877888,0.41089108910891087,0.2736842105263158,0.35333333333333333,0.49433962264150944
2022-06-17,0.10066006600660066,0.37458745874587457,0.17192982456140352,0.25333333333333335,0.5631578947368421
2022-06-24,0.19471947194719472,0.33663366336633666,0.1888111888111888,0.288,0.5185185185185185
2022-07-01,0.2471169686985173,0.30971993410214166,0.2198952879581152,0.304,0.5263157894736842
2022-07-08,0.4728171334431631,0.3163097199341021,0.2735191637630662,0.36533333333333334,0.49635036496350365
2022-07-15,0.5107084019769358,0.32948929159802304,0.29739130434782607,0.376,0.5035460992907801
2022-07-22,0.7397034596375618,0.34761120263591433,0.3843478260869565,0.4106666666666667,0.44155844155844154
2022-07-29,0.7495881383855024,0.37067545304777594,0.44173913043478263,0.44,0.41818181818181815
2022-08-05,0.7775947281713345,0.42504118616144976,0.4782608695652174,0.4613333333333333,0.41040462427745666
2022-08-12,0.7578253706754531,0.44810543657331137,0.5008695652173913,0.47333333333333333,0.38591549295774646
2022-08-19,0.7907742998352554,0.4744645799011532,0.5407279029462738,0.492,0.3712737127371274
2022-08-26,0.7894736842105263,0.506578947368421,0.5785837651122625,0.5,0.37333333333333335
2022-09-02,0.8042763157894737,0.5361842105263158,0.593103448275862,0.516,0.39276485788113696
2022-09-09,0.8453947368421053,0.5723684210526315,0.656896551724138,0.544,0.3872549019607843
2022-09-16,0.6929392446633826,0.6042692939244664,0.6237113402061856,0.52,0.4282051282051282
2022-09-23,0.5812807881773399,0.6272577996715928,0.5873287671232876,0.5026666666666667,0.4270557029177719
2022-09-30,0.5073891625615764,0.6108374384236454,0.5383304940374787,0.47733333333333333,0.4301675977653631
2022-10-07,0.6009852216748769,0.6059113300492611,0.5772495755517827,0.508,0.4094488188976378
2022-10-14,0.4367816091954023,0.5927750410509032,0.5314091680814941,0.4826666666666667,0.45027624309392267
2022-10-21,0.486088379705401,0.5826513911620295,0.5314091680814941,0.504,0.4444444444444444
2022-10-28,0.5531914893617021,0.5810147299509002,0.5755517826825127,0.52,0.4358974358974359
2022-11-04,0.6382978723404256,0.5924713584288053,0.6112054329371817,0.5493333333333333,0.4344660194174757
2022-11-11,0.5990180032733224,0.6104746317512275,0.6220338983050847,0.5346666666666666,0.43640897755610975
2022-11-18,0.5024469820554649,0.6215334420880914,0.5956006768189509,0.548,0.4306569343065693
2022-11-25,0.5948136142625607,0.6142625607779578,0.6351351351351351,0.5613333333333334,0.42755344418052255
2022-12-02,0.700162074554295,0.6337115072933549,0.7015177065767285,0.5946666666666667,0.36995515695067266
2022-12-09,0.5964343598055105,0.6418152350081038,0.6677908937605397,0.584,0.3858447488584475
2022-12-16,0.5332252836304701,0.6482982171799028,0.6559865092748736,0.58,0.38850574712643676
2022-12-23,0.1912479740680713,0.6482982171799028,0.47386172006745364,0.4746666666666667,0.4550561797752809
2022-12-30,0.44336569579288027,0.6375404530744336,0.5915966386554622,0.5666666666666667,0.38823529411764707
2023-01-06,0.4378029079159935,0.6284329563812601,0.575503355704698,0.5666666666666667,0.3905882352941176
2023-01-13,0.4588045234248788,0.6138933764135702,0.6013400335008375,0.5666666666666667,0.4
2023-01-20,0.42326332794830374,0.6106623586429726,0.5728643216080402,0.5626666666666666,0.4146919431279621
2023-01-27,0.24232633279483037,0.592891760904685,0.4866220735785953,0.5253333333333333,0.4416243654822335
2023-02-03,0.2903225806451613,0.5725806451612904,0.48494983277591974,0.5306666666666666,0.4296482412060301
2023-02-10,0.3967741935483871,0.55,0.5358931552587646,0.556,0.4052757793764988
2023-02-17,0.3709677419354839,0.532258064516129,0.5183333333333333,0.5506666666666666,0.3922518159806295
2023-02-24,0.2914653784219002,0.5201288244766505,0.44518272425249167,0.5226666666666666,0.41581632653061223
2023-03-03,0.3752012882447665,0.5088566827697263,0.4677685950413223,0.5346666666666666,0.4139650872817955
2023-03-10,0.37681159420289856,0.4975845410628019,0.4768976897689769,0.5373333333333333,0.4143920595533499
2023-03-17,0.2834138486312399,0.4830917874396135,0.400990099009901,0.4826666666666667,0.43370165745856354
2023-03-24,0.22705314009661837,0.46537842190016104,0.3696369636963696,0.452,0.4631268436578171
2023-03-31,0.3188405797101449,0.4524959742351047,0.38613861386138615,0.4706666666666667,0.45042492917847027
2023-04-07,0.463768115942029,0.4524959742351047,0.4415156507413509,0.5186666666666667,0.4190231362467866
2023-04-14,0.5764895330112721,0.46215780998389694,0.4794069192751236,0.5426666666666666,0.41277641277641275
2023-04-21,0.594855305466238,0.47266881028938906,0.48105436573311366,0.5546666666666666,0.4206730769230769
2023-04-28,0.7544141252006421,0.48475120385232745,0.556836902800659,0.6093333333333333,0.3938730853391685
2023-05-05,0.7817014446227929,0.5088282504012841,0.5799011532125206,0.6293333333333333,0.3665254237288136
2023-05-12,0.7756410256410257,0.5400641025641025,0.627677100494234,0.648,0.3683127572016461
2023-05-19,0.719551282051282,0.5592948717948718,0.6260296540362438,0.644,0.37267080745341613
2023-05-26,0.7628205128205128,0.5881410256410257,0.6606260296540363,0.664,0.3453815261044177
2023-06-02,0.8237179487179487,0.6233974358974359,0.7072368421052632,0.6946666666666667,0.33205374280230326
2023-06-09,0.8416,0.6528,0.725328947368421,0.7,0.34095238095238095
2023-06-16,0.8784,0.6816,0.7713815789473685,0.72,0.3351851851851852
2023-06-23,0.784,0.7152,0.7553366174055829,0.7106666666666667,0.33583489681050654
2023-06-30,0.8576,0.7328,0.7947454844006568,0.7226666666666667,0.33025830258302585
2023-07-07,0.8736,0.7616,0.8292282430213465,0.736,0.32065217391304346
2023-07-14,0.854632587859425,0.7763578274760383,0.8374384236453202,0.732,0.3205828779599271
2023-07-21,0.8421052631578947,0.79585326953748,0.8442622950819673,0.744,0.3118279569892473
2023-07-28,0.8471337579617835,0.8089171974522293,0.8641571194762684,0.7466666666666667,0.3142857142857143
2023-08-04,0.8375796178343949,0.8264331210191083,0.8821603927986906,0.7546666666666667,0.30918727915194344
2023-08-11,0.7952380952380952,0.8317460317460318,0.88379705400982,0.7493333333333333,0.3238434163701068
2023-08-18,0.7120253164556962,0.8370253164556962,0.8592471358428805,0.7546666666666667,0.31625441696113077
2023-08-25,0.750788643533123,0.8501577287066246,0.8764227642276423,0.764,0.3054101221640489
2023-09-01,0.8517350157728707,0.8785488958990536,0.9189627228525121,0.7933333333333333,0.2773109243697479
2023-09-08,0.905511811023622,0.8992125984251969,0.9497568881685575,0.8053333333333333,0.2582781456953642
2023-09-15,0.8866141732283465,0.9086614173228347,0.9497568881685575,0.8053333333333333,0.2731788079470199
2023-09-22,0.7214397496087637,0.9123630672926447,0.9303079416531604,0.8013333333333333,0.281198003327787
2023-09-29,0.733229329173167,0.9126365054602185,0.9303079416531604,0.8093333333333333,0.2751235584843493
2023-10-06,0.7414330218068536,0.9143302180685359,0.9239482200647249,0.8133333333333334,0.2754098360655738
2023-10-13,0.7367601246105919,0.9158878504672897,0.9273021001615509,0.812,0.2742200328407225
2023-10-20,0.6573208722741433,0.9096573208722741,0.8998384491114702,0.8053333333333333,0.2897350993377483
2023-10-27,0.440809968847352,0.8940809968847352,0.8352180936995154,0.7893333333333333,0.2939189189189189
2023-11-03,0.5412130637636081,0.8755832037325039,0.8612903225806452,0.7906666666666666,0.3136593591905565
2023-11-10,0.6341085271317829,0.8682170542635659,0.867741935483871,0.804,0.30016583747927034
2023-11-17,0.7260061919504643,0.868421052631579,0.885483870967742,0.8213333333333334,0.29383116883116883
2023-11-24,0.7306501547987616,0.8653250773993808,0.8856682769726248,0.8253333333333334,0.2956381260096931
2023-12-01,0.8258859784283513,0.8736517719568567,0.9146537842190016,0.8306666666666667,0.2857142857142857
2023-12-08,0.8597842835130971,0.8859784283513097,0.92914653784219,0.8346666666666667,0.28115015974440893
2023-12-15,0.8705701078582434,0.8967642526964561,0.9307568438003221,0.8426666666666667,0.2927215189873418
2023-12-22,0.8021472392638037,0.8987730061349694,0.9227053140096618,0.8453333333333334,0.27287066246056785
2023-12-29,0.8376722817764165,0.9081163859111792,0.9259259259259259,0.8506666666666667,0.26802507836990597
2024-01-05,0.8820826952526799,0.9142419601837672,0.9420289855072463,0.856,0.278816199376947
2024-01-12,0.8545176110260337,0.9173047473200613,0.9243156199677939,0.8546666666666667,0.26521060842433697
2024-01-19,0.7599388379204893,0.9174311926605505,0.893719806763285,0.8533333333333334,0.2546875
2024-01-26,0.6850152905198776,0.9067278287461774,0.8697749196141479,0.8493333333333334,0.25117739403453687
2024-02-02,0.7507645259938838,0.9113149847094801,0.869983948635634,0.8466666666666667,0.27086614173228346
2024-02-09,0.6987767584097859,0.9036697247706422,0.8378812199036918,0.8413333333333334,0.294770206022187
2024-02-16,0.6966463414634146,0.8932926829268293,0.8477564102564102,0.8386666666666667,0.2575516693163752
2024-02-23,0.7027439024390244,0.8917682926829268,0.8365384615384616,0.84,0.2619047619047619
2024-03-01,0.6478658536585366,0.8826219512195121,0.8189102564102564,0.8333333333333334,0.2592
2024-03-08,0.5564024390243902,0.8765243902439024,0.7932692307692307,0.816,0.2565359477124183
2024-03-15,0.3094512195121951,0.8536585365853658,0.704,0.7306666666666667,0.2645985401459854
2024-03-22,0.4192073170731707,0.8399390243902439,0.72,0.764,0.268760907504363
2024-03-29,0.5182926829268293,0.8307926829268293,0.7216,0.748,0.25668449197860965
2024-04-05,0.7957317073170732,0.8307926829268293,0.8224,0.8226666666666667,0.23500810372771475
2024-04-12,0.7351598173515982,0.8401826484018264,0.8096,0.812,0.21510673234811165
2024-04-19,0.5677321156773212,0.837138508371385,0.7703349282296651,0.7933333333333333,0.20840336134453782
2024-04-26,0.770516717325228,0.8358662613981763,0.8070175438596491,0.8253333333333334,0.1841680129240711
2024-05-03,0.7268588770864947,0.8361153262518968,0.7993630573248408,0.8173333333333334,0.16639477977161501
2024-05-10,0.5174506828528073,0.8361153262518968,0.7360890302066773,0.764,0.17452006980802792
2024-05-17,0.6873111782477341,0.8398791540785498,0.7793650793650794,0.8093333333333333,0.16639209225700163
2024-05-24,0.6591251885369532,0.8386123680241327,0.7709320695102686,0.8013333333333333,0.24958402662229617
2024-05-31,0.5225903614457831,0.838855421686747,0.7129337539432177,0.776,0.2972508591065292
2024-06-07,0.7304216867469879,0.8343373493975904,0.7917981072555205,0.8093333333333333,0.29489291598023065
2024-06-14,0.8930722891566265,0.8373493975903614,0.8551181102362204,0.832,0.2676282051282051
2024-06-21,0.8616541353383459,0.8586466165413534,0.8584905660377359,0.84,0.273015873015873
2024-06-28,0.8015037593984963,0.8661654135338346,0.8622848200312989,0.836,0.2679425837320574
2024-07-05,0.8738738738738738,0.8753753753753754,0.8985959438377535,0.8493333333333334,0.2621664050235479
2024-07-12,0.8215892053973014,0.889055472263868,0.8800623052959502,0.8413333333333334,0.26148969889064977
2024-07-19,0.6536731634182908,0.8980509745127436,0.8457943925233645,0.832,0.27724358974358976
2024-07-26,0.7946026986506747,0.8995502248875562,0.8769470404984424,0.844,0.27488151658767773
2024-08-02,0.7301349325337332,0.9085457271364318,0.8769470404984424,0.8413333333333334,0.27892234548335976
2024-08-09,0.600896860986547,0.8998505231689088,0.8338509316770186,0.8213333333333334,0.2775974025974026
2024-08-16,0.573134328358209,0.8880597014925373,0.8108527131782945,0.7986666666666666,0.27879799666110183
2024-08-23,0.6985074626865672,0.8925373134328358,0.8498452012383901,0.824,0.2783171521035599
2024-08-30,0.7029850746268657,0.9044776119402985,0.8405572755417957,0.8173333333333334,0.2724306688417618
2024-09-06,0.6145833333333334,0.9017857142857143,0.8120184899845917,0.8013333333333333,0.27454242928452577
2024-09-13,0.6983655274888558,0.9034175334323923,0.8351309707241911,0.8093333333333333,0.28500823723228996
2024-09-20,0.6177777777777778,0.9007407407407407,0.8228043143297381,0.7946666666666666,0.29697986577181207
2024-09-27,0.6266666666666667,0.9022222222222223,0.8266871165644172,0.8,0.2783333333333333
2024-10-04,0.46597633136094674,0.8890532544378699,0.7473200612557427,0.7746666666666666,0.2891566265060241
2024-10-11,0.5044378698224852,0.8816568047337278,0.7473200612557427,0.776,0.2920962199312715
2024-10-18,0.48005908419497784,0.8655834564254062,0.7151607963246555,0.7666666666666667,0.3060869565217391
2024-10-25,0.17846607669616518,0.8392330383480826,0.5229357798165137,0.6346666666666667,0.36134453781512604
2024-11-01,0.39764359351988215,0.812960235640648,0.6207951070336392,0.736,0.30434782608695654
2024-11-08,0.34948604992657856,0.7797356828193832,0.5871559633027523,0.6866666666666666,0.3339805825242718
2024-11-15,0.2116788321167883,0.7343065693430657,0.45718654434250766,0.5893333333333334,0.38235294117647056
2024-11-22,0.26384839650145775,0.6982507288629738,0.4740853658536585,0.6,0.37777777777777777
2024-11-29,0.47819767441860467,0.6933139534883721,0.5640243902439024,0.6746666666666666,0.34980237154150196
2024-12-06,0.6686046511627907,0.7005813953488372,0.6280487804878049,0.7386666666666667,0.30866425992779783
2024-12-13,0.623546511627907,0.6918604651162791,0.625,0.7093333333333334,0.33458646616541354
2024-12-20,0.3540462427745665,0.6835260115606936,0.5076219512195121,0.632,0.3881856540084388
2024-12-27,0.36796536796536794,0.6695526695526696,0.4817073170731707,0.6306666666666667,0.3890063424947146
2025-01-03,0.47763347763347763,0.6565656565656566,0.5350609756097561,0.6666666666666666,0.364
2025-01-10,0.22077922077922077,0.6277056277056277,0.3948170731707317,0.5546666666666666,0.4326923076923077
2025-01-17,0.2222222222222222,0.5743145743145743,0.3698630136986301,0.548,0.41849148418491483
2025-01-24,0.14265129682997119,0.5619596541786743,0.289193302891933,0.444,0.45645645645645644
2025-01-31,0.20575539568345325,0.5223021582733813,0.30197268588770865,0.44266666666666665,0.4608433734939759
2025-02-07,0.27873563218390807,0.49137931034482757,0.3277693474962064,0.4706666666666667,0.5127478753541076
2025-02-14,0.06752873563218391,0.4295977011494253,0.1621212121212121,0.29333333333333333,0.5863636363636363
2025-02-21,0.13218390804597702,0.3735632183908046,0.18277945619335348,0.33066666666666666,0.592741935483871
2025-02-28,0.0703012912482066,0.35581061692969873,0.11764705882352941,0.244,0.639344262295082
2025-03-07,0.19225251076040173,0.31420373027259685,0.15963855421686746,0.32,0.575
2025-03-14,0.1406025824964132,0.28263988522238165,0.13403614457831325,0.264,0.601010101010101
2025-03-21,0.45911047345767575,0.2539454806312769,0.2213855421686747,0.38266666666666665,0.5052264808362369
2025-03-28,0.44619799139167865,0.2611190817790531,0.22706766917293233,0.36533333333333334,0.5437956204379562
2025-04-04,0.34576757532281205,0.2697274031563845,0.20601503759398496,0.3466666666666667,0.5846153846153846
2025-04-11,0.37679083094555876,0.25787965616045844,0.2087087087087087,0.328,0.6016260162601627
2025-04-18,0.6361031518624641,0.2693409742120344,0.30884557721139433,0.412,0.5501618122977346
2025-04-25,0.5945558739255015,0.3022922636103152,0.31634182908545727,0.42933333333333334,0.5527950310559007
2025-05-02,0.5143266475644699,0.3108882521489971,0.28785607196401797,0.4026666666666667,0.5662251655629139
2025-05-09,0.41201716738197425,0.31759656652360513,0.2638680659670165,0.3973333333333333,0.5671140939597316
2025-05-16,0.8698140200286123,0.3590844062947067,0.4588938714499253,0.544,0.4387254901960784
2025-05-23,0.8497854077253219,0.40486409155937053,0.47761194029850745,0.5453333333333333,0.4229828850855746
2025-05-30,0.7914285714285715,0.45714285714285713,0.5253731343283582,0.584,0.408675799086758
2025-06-06,0.8233618233618234,0.50997150997151,0.582089552238806,0.6093333333333333,0.3938730853391685
2025-06-13,0.7606837606837606,0.5541310541310541,0.5833333333333334,0.6,0.38222222222222224
2025-06-20,0.6107954545454546,0.5696022727272727,0.5148367952522255,0.5626666666666666,0.42890995260663506
2025-06-27,0.8,0.5957446808510638,0.6311111111111111,0.6226666666666667,0.3875802997858672
2025-07-04,0.7991513437057991,0.6322489391796322,0.6474074074074074,0.6306666666666667,0.3890063424947146
2025-07-11,0.7076271186440678,0.6426553672316384,0.6272189349112426,0.6333333333333333,0.3873684210526316
2025-07-18,0.7507042253521127,0.6563380281690141,0.6789940828402367,0.66,0.3696969696969697
2025-07-25,0.4866385372714487,0.6638537271448663,0.620384047267356,0.62,0.3935483870967742
2025-08-01,0.360056258790436,0.6497890295358649,0.5493372606774669,0.5653333333333334,0.39622641509433965
2025-08-08,0.2959326788218794,0.6269284712482468,0.5029411764705882,0.5493333333333333,0.42475728155339804
2025-08-15,0.3543417366946779,0.6050420168067226,0.5198237885462555,0.5666666666666667,0.43058823529411766
2025-08-22,0.46293706293706294,0.6055944055944056,0.581021897810219,0.592,0.40765765765765766
2025-08-29,0.29608938547486036,0.5893854748603352,0.478134110787172,0.5573333333333333,0.43301435406698563
2025-09-05,0.4329608938547486,0.5824022346368715,0.5784883720930233,0.6,0.39111111111111113
2025-09-12,0.5502793296089385,0.5921787709497207,0.6438953488372093,0.6306666666666667,0.35517970401691334
2025-09-19,0.6792189679218968,0.603905160390516,0.7107558139534884,0.676,0.32741617357001973
2025-09-26,0.3231197771587744,0.6002785515320335,0.5578034682080925,0.596,0.38031319910514544
2025-10-03,0.47018030513176146,0.5963938973647711,0.6147186147186147,0.6493333333333333,0.37782340862423
2025-10-10,0.49722991689750695,0.5941828254847645,0.6262626262626263,0.668,0.35129740518962077
2025-10-17,0.45529573590096284,0.5873452544704264,0.6291486291486291,0.6586666666666666,0.3724696356275304
2025-10-24,0.5061898211829436,0.5859697386519945,0.6464646464646465,0.6906666666666667,0.361003861003861
2025-10-31,0.5103163686382394,0.5859697386519945,0.6455331412103746,0.7053333333333334,0.3591682419659735
2025-11-07,0.41289437585733885,0.5843621399176955,0.581294964028777,0.6706666666666666,0.3797216699801193
2025-11-14,0.4488403819918145,0.5648021828103683,0.5876436781609196,0.6906666666666667,0.38223938223938225
2025-11-21,0.33604336043360433,0.5555555555555556,0.5316091954022989,0.668,0.3912175648702595
2025-11-28,0.38971583220568334,0.5345060893098782,0.5164992826398852,0.6626666666666666,0.3903420523138833
2025-12-05,0.31756756756756754,0.518918918918919,0.48206599713055953,0.616,0.41774891774891776
2025-12-12,0.3261455525606469,0.4865229110512129,0.4634146341463415,0.6306666666666667,0.4164904862579281
2025-12-19,0.3351206434316354,0.47050938337801607,0.4490674318507891,0.6293333333333333,0.4216101694915254
2025-12-26,0.39812332439678283,0.467828418230563,0.45480631276901007,0.6626666666666666,0.3822937625754527
2026-01-02,0.5040214477211796,0.467828418230563,0.49067431850789095,0.7026666666666667,0.3586337760910816
2026-01-09,0.2855227882037534,0.46380697050938335,0.37733142037302725,0.628,0.4033970276008493
2026-01-16,0.2975871313672922,0.44638069705093836,0.3524355300859599,0.6346666666666667,0.38445378151260506
2026-01-23,0.14209115281501342,0.40214477211796246,0.25358166189111747,0.528,0.44696969696969696
2026-01-30,0.26541554959785524,0.38337801608579086,0.2979942693409742,0.604,0.40397350993377484
2026-02-06,0.3820375335120643,0.3753351206434316,0.3438395415472779,0.6253333333333333,0.3880597014925373
2026-02-13,0.39276139410187666,0.37935656836461124,0.35765379113018597,0.6213333333333333,0.4034334763948498
2026-02-20,0.41420911528150134,0.3820375335120643,0.3333333333333333,0.624,0.3974358974358974
2026-02-27,0.3806970509383378,0.38337801608579086,0.3333333333333333,0.5813333333333334,0.44724770642201833
2026-03-06,0.24128686327077747,0.36863270777479895,0.27635327635327633,0.52,0.48717948717948717
2026-03-13,0.14611260053619302,0.3512064343163539,0.21367521367521367,0.448,0.5744047619047619
2026-03-20,0.1970509383378016,0.3203753351206434,0.21794871794871795,0.45066666666666666,0.5710059171597633
2026-03-27,0.1675603217158177,0.29222520107238603,0.2002840909090909,0.4266666666666667,0.596875
2026-04-03,0.2158176943699732,0.28418230563002683,0.20141843971631207,0.444,0.5615615615615616
2026-04-10,0.6193029490616622,0.28820375335120646,0.32107496463932106,0.5733333333333334,0.46511627906976744
2026-04-17,0.8270777479892761,0.306970509383378,0.4104372355430183,0.6413333333333333,0.4261954261954262
2026-04-24,0.7144772117962467,0.339142091152815,0.4120956399437412,0.632,0.4219409282700422
2026-05-01,0.7144772117962467,0.3672922252010724,0.44022503516174405,0.6493333333333333,0.4086242299794661
2026-05-08,0.8284182305630027,0.3900804289544236,0.5555555555555556,0.704,0.3768939393939394
2026-05-15,0.5804289544235925,0.4075067024128686,0.44600280504908835,0.6253333333333333,0.43923240938166314
2026-05-22,0.5697050938337802,0.4262734584450402,0.4523809523809524,0.6266666666666667,0.40638297872340423
2026-05-29,0.5670241286863271,0.4383378016085791,0.46013986013986014,0.624,0.4166666666666667
2026-06-05,0.5187667560321716,0.45308310991957107,0.4664804469273743,0.6146666666666667,0.4229934924078091
2026-06-12,0.5361930294906166,0.4584450402144772,0.4748603351955307,0.6266666666666667,0.41914893617021276
2026-06-19,0.7024128686327078,0.48257372654155495,0.5432960893854749,0.6733333333333333,0.401980198019802
2026-06-26,0.6554959785522788,0.5040214477211796,0.5299860529986054,0.6693333333333333,0.38645418326693226
2026-07-03,0.6943699731903485,0.5093833780160858,0.5869262865090403,0.6933333333333334,0.38076923076923075
2026-07-10,0.6729222520107239,0.532171581769437,0.5783633841886269,0.704,0.39204545454545453
2026-07-17,0.6018766756032171,0.546916890080429,0.5822959889349931,0.7026666666666667,0.3719165085388994
2026-07-24,0.48525469168900803,0.5522788203753352,0.5447042640990372,0.6746666666666666,0.3893280632411067
2026-07-31,0.5603217158176944,0.5630026809651475,0.5818431911966988,0.7106666666666667,0.3808630393996248
2026-08-07,0.6340482573726541,0.5723860589812333,0.6272352132049519,0.732,0.36429872495446264
2026-08-14,0.5549597855227882,0.5777479892761395,0.6054794520547945,0.7146666666666667,0.3843283582089552
2026-08-21,0.5214477211796247,0.5817694369973191,0.5989085948158254,0.7213333333333334,0.4011090573012939
2026-08-28,0.514745308310992,0.5871313672922251,0.6070460704607046,0.7,0.3980952380952381
2026-09-04,0.4584450402144772,0.5804289544235925,0.5751014884979703,0.6866666666666666,0.4116504854368932
