date,regime_score,dyn_n,n_held,exits,entries,exits_52h,exits_adtv,exits_reldd,exits_rank,exits_data
2017-11-06,0.6799814922008286,23,23,0,23,0,0,0,0,0
2017-11-13,0.6224074920865592,21,23,0,0,0,0,0,0,0
2017-11-20,0.6419048399777045,22,23,0,0,0,0,0,0,0
2017-11-27,0.6672970765975009,22,23,0,0,0,0,0,0,0
2017-12-04,0.6258392252282281,21,22,1,0,0,0,0,1,0
2017-12-11,0.6502857873746702,22,22,1,1,0,0,0,1,0
2017-12-18,0.6383993990897475,22,22,4,4,0,0,2,2,0
2017-12-22,0.7036183150487842,23,23,0,1,0,0,0,0,0
2018-01-01,0.7053469802716671,23,23,1,1,0,0,0,1,0
2018-01-08,0.7324328350943093,24,24,0,1,0,0,0,0,0
2018-01-15,0.7261708178983161,24,24,1,1,0,0,0,1,0
2018-01-22,0.6667323031322332,22,24,0,0,0,0,0,0,0
2018-01-29,0.6018033469575844,21,24,0,0,0,0,0,0,0
2018-02-05,0.4792802113320032,17,18,6,0,6,0,0,0,0
2018-02-12,0.5387788083346629,19,19,1,2,1,0,0,0,0
2018-02-19,0.47669129865709425,17,19,0,0,0,0,0,0,0
2018-02-26,0.5082011764093981,18,18,1,0,1,0,0,0,0
2018-03-05,0.4686777511992699,17,17,1,0,1,0,0,0,0
2018-03-12,0.4483000986912665,16,17,0,0,0,0,0,0,0
2018-03-19,0.41096555261943485,15,16,1,0,1,0,0,0,0
2018-03-26,0.40314308026226325,15,16,0,0,0,0,0,0,0
2018-04-02,0.45512045551351754,17,17,0,1,0,0,0,0,0
2018-04-09,0.5230020895081414,18,18,0,1,0,0,0,0,0
2018-04-16,0.5285760852466506,19,19,2,3,1,0,0,1,0
2018-04-23,0.5518105023263669,19,19,2,2,2,0,0,0,0
2018-04-30,0.5604283939319505,19,19,1,1,0,0,0,1,0
2018-05-07,0.5119245674249554,18,18,1,0,1,0,0,0,0
2018-05-14,0.47340183051979295,17,17,1,0,1,0,0,0,0
2018-05-21,0.40417862236309504,15,15,4,2,4,0,0,0,0
2018-05-28,0.45327156368668087,17,17,1,3,0,0,0,1,0
2018-06-04,0.4014834956523964,15,15,3,1,3,0,0,0,0
2018-06-11,0.444358272022068,16,16,0,1,0,0,0,0,0
2018-06-18,0.42976674009527366,16,16,2,2,0,0,0,2,0
2018-06-25,0.3911637377114333,15,15,1,0,1,0,0,0,0
2018-07-02,0.35647345039196554,14,14,1,0,1,0,0,0,0
2018-07-09,0.39456340312787547,15,14,0,0,0,0,0,0,0
2018-07-16,0.346341547031411,14,13,1,0,1,0,0,0,0
2018-07-23,0.3734430171653171,14,13,0,0,0,0,0,0,0
2018-07-30,0.47398352578709796,17,17,1,5,0,0,1,0,0
2018-08-06,0.5170937540695388,18,18,1,2,0,0,0,1,0
2018-08-13,0.4459694280290835,16,18,0,0,0,0,0,0,0
2018-08-20,0.48209442335751257,17,17,1,0,0,0,1,0,0
2018-08-27,0.491326196177955,18,18,0,1,0,0,0,0,0
2018-09-03,0.5079235585092323,18,18,0,0,0,0,0,0,0
2018-09-10,0.4450292856016401,16,17,1,0,0,0,0,1,0
2018-09-17,0.4542582135023153,17,17,0,0,0,0,0,0,0
2018-09-24,0.3450509383378016,14,17,0,0,0,0,0,0,0
2018-10-01,0.3088780305584298,13,12,5,0,4,0,0,1,0
2018-10-08,0.2698833352915416,12,8,4,0,4,0,0,0,0
2018-10-15,0.31301191776952225,13,7,1,0,0,0,0,1,0
2018-10-22,0.2853806854838115,12,7,0,0,0,0,0,0,0
2018-10-29,0.2948910057736418,12,6,1,0,1,0,0,0,0
2018-11-05,0.38231451853133075,15,5,1,0,1,0,0,0,0
2018-11-12,0.38531311044121297,15,5,0,0,0,0,0,0,0
2018-11-19,0.40698183205364363,15,15,0,10,0,0,0,0,0
2018-11-26,0.3774897818383629,15,15,0,0,0,0,0,0,0
2018-12-03,0.41348050521127705,16,16,1,2,1,0,0,0,0
2018-12-10,0.32913195066833245,13,15,1,0,1,0,0,0,0
2018-12-17,0.45365715511864435,17,17,0,2,0,0,0,0,0
2018-12-24,0.4257945133167085,16,16,2,1,1,0,0,1,0
2018-12-31,0.47101294906766034,17,17,0,1,0,0,0,0,0
2019-01-07,0.43814329501078164,16,16,2,1,0,0,0,2,0
2019-01-14,0.41781144380293733,16,16,2,2,1,0,0,1,0
2019-01-21,0.3926068990719577,15,15,1,0,1,0,0,0,0
2019-01-28,0.3314313003699878,13,11,4,0,4,0,0,0,0
2019-02-04,0.35835959391669514,14,10,1,0,1,0,0,0,0
2019-02-11,0.33133407473135745,13,10,0,0,0,0,0,0,0
2019-02-18,0.30265305535489484,13,10,0,0,0,0,0,0,0
2019-02-25,0.3729140530682822,14,10,0,0,0,0,0,0,0
2019-03-01,0.4487959080218722,16,16,0,6,0,0,0,0,0
2019-03-11,0.5580731466922596,19,19,1,4,0,0,0,1,0
2019-03-18,0.5395047010209744,19,19,2,2,0,0,0,2,0
2019-03-25,0.4908353650677108,18,18,1,0,0,0,0,1,0
2019-04-01,0.5733654086890356,20,20,1,3,0,0,0,1,0
2019-04-08,0.5417439966856463,19,19,1,0,0,0,0,1,0
2019-04-15,0.5733428461682646,20,20,2,3,0,0,0,2,0
2019-04-22,0.5004605137908013,18,20,0,0,0,0,0,0,0
2019-04-26,0.4952784228423064,18,20,0,0,0,0,0,0,0
2019-05-06,0.42659786393471455,16,19,1,0,1,0,0,0,0
2019-05-13,0.36632544959870844,14,16,3,0,1,0,0,2,0
2019-05-20,0.4577162187616062,17,17,0,1,0,0,0,0,0
2019-05-27,0.5405375750341783,19,19,1,3,0,0,0,1,0
2019-06-03,0.5251885227919221,19,19,0,0,0,0,0,0,0
2019-06-10,0.4887234087741432,18,18,1,0,0,0,0,1,0
2019-06-17,0.4297558298069214,16,16,2,0,1,0,0,1,0
2019-06-24,0.42088858201991247,16,16,1,1,0,0,0,1,0
2019-07-01,0.46093320434622914,17,17,1,2,0,0,0,1,0
2019-07-08,0.3968009887395823,15,17,0,0,0,0,0,0,0
2019-07-15,0.39282186818506293,15,17,0,0,0,0,0,0,0
2019-07-22,0.3551188769042126,14,16,1,0,0,0,0,1,0
2019-07-29,0.3532811863614906,14,15,1,0,1,0,0,0,0
2019-08-05,0.3186337980974331,13,13,2,0,2,0,0,0,0
2019-08-09,0.3602352456168553,14,11,2,0,1,0,0,1,0
2019-08-19,0.35676038651978426,14,10,1,0,0,0,0,1,0
2019-08-26,0.34512213663972735,14,8,2,0,0,0,0,2,0
2019-08-30,0.36660869970352344,14,8,0,0,0,0,0,0,0
2019-09-09,0.4134368446566838,16,16,2,10,0,0,0,2,0
2019-09-16,0.47008905158402636,17,17,0,1,0,0,0,0,0
2019-09-23,0.5363053982718472,19,19,0,2,0,0,0,0,0
2019-09-30,0.48770834589034306,18,19,0,0,0,0,0,0,0
2019-10-07,0.41554226937187166,16,17,2,0,1,0,0,1,0
2019-10-14,0.4426407476157065,16,17,0,0,0,0,0,0,0
2019-10-18,0.49691322427094164,18,18,1,2,0,0,0,1,0
2019-10-25,0.4903318234406205,18,18,1,1,0,0,0,1,0
2019-11-04,0.565069055895123,20,20,4,6,0,0,1,3,0
2019-11-11,0.5300626990177136,19,19,1,0,0,0,0,1,0
2019-11-18,0.5055443501163297,18,18,1,0,1,0,0,0,0
2019-11-25,0.5258524506440442,19,19,2,3,0,0,0,2,0
2019-12-02,0.5187271709135971,18,18,1,0,0,0,1,0,0
2019-12-09,0.46808846679382604,17,17,1,0,0,0,0,1,0
2019-12-16,0.4752857210304735,17,17,2,2,0,0,0,2,0
2019-12-23,0.49455861417347047,18,18,0,1,0,0,0,0,0
2019-12-30,0.5344838790162901,19,19,0,1,0,0,0,0,0
2020-01-06,0.5281707558830004,19,19,1,1,0,0,0,1,0
2020-01-13,0.6080980238685232,21,21,0,2,0,0,0,0,0
2020-01-20,0.6246557586026146,21,21,0,0,0,0,0,0,0
2020-01-27,0.6193692573340311,21,21,1,1,0,0,0,1,0
2020-02-03,0.5082795773676396,18,20,1,0,1,0,0,0,0
2020-02-10,0.5505748417210322,19,19,2,1,0,0,0,2,0
2020-02-17,0.5140899665149742,18,18,2,1,0,0,0,2,0
2020-02-24,0.4928498854587116,18,18,1,1,1,0,0,0,0
2020-03-02,0.41053749688433977,15,17,1,0,1,0,0,0,0
2020-03-09,0.35354557640750667,14,13,4,0,4,0,0,0,0
2020-03-16,0.279590352976743,12,8,5,0,5,0,0,0,0
2020-03-23,0.22514580909504778,11,1,7,0,7,0,0,0,0
2020-03-30,0.21786008251190978,10,1,0,0,0,0,0,0,0
2020-04-03,0.21015713332808011,10,1,0,0,0,0,0,0,0
2020-04-13,0.2586893507226511,11,1,0,0,0,0,0,0,0
2020-04-20,0.3180567807582024,13,1,0,0,0,0,0,0,0
2020-04-27,0.30265926144390887,13,1,0,0,0,0,0,0,0
2020-05-04,0.2889356586689732,12,1,0,0,0,0,0,0,0
2020-05-11,0.29833503986105425,12,1,0,0,0,0,0,0,0
2020-05-18,0.28066547422117555,12,1,0,0,0,0,0,0,0
2020-05-22,0.3068254552487243,13,1,0,0,0,0,0,0,0
2020-06-01,0.42251139202682625,16,16,0,15,0,0,0,0,0
2020-06-08,0.5447743017060076,19,19,0,3,0,0,0,0,0
2020-06-15,0.4966124044574023,18,19,0,0,0,0,0,0,0
2020-06-22,0.5669489407164022,20,20,0,1,0,0,0,0,0
2020-06-29,0.5660181074909905,20,20,0,0,0,0,0,0,0
2020-07-06,0.604884144628277,21,21,1,2,0,0,0,1,0
2020-07-13,0.5931348336297539,20,21,0,0,0,0,0,0,0
2020-07-20,0.5847084540086527,20,20,2,1,0,0,0,2,0
2020-07-27,0.5441738070122455,19,19,3,2,1,0,0,2,0
2020-08-03,0.5343774327902425,19,19,4,4,0,0,0,4,0
2020-08-10,0.5993572156408442,20,20,4,5,0,0,0,4,0
2020-08-17,0.619988195270911,21,21,1,2,0,0,0,1,0
2020-08-24,0.6751788572460631,23,23,0,2,0,0,0,0,0
2020-08-31,0.634623306791946,21,22,1,0,1,0,0,0,0
2020-09-07,0.6191501746735677,21,21,3,2,0,0,0,3,0
2020-09-14,0.631874809490516,21,21,2,2,0,0,0,2,0
2020-09-21,0.5508631844837879,19,20,1,0,0,0,0,1,0
2020-09-28,0.5674810659110007,20,20,2,2,2,0,0,0,0
2020-10-05,0.5786801028610505,20,20,1,1,0,0,0,1,0
2020-10-12,0.5423072654739584,19,20,0,0,0,0,0,0,0
2020-10-19,0.5465396689994545,19,20,0,0,0,0,0,0,0
2020-10-26,0.5492768540601332,19,19,1,0,1,0,0,0,0
2020-11-02,0.5216373811719114,18,18,2,1,1,0,0,1,0
2020-11-09,0.6091167000153652,21,21,3,6,0,0,1,2,0
2020-11-13,0.6281047905526951,21,21,0,0,0,0,0,0,0
2020-11-23,0.6949928607378977,23,23,0,2,0,0,0,0,0
2020-11-27,0.7147711785126478,24,24,0,1,0,0,0,0,0
2020-12-07,0.7577017263579651,25,25,0,1,0,0,0,0,0
2020-12-14,0.771117422473868,25,25,2,2,0,0,1,1,0
2020-12-21,0.6962668067500303,23,23,6,4,2,0,1,3,0
2020-12-28,0.7680045767745304,25,25,0,2,0,0,0,0,0
2021-01-04,0.7933472061675619,25,25,1,1,1,0,0,0,0
2021-01-11,0.8030991267150291,25,25,1,1,0,0,0,1,0
2021-01-18,0.7516076914247586,25,25,1,1,0,0,0,1,0
2021-01-25,0.7131364053664361,24,24,2,1,1,0,0,1,0
2021-02-01,0.7183814563806535,24,24,1,1,1,0,0,0,0
2021-02-08,0.7645166184519323,25,25,1,2,0,0,1,0,0
2021-02-15,0.7404038121383462,24,24,2,1,1,0,0,1,0
2021-02-22,0.6992718464413612,23,23,1,0,0,0,0,1,0
2021-03-01,0.7408092743726595,24,24,1,2,0,0,0,1,0
2021-03-08,0.7511543768018656,25,25,0,1,0,0,0,0,0
2021-03-15,0.7297382590599748,24,24,3,2,0,0,0,3,0
2021-03-22,0.6658138447936699,22,22,2,0,2,0,0,0,0
2021-03-26,0.62870266405816,21,21,1,0,0,0,1,0,0
2021-04-05,0.6559300318333774,22,22,1,2,0,0,1,0,0
2021-04-12,0.5952651207260924,20,20,3,1,2,0,0,1,0
2021-04-19,0.5816898119129574,20,20,0,0,0,0,0,0,0
2021-04-26,0.6212169561198114,21,21,1,2,0,0,0,1,0
2021-05-03,0.6644838153921909,22,22,2,3,0,0,1,1,0
2021-05-10,0.6976007244749836,23,23,1,2,0,0,1,0,0
2021-05-17,0.7132032963286838,24,24,3,4,2,0,1,0,0
2021-05-24,0.7635167318122511,25,25,1,2,0,0,0,1,0
2021-05-31,0.7685872221309238,25,25,0,0,0,0,0,0,0
2021-06-07,0.7948344681749032,25,25,1,1,0,0,0,1,0
2021-06-14,0.7936960789159684,25,25,1,1,0,0,1,0,0
2021-06-21,0.7619493520360328,25,25,2,2,0,0,1,1,0
2021-06-28,0.7754538944827362,25,25,3,3,2,0,1,0,0
2021-07-05,0.7780776995809835,25,25,0,0,0,0,0,0,0
2021-07-12,0.7685544331673688,25,25,1,1,0,0,0,1,0
2021-07-19,0.7579410372783469,25,25,2,2,1,0,1,0,0
2021-07-26,0.7390549378915199,24,24,3,2,2,0,1,0,0
2021-08-02,0.735103497117202,24,24,0,0,0,0,0,0,0
2021-08-09,0.6919589897987458,23,23,2,1,0,0,2,0,0
2021-08-16,0.6558393287496709,22,22,4,3,3,0,0,1,0
2021-08-23,0.5556948259349956,19,19,5,2,5,0,0,0,0
2021-08-30,0.6524699864177246,22,22,1,4,0,0,1,0,0
2021-09-06,0.6932483507863443,23,23,0,1,0,0,0,0,0
2021-09-13,0.7037521268674886,23,23,0,0,0,0,0,0,0
2021-09-20,0.6625711842630451,22,22,3,2,0,0,0,3,0
2021-09-27,0.7001866757315773,23,23,2,3,1,0,0,1,0
2021-10-04,0.7361315554797774,24,24,1,2,0,0,0,1,0
2021-10-11,0.7414581599818758,24,24,1,1,0,0,0,1,0
2021-10-18,0.7546176211800717,25,25,1,2,0,0,0,1,0
2021-10-25,0.6294484899184254,21,24,1,0,0,0,0,1,0
2021-11-01,0.6471446270263067,22,22,2,0,1,0,0,1,0
2021-11-08,0.6888027350171257,23,23,2,3,1,0,0,1,0
2021-11-15,0.6649818087765273,22,22,2,1,0,0,0,2,0
2021-11-22,0.5507456193568765,19,20,2,0,1,0,0,1,0
2021-11-29,0.5040498844032395,18,20,0,0,0,0,0,0,0
2021-12-06,0.5309212259835708,19,20,0,0,0,0,0,0,0
2021-12-13,0.6150383235143334,21,21,0,1,0,0,0,0,0
2021-12-20,0.4717310770463643,17,19,2,0,2,0,0,0,0
2021-12-27,0.5280521631514733,19,19,0,0,0,0,0,0,0
2022-01-03,0.626682332836069,21,21,0,2,0,0,0,0,0
2022-01-10,0.6780306615135241,23,23,1,3,0,0,1,0,0
2022-01-17,0.7109957334633054,23,23,0,0,0,0,0,0,0
2022-01-24,0.5106964623882222,18,20,3,0,3,0,0,0,0
2022-01-31,0.5669344967595489,20,20,1,1,1,0,0,0,0
2022-02-07,0.5618391599666694,19,20,0,0,0,0,0,0,0
2022-02-14,0.4420841424146237,16,17,3,0,3,0,0,0,0
2022-02-21,0.43046558715275085,16,17,0,0,0,0,0,0,0
2022-02-28,0.4060668681296803,15,15,6,4,6,0,0,0,0
2022-03-07,0.37077296002120363,14,14,1,0,1,0,0,0,0
2022-03-14,0.4448243362302432,16,16,0,2,0,0,0,0,0
2022-03-21,0.47311767892156015,17,17,0,1,0,0,0,0,0
2022-03-28,0.46738141412410045,17,17,3,3,1,0,0,2,0
2022-04-04,0.5880654996190726,20,20,1,4,0,0,0,1,0
2022-04-11,0.6404151469514768,22,22,1,3,0,0,0,1,0
2022-04-18,0.582599770789431,20,21,1,0,1,0,0,0,0
2022-04-25,0.5326928699926902,19,20,1,0,1,0,0,0,0
2022-05-02,0.5048945637236127,18,18,3,1,1,0,0,2,0
2022-05-09,0.3924834014070569,15,15,3,0,2,0,0,1,0
2022-05-16,0.35554470438185426,14,9,6,0,6,0,0,0,0
2022-05-23,0.3951439472315934,15,9,0,0,0,0,0,0,0
2022-05-30,0.40287650149035736,15,15,1,7,1,0,0,0,0
2022-06-06,0.409470043321556,15,15,2,2,2,0,0,0,0
2022-06-13,0.34451693505909364,14,13,2,0,1,0,0,1,0
2022-06-20,0.28490056540764064,12,3,10,0,10,0,0,0,0
2022-06-27,0.35358370140813666,14,3,0,0,0,0,0,0,0
2022-07-04,0.3636994218018767,14,3,0,0,0,0,0,0,0
2022-07-11,0.451530077770146,17,17,0,14,0,0,0,0,0
2022-07-18,0.4897426953441055,18,18,0,1,0,0,0,0,0
2022-07-25,0.5355463533751131,19,19,0,1,0,0,0,0,0
2022-08-01,0.5906687226680476,20,20,1,2,1,0,0,0,0
2022-08-08,0.5886148431956377,20,20,1,1,0,0,0,1,0
2022-08-12,0.5866052268732457,20,20,0,0,0,0,0,0,0
2022-08-22,0.5809805240422006,20,20,1,1,0,0,0,1,0
2022-08-29,0.6130156888234292,21,21,3,4,0,0,0,3,0
2022-09-05,0.6404027876114744,22,22,2,3,1,0,0,1,0
2022-09-12,0.6763604908366613,23,23,1,2,1,0,0,0,0
2022-09-19,0.5984172243522751,20,22,1,0,1,0,0,0,0
2022-09-26,0.492874640233032,18,21,1,0,0,0,0,1,0
2022-10-03,0.5202397870387233,18,18,3,0,1,0,0,2,0
2022-10-10,0.5627903272901016,20,20,0,2,0,0,0,0,0
2022-10-17,0.5167786913731184,18,18,2,0,1,0,0,1,0
2022-10-24,0.5491334636468583,19,19,0,1,0,0,0,0,0
2022-10-31,0.5622576944792029,19,19,4,4,1,0,2,1,0
2022-11-07,0.5968580707838116,20,20,0,1,0,0,0,0,0
2022-11-14,0.5777121946563302,20,20,1,1,0,0,1,0,0
2022-11-21,0.5376038129282097,19,19,3,2,1,0,1,1,0
2022-11-28,0.5961532435048654,20,20,4,5,1,0,2,1,0
2022-12-05,0.6364344525695708,21,21,0,1,0,0,0,0,0
2022-12-12,0.604868166385041,21,21,0,0,0,0,0,0,0
2022-12-19,0.5874394438456183,20,21,0,0,0,0,0,0,0
2022-12-26,0.4853789432711273,17,20,1,0,1,0,0,0,0
2023-01-02,0.5617331167331746,19,19,2,1,1,0,0,1,0
2023-01-09,0.5576912848953909,19,19,1,1,1,0,0,0,0
2023-01-16,0.5380392215501129,19,19,1,1,0,0,0,1,0
2023-01-23,0.5394607016245545,19,19,2,2,1,0,0,1,0
2023-01-30,0.4469985877444575,16,17,2,0,2,0,0,0,0
2023-02-06,0.4718365160409964,17,17,2,2,2,0,0,0,0
2023-02-13,0.48218403226878465,17,17,0,0,0,0,0,0,0
2023-02-20,0.4818312725491555,17,17,1,1,1,0,0,0,0
2023-02-27,0.4239371440943851,16,16,1,0,1,0,0,0,0
2023-03-06,0.4934064591940336,18,18,1,3,0,0,0,1,0
2023-03-13,0.4394772292887115,16,18,0,0,0,0,0,0,0
2023-03-20,0.41960349735042246,16,16,2,0,2,0,0,0,0
2023-03-27,0.39404486045110193,15,11,5,0,4,0,0,1,0
2023-04-03,0.46045051141878235,17,17,1,7,1,0,0,0,0
2023-04-10,0.5084544178450198,18,18,0,1,0,0,0,0,0
2023-04-17,0.5573658215986882,19,19,0,1,0,0,0,0,0
2023-04-24,0.5726175750034114,20,20,1,2,0,0,0,1,0
2023-04-28,0.6268669548662926,21,21,0,1,0,0,0,0,0
2023-05-08,0.6531890968015038,22,22,0,1,0,0,0,0,0
2023-05-15,0.6560521101447467,22,22,0,0,0,0,0,0,0
2023-05-22,0.6395974428709903,22,22,1,1,0,0,0,1,0
2023-05-29,0.6677216485798569,22,22,0,0,0,0,0,0,0
2023-06-05,0.7075881924151325,23,23,1,2,0,0,0,1,0
2023-06-12,0.7120398536491052,23,23,3,3,0,0,0,3,0
2023-06-19,0.7347067857397978,24,24,0,1,0,0,0,0,0
2023-06-26,0.7189654675122157,24,24,2,2,0,0,0,2,0
2023-07-03,0.7436208680778345,24,24,3,3,0,0,0,3,0
2023-07-10,0.7481879644523588,24,24,1,1,0,0,0,1,0
2023-07-17,0.7675468774094779,25,25,0,1,0,0,0,0,0
2023-07-24,0.752525125362357,25,25,0,0,0,0,0,0,0
2023-07-31,0.766565675617554,25,25,1,1,0,0,0,1,0
2023-08-07,0.7542500541520056,25,25,0,0,0,0,0,0,0
2023-08-14,0.7224857714931088,24,25,0,0,0,0,0,0,0
2023-08-21,0.7265704261981225,24,24,2,1,0,0,0,2,0
2023-08-28,0.739523564177108,24,24,1,1,0,0,1,0,0
2023-09-04,0.7853372066686538,25,25,0,1,0,0,0,0,0
2023-09-11,0.8089719892631043,25,25,2,2,0,0,0,2,0
2023-09-18,0.7902953090529473,25,25,1,1,0,0,0,1,0
2023-09-25,0.7392579694614645,24,24,2,1,2,0,0,0,0
2023-09-29,0.7494081892269924,24,24,1,1,0,0,0,1,0
2023-10-09,0.7134218089345498,24,24,1,1,1,0,0,0,0
2023-10-16,0.7584946448794226,25,25,0,1,0,0,0,0,0
2023-10-23,0.6329119077255567,21,21,4,0,2,0,0,2,0
2023-10-30,0.64368057043569,22,22,0,1,0,0,0,0,0
2023-11-06,0.7035608405261506,23,23,0,1,0,0,0,0,0
2023-11-13,0.7243008391691315,24,24,1,2,0,0,0,1,0
2023-11-20,0.7494935532324829,24,24,0,0,0,0,0,0,0
2023-11-24,0.7539275501807138,25,25,2,3,0,0,0,2,0
2023-12-04,0.8082122755133512,25,25,4,4,0,0,1,3,0
2023-12-11,0.8118580732387594,25,25,2,2,0,0,1,1,0
2023-12-18,0.8248426499144881,25,25,0,0,0,0,0,0,0
2023-12-22,0.7917153999218346,25,25,3,3,1,0,0,2,0
2024-01-01,0.8145808958649599,25,25,1,1,0,0,0,1,0
2024-01-08,0.8033164338533928,25,25,0,0,0,0,0,0,0
2024-01-15,0.8162902114064174,25,25,3,3,0,0,0,3,0
2024-01-19,0.7842167731454373,25,25,1,1,0,0,0,1,0
2024-01-29,0.7679518610815571,25,25,4,4,0,0,0,4,0
2024-02-05,0.7626936562343648,25,25,2,2,0,0,0,2,0
2024-02-12,0.7090385444927445,23,23,5,3,0,0,0,5,0
2024-02-19,0.7591917467290122,25,25,2,4,0,0,0,2,0
2024-02-26,0.7512619737791906,25,25,4,4,0,0,0,4,0
2024-03-04,0.7272963536282157,24,24,1,0,0,0,0,1,0
2024-03-11,0.6573798670496456,22,22,6,4,0,0,4,2,0
2024-03-18,0.5847508424133605,20,20,9,7,3,0,2,4,0
2024-03-22,0.6227210098360925,21,21,1,2,1,0,0,0,0
2024-04-01,0.7079051179772575,23,23,2,4,0,0,0,2,0
2024-04-08,0.7565145065036518,25,25,1,3,0,0,0,1,0
2024-04-15,0.698697581495674,23,23,4,2,0,0,0,4,0
2024-04-22,0.7105813130996205,23,23,1,1,0,0,0,1,0
2024-04-29,0.7630287636745083,25,25,2,4,0,0,0,2,0
2024-05-06,0.7174653324839686,24,24,2,1,1,0,1,0,0
2024-05-13,0.6502444906402107,22,22,2,0,1,0,0,1,0
2024-05-17,0.7262121766039631,24,24,1,3,0,0,0,1,0
2024-05-27,0.7154472333651579,24,24,5,5,1,0,1,3,0
2024-06-03,0.703704457573347,23,23,5,4,0,0,2,3,0
2024-06-10,0.7681558482379204,25,25,2,4,0,0,0,2,0
2024-06-14,0.8029513593681671,25,25,1,1,0,0,0,1,0
2024-06-24,0.7926159224258893,25,25,3,3,0,0,0,3,0
2024-07-01,0.7938991146056277,25,25,2,2,0,0,1,1,0
2024-07-08,0.7917690746421763,25,25,5,5,0,0,1,4,0
2024-07-15,0.7989707479206891,25,25,1,1,0,0,1,0,0
2024-07-22,0.750861934540324,25,25,1,1,0,0,0,1,0
2024-07-29,0.7976633692800534,25,25,2,2,0,0,0,2,0
2024-08-05,0.672454789610009,22,22,3,0,0,0,1,2,0
2024-08-12,0.7065464163124241,23,23,6,7,1,0,0,5,0
2024-08-19,0.7097694440208056,23,23,3,3,1,0,1,1,0
2024-08-26,0.7505248565838308,25,25,4,6,2,0,0,2,0
2024-09-02,0.741286155020034,24,24,1,0,0,0,0,1,0
2024-09-09,0.7078690328518267,23,23,1,0,0,0,0,1,0
2024-09-16,0.7456989278044858,24,24,2,3,0,0,0,2,0
2024-09-23,0.7273884541310339,24,24,3,3,0,0,1,2,0
2024-09-30,0.7156412132786243,24,24,0,0,0,0,0,0,0
2024-10-07,0.5941800948001603,20,21,3,0,1,0,0,2,0
2024-10-14,0.6617441699989934,22,22,1,2,0,0,0,1,0
2024-10-21,0.6126517555679585,21,21,2,1,0,0,0,2,0
2024-10-28,0.5288729055902605,19,19,4,2,2,0,0,2,0
2024-11-04,0.5632391782915522,20,20,1,2,1,0,0,0,0
2024-11-11,0.5509381953072887,19,19,2,1,0,0,0,2,0
2024-11-18,0.4824404952950734,17,17,2,0,2,0,0,0,0
2024-11-25,0.5299851928687139,19,19,0,2,0,0,0,0,0
2024-12-02,0.6067239681302863,21,21,1,3,0,0,0,1,0
2024-12-09,0.6659318658680763,22,22,1,2,0,0,0,1,0
2024-12-16,0.6449933397728312,22,22,1,1,0,0,0,1,0
2024-12-23,0.5291549403829873,19,21,1,0,1,0,0,0,0
2024-12-30,0.5250042860303602,19,21,0,0,0,0,0,0,0
2025-01-06,0.503641719404848,18,21,0,0,0,0,0,0,0
2025-01-13,0.4034409724442318,15,16,5,0,5,0,0,0,0
2025-01-20,0.4598296918911801,17,17,0,1,0,0,0,0,0
2025-01-27,0.3632807051868152,14,10,7,0,7,0,0,0,0
2025-02-03,0.4012330391253523,15,15,1,6,1,0,0,0,0
2025-02-10,0.3954950056606988,15,13,2,0,1,0,0,1,0
2025-02-17,0.3164525043529687,13,9,4,0,4,0,0,0,0
2025-02-24,0.3243178451467487,13,9,0,0,0,0,0,0,0
2025-03-03,0.29326187614733423,12,6,3,0,3,0,0,0,0
2025-03-10,0.322424294950989,13,5,1,0,1,0,0,0,0
2025-03-17,0.3163825186996274,13,5,0,0,0,0,0,0,0
2025-03-24,0.46401620205008387,17,17,0,12,0,0,0,0,0
2025-03-28,0.43052497620249774,16,17,0,0,0,0,0,0,0
2025-04-07,0.3297597861831244,13,14,3,0,3,0,0,0,0
2025-04-11,0.39748007370083327,15,14,0,0,0,0,0,0,0
2025-04-21,0.5361449720304612,19,19,1,6,0,0,0,1,0
2025-04-28,0.51474857719074,18,19,0,0,0,0,0,0,0
2025-05-05,0.4954448263575949,18,18,1,0,1,0,0,0,0
2025-05-12,0.5516974239099501,19,19,0,1,0,0,0,0,0
2025-05-19,0.6350161815055964,21,21,1,3,0,0,0,1,0
2025-05-26,0.6414741659432927,22,22,1,2,0,0,0,1,0
2025-06-02,0.6345885981280998,21,21,2,1,0,0,0,2,0
2025-06-09,0.682600773892137,23,23,2,4,0,0,1,1,0
2025-06-16,0.6582529435784941,22,22,2,1,1,0,0,1,0
2025-06-23,0.5981344913372496,20,20,3,1,0,0,0,3,0
2025-06-30,0.6781742379325322,23,23,1,4,0,0,1,0,0
2025-07-07,0.676402234230635,23,23,2,2,0,0,0,2,0
2025-07-14,0.650109680413595,22,23,0,0,0,0,0,0,0
2025-07-21,0.6639111813075014,22,22,3,2,1,0,0,2,0
2025-07-28,0.5507013889531621,19,20,2,0,0,0,0,2,0
2025-08-04,0.5444005132486001,19,19,2,1,2,0,0,0,0
2025-08-11,0.5089961725904794,18,18,2,1,0,0,0,2,0
2025-08-18,0.5447325989942918,19,19,0,1,0,0,0,0,0
2025-08-25,0.5560293982483873,19,19,3,3,1,0,0,2,0
2025-09-01,0.5131474471437728,18,18,2,1,1,0,0,1,0
2025-09-08,0.5436171196577338,19,19,2,3,0,0,0,2,0
2025-09-15,0.609493172093248,21,21,2,4,1,0,0,1,0
2025-09-22,0.6196540473484734,21,21,1,1,0,0,0,1,0
2025-09-29,0.5038896413069383,18,18,3,0,2,0,0,1,0
2025-10-06,0.5660652536060999,20,20,1,3,1,0,0,0,0
2025-10-13,0.5639754152685185,20,20,1,1,0,0,0,1,0
2025-10-20,0.5728625200546613,20,20,1,1,0,0,1,0,0
2025-10-27,0.5954225042836104,20,20,3,3,1,0,0,2,0
2025-11-03,0.609769144711645,21,21,2,3,0,0,2,0,0
2025-11-10,0.5480172535314256,19,19,2,0,0,0,2,0,0
2025-11-17,0.5702041747077706,20,20,1,2,0,0,1,0,0
2025-11-24,0.5036471516250249,18,19,1,0,1,0,0,0,0
2025-12-01,0.5190911292341291,18,18,3,2,1,0,2,0,0
2025-12-08,0.4478352635661955,16,16,6,4,2,0,0,4,0
2025-12-15,0.4876826623864341,18,18,0,2,0,0,0,0,0
2025-12-22,0.5054004276250194,18,18,0,0,0,0,0,0,0
2025-12-29,0.497144171494406,18,18,1,1,0,0,0,1,0
2026-01-05,0.5554886175208046,19,19,3,4,1,0,1,1,0
2026-01-12,0.4549080937111216,17,17,2,0,2,0,0,0,0
2026-01-19,0.44374783674858176,16,16,4,3,1,0,1,2,0
2026-01-23,0.37914432529043784,15,14,2,0,2,0,0,0,0
2026-02-02,0.4096008203506257,15,15,1,2,1,0,0,0,0
2026-02-09,0.5291584688229698,19,19,1,5,1,0,0,0,0
2026-02-16,0.48441276440512104,17,18,1,0,0,0,1,0,0
2026-02-23,0.4976812202075622,18,18,1,1,1,0,0,0,0
2026-03-02,0.4328685666741505,16,16,2,0,1,0,0,1,0
2026-03-09,0.38316849528014957,15,15,1,0,0,0,0,1,0
2026-03-16,0.36322909174131957,14,13,2,0,1,0,0,1,0
2026-03-23,0.3256422743842459,13,12,1,0,1,0,0,0,0
2026-03-30,0.3372081657730116,13,10,2,0,2,0,0,0,0
2026-04-06,0.38583499461515547,15,10,0,0,0,0,0,0,0
2026-04-13,0.5208228428276334,18,18,1,9,0,0,0,1,0
2026-04-20,0.6115006174006875,21,21,0,3,0,0,0,0,0
2026-04-27,0.6200535658972688,21,21,1,1,0,0,0,1,0
2026-05-04,0.6157280596918504,21,21,3,3,2,0,0,1,0
2026-05-11,0.6180124371400922,21,21,0,0,0,0,0,0,0
2026-05-18,0.525970296326545,19,19,2,0,2,0,0,0,0
2026-05-25,0.5893086318376847,20,20,0,1,0,0,0,0,0
2026-06-01,0.5370372671910232,19,19,1,0,1,0,0,0,0
2026-06-08,0.5026753798033959,18,18,1,0,1,0,0,0,0
2026-06-15,0.5992226583013184,20,20,0,2,0,0,0,0,0
2026-06-22,0.6418032359353648,22,22,0,2,0,0,0,0,0
2026-06-29,0.5913122016608906,20,20,2,0,1,0,0,1,0
2026-07-06,0.6315701553322555,21,21,2,3,1,0,0,1,0
2026-07-13,0.6316535306093652,21,21,1,1,0,0,0,1,0
2026-07-20,0.6174788264684378,21,21,3,3,1,0,0,2,0
2026-07-27,0.5949105485667148,20,20,2,1,1,0,1,0,0
2026-08-03,0.6339851899456613,21,21,3,4,1,0,0,2,0
2026-08-10,0.6271755171311214,21,21,1,1,0,0,1,0,0
2026-08-17,0.596913520152171,20,21,0,0,0,0,0,0,0
2026-08-24,0.5940618604213228,20,21,0,0,0,0,0,0,0
