,Z Equal Weight,Z Weighted v1 (PRIMARY),Z Weighted v2 (Trend+Vol),NIFTY500 Buy & Hold
2017-11-13,1.0005708374028237,0.9974171551530777,1.0005708374028237,0.9794405322923294
2017-11-20,0.9865534139035711,0.9850718963922402,0.9865534139035711,0.9880083251555574
2017-11-27,1.0073981128076015,1.0071769184324062,1.0073981128076015,0.9993961027056756
2017-12-04,0.9879618853819454,0.9856224457265992,0.9879618853819454,0.9769494559532412
2017-12-11,1.0105811106562896,1.0061583429207392,1.0105811106562896,0.9955570413346131
2017-12-18,1.003464985486753,0.9959449001875919,1.003464985486753,0.9997573626942449
2017-12-22,1.060060170117467,1.0543479349535603,1.0581971421113916,1.0170816663251774
2018-01-01,1.0581842969535185,1.057036545145419,1.061375286871599,1.0174051827328512
2018-01-08,1.1577592661247995,1.1514178765879979,1.1659354664969952,1.0394851775565888
2018-01-15,1.1676492933622629,1.1594876393236786,1.1785216228744755,1.0460202089915998
2018-01-22,1.1400897199460993,1.132120702262414,1.1507054340815033,1.0554507122752912
2018-01-29,1.1144145994614845,1.1066250461529206,1.1247912449212496,1.0589177297775292
2018-02-05,0.9945263158766512,0.987574759644317,1.0037866459057492,1.0076889066223813
2018-02-12,1.074265123941489,1.0667562080904973,1.08426792570514,1.0081256537727412
2018-02-19,1.0294015886029635,1.022206260621602,1.0389866526588487,0.9877980394905702
2018-02-26,1.054692675415342,1.0473205673836727,1.0645132322952364,1.0064218006923256
2018-03-05,1.0358594836708523,1.028619016189419,1.0455046791065385,0.9852260840495632
2018-03-12,1.009324832968954,1.0022698378209471,1.0187229563877576,0.9836785972328568
2018-03-19,1.0123371105362693,1.0052610601214864,1.0217632821665354,0.9591398777107984
2018-03-26,0.994543322143011,0.9875916470399996,1.0038038105225084,0.9613128295823409
2018-04-02,1.0339139341219408,1.0266870656744158,1.0435410139676993,0.9730942187617955
2018-04-09,1.0572055290583837,1.0498158566414144,1.0670494838651887,0.9926777453063168
2018-04-16,1.0564996551891492,1.049114916700842,1.0663370373946228,1.0041194422577138
2018-04-23,1.0863504252838383,1.07630565487914,1.1038539983449294,1.0108162318965617
2018-04-30,1.1031876721774356,1.0950868369659537,1.1231158900261555,1.0240911884914436
2018-05-07,1.0689784739776502,1.0600549184868797,1.0871873198216613,1.0157121135326919
2018-05-14,1.0510834733859944,1.0480464160849665,1.0748714564510697,1.0126009640788955
2018-05-21,1.013930132884634,1.0028402637591805,1.028508240046514,0.9822713008594759
2018-05-28,1.0639381855249805,1.0542866396235742,1.0806753808680098,1.0037150467481215
2018-06-04,0.9984091703701583,0.9909231317799944,1.015725887629205,0.9895180683913691
2018-06-11,1.007507356402931,1.0073405638696613,1.0331534569093022,1.0063948409916863
2018-06-18,1.006622538734628,1.0034675048165924,1.029181151521221,1.0049012735762588
2018-06-25,1.0047938066022886,1.0009494332691755,1.0265985549126173,0.9958266383410086
2018-07-02,1.0007454834691323,1.0028384876259264,1.0285360158954944,0.9823036525002434
2018-07-09,1.0337412140713438,1.0363773720659641,1.0629343272937735,1.000523018192407
2018-07-16,1.0363931590410216,1.0382608269925444,1.064866045362243,0.9954869461129513
2018-07-23,1.0397014248119039,1.040704130463333,1.067371957977761,1.0097863713321338
2018-07-30,1.0510521055091155,1.0550525296236075,1.0820880318908435,1.0372690901640238
2018-08-06,1.0672915056499044,1.0797000849466152,1.0968703740895582,1.0470446776159006
2018-08-13,1.0641532377731717,1.076513793888079,1.0936334119793742,1.0413453969007136
2018-08-20,1.0815678790202465,1.096770316828359,1.1142120710024093,1.0611068574694555
2018-08-27,1.116553473884774,1.121421943443139,1.1392557282956353,1.0739450669139776
2018-09-03,1.130005277962066,1.1308926272855675,1.1488770228328513,1.0699388553989502
2018-09-10,1.093559076203529,1.093955357428834,1.1113523457762544,1.050360720794557
2018-09-17,1.0664782161844746,1.070342876802167,1.0873643598352924,1.0456535570629029
2018-09-24,1.0036202825470053,1.0094577060941239,1.0255109424815836,0.9967702278633902
2018-10-01,0.951374450728086,0.9555028677020293,0.97177864580001,0.9883965448447665
2018-10-08,0.8859148210938326,0.8938906421912806,0.9091169342600385,0.9276940828849041
2018-10-15,0.8852232912618524,0.8931928865708927,0.908407293258635,0.950275528140536
2018-10-22,0.8903673471200063,0.8983832539572693,0.9136860719629502,0.9249280175992931
2018-10-29,0.8736652949002051,0.8815308344817302,0.8965465929200677,0.9285028739040886
2018-11-05,0.878494786813141,0.8864038059285582,0.9015025692480186,0.9573821052291038
2018-11-12,0.8782653996985462,0.8861723536599052,0.9012671744838565,0.9553709115613983
2018-11-19,0.8757732962292918,0.8836578139801328,0.8987098028134852,0.976237719856359
2018-11-26,0.860948363160584,0.8641257407237241,0.8834966046807424,0.9644024112756254
2018-12-03,0.8752118162055922,0.8805608032569786,0.8981336176254286,0.9842339670660298
2018-12-10,0.8268105631556569,0.8252512381477055,0.847181822523657,0.9457031629120792
2018-12-17,0.868511050979258,0.8732360323872986,0.8914775186400915,0.9871510066752223
2018-12-24,0.8452526213833349,0.8463699612109267,0.8674317442591872,0.9708134280876949
2018-12-31,0.8590632199003775,0.8555855328001634,0.8768935501026103,0.9888818194562771
2019-01-07,0.8549830017875145,0.8500219790256436,0.8734776053595271,0.9793003418490044
2019-01-14,0.8546807631293452,0.8601101822945052,0.8777142502283208,0.9760975294130338
2019-01-21,0.8544567370517807,0.8555624826834105,0.8760656769998549,0.9872965890586753
2019-01-28,0.8112537646059881,0.8148826751501187,0.8385631646421563,0.9572419147857786
2019-02-04,0.8235947127780427,0.8247064961730365,0.8517405661435062,0.9750784527288612
2019-02-11,0.8119062718602752,0.817489244951591,0.837956562512897,0.9670067183573996
2019-02-18,0.7872146070808531,0.7977711027746162,0.823187920037534,0.9440586211730708
2019-02-25,0.7947733820819489,0.8111262028771031,0.8353789826786622,0.9688076263601173
2019-03-01,0.7986271090070861,0.8129031750073582,0.8406466790802961,0.9745931781173506
2019-03-11,0.8076791323780009,0.8220727955268458,0.8532398757161243,1.0078183131854508
2019-03-18,0.8155164203323297,0.8267654289356949,0.8608008123497647,1.0262695323031137
2019-03-25,0.8052716603961471,0.815659860819124,0.8519836444148351,1.0149410660944023
2019-04-01,0.833202535526525,0.8450360975780999,0.8848337543299309,1.0462520624170992
2019-04-08,0.8245879462952375,0.8351893336423192,0.875645564760747,1.0389621593641827
2019-04-15,0.8389825577978649,0.852702219853037,0.8913607933182786,1.0478157250541893
2019-04-22,0.8261432009163963,0.8360080151340875,0.8762021706405922,1.035230936795678
2019-04-26,0.836745707593916,0.8473838028101506,0.8900210205895074,1.0449256451456366
2019-05-06,0.8197293877460184,0.8305996502259333,0.871453877998452,1.027967993443401
2019-05-13,0.7908227887896804,0.8011294885134218,0.8406639800800234,0.9877980394905697
2019-05-20,0.8384853504663954,0.8494132307102608,0.8898168677501654,1.043006114460105
2019-05-27,0.8609996251075742,0.8722209312257491,0.9159912894001978,1.0573486752003105
2019-06-03,0.8824666869577588,0.8899399190484018,0.935374169190321,1.0700413022613797
2019-06-10,0.8746555178280078,0.8770650498326067,0.9222808163921932,1.053137569960423
2019-06-17,0.8562195445664851,0.8544702573149114,0.8955679426637191,1.0291703960919216
2019-06-24,0.84819496851043,0.8375498429168526,0.8837198728453098,1.0313810915443593
2019-07-01,0.8720360118896232,0.86613592454313,0.9075255041370718,1.047438289245236
2019-07-08,0.8438309567210465,0.8373385017437334,0.8781725799893516,1.0188394388068713
2019-07-15,0.8349442502630354,0.8277609692130926,0.868924208765612,1.0211417972414834
2019-07-22,0.8021602733211494,0.7934265237309808,0.8348060131909445,0.9972662863551562
2019-07-29,0.7930786835353323,0.7753194335524806,0.8253548274183746,0.9822928686199867
2019-08-05,0.7608594583225292,0.7446218342531281,0.7918243674310685,0.9524269122515663
2019-08-09,0.7780902657585008,0.7673539082533922,0.8097564218322786,0.9755691192804992
2019-08-19,0.7742947529823365,0.7626470741985389,0.8058064420164414,0.9703281534761836
2019-08-26,0.7675082453586446,0.7543383870805155,0.7987437420034278,0.9667425132911323
2019-08-30,0.7700851065387256,0.7561952386375698,0.8014254744200476,0.9681282419040016
2019-09-09,0.7816016223172356,0.7709999608042025,0.8134106810460301,0.9675728720708283
2019-09-16,0.7754136621897555,0.76981738860109,0.8069708877832464,0.9715359480648325
2019-09-23,0.8177566848596611,0.8110016922420688,0.8443139417232945,1.0230235843461193
2019-09-30,0.8279065533591945,0.8194402397181947,0.8540505899831156,1.0073114708134279
2019-10-07,0.8073790669983348,0.8011952888653249,0.8347656074602121,0.9749328703454074
2019-10-14,0.8159874043053759,0.8060812030400915,0.844639917750817,0.9913243683342138
2019-10-18,0.8404913868949213,0.8297506600593911,0.8679091741416254,1.0222255772071906
2019-10-25,0.8461857990707088,0.8324563963981151,0.8770280786304628,1.0170385308041539
2019-11-04,0.861928040473554,0.8525989514781678,0.8939272106088998,1.04953036201486
2019-11-11,0.8538928985599656,0.8432233988842641,0.8840217102587908,1.0455888537813673
2019-11-18,0.8559673420171373,0.8420852988603987,0.8851153859787796,1.0426502464116636
2019-11-25,0.856855479249695,0.842221847276931,0.8890188979766595,1.05704133461302
2019-12-02,0.860717112289989,0.845376442493304,0.8943577154486897,1.0566045874626604
2019-12-09,0.8496423870173605,0.8329825718442254,0.8855674318149706,1.0429575869989536
2019-12-16,0.8670813459479739,0.8498201922850509,0.9051854272347644,1.051751841347553
2019-12-23,0.8835618411441529,0.8630281875170711,0.9202207495859094,1.0673507241375586
2019-12-30,0.8920628053666264,0.8755292224476281,0.931401792128506,1.0702677637467508
2020-01-06,0.8816059209219879,0.8630707101878767,0.9168871347349915,1.0511479440532285
2020-01-13,0.9021036016913591,0.8860560365711818,0.9362860596977022,1.0829711746880757
2020-01-20,0.9214760869670284,0.9052022715340423,0.9558299910792634,1.0811594828051025
2020-01-27,0.936075550222026,0.9195438995898493,0.9676258057214192,1.0783448900583403
2020-02-03,0.9189182676009618,0.9049963651627029,0.9488499560109981,1.0407037560254926
2020-02-10,0.9456541931951321,0.9270304131376839,0.9758206791771787,1.0725269866603395
2020-02-17,0.9376898349144255,0.9213526640521496,0.9669659748590466,1.0666335961005484
2020-02-24,0.9504549426016982,0.9408636441686796,0.9763796178083834,1.0523126031208545
2020-03-02,0.8871404784264874,0.8780669669483924,0.9066270616133345,0.989830800918786
2020-03-09,0.8351429117037752,0.8297992725507166,0.8558762431963923,0.9307944484584438
2020-03-16,0.7557909140541255,0.7498719589118337,0.7744219145317599,0.8187014051395969
2020-03-23,0.6550315305307358,0.6499016696473852,0.6644189863286812,0.6732376443691965
2020-03-30,0.6643993991551636,0.6591961740739432,0.6739211087233993,0.7278256462240239
2020-04-03,0.6674021403774036,0.6621753994133275,0.6769668831420317,0.7158824988407324
2020-04-13,0.6743629364953491,0.6690816822535784,0.684027436543146,0.7937313304073067
2020-04-20,0.673797612408402,0.6685207854862104,0.6834540106250192,0.8211493459576621
2020-04-27,0.6748002158762544,0.6695155370933943,0.6844709827076614,0.8200008627104199
2020-05-04,0.6792080763403235,0.6738888775230528,0.6892508669553713,0.8192405991523865
2020-05-11,0.679009255411566,0.673691613654769,0.6890491062545072,0.81487312764879
2020-05-18,0.6769505260613209,0.671649007185135,0.6869599364714731,0.7813190842328882
2020-05-22,0.675319264008686,0.6700305203150742,0.6853045545300979,0.7997325597696558
2020-06-01,0.6775850809922355,0.6722785926170762,0.6876038739502797,0.8648779803949053
2020-06-08,0.6944499954949498,0.6890114300194128,0.7047181535753937,0.8976448005521342
2020-06-15,0.6938277139683114,0.6928444657670146,0.7053362781902598,0.8720330849446243
2020-06-22,0.7110332448590118,0.7158172813529973,0.7223541908877689,0.9151686059677989
2020-06-29,0.7042295831278451,0.7056089722532237,0.7161863903352684,0.9153411480518914
2020-07-06,0.7213797081751128,0.7200504219715896,0.7309493855564803,0.9506745317099994
2020-07-13,0.7291981630586415,0.7274686900389364,0.7350709508377753,0.9526695495573212
2020-07-20,0.7343356263583803,0.7354906874228112,0.7412118586621352,0.9689424248633136
2020-07-27,0.7576310164727134,0.7565078479661472,0.7642725412974227,0.9732344092051194
2020-08-03,0.7913202481559339,0.7943259888478815,0.8028997083150249,0.963221576387615
2020-08-10,0.8704753789799665,0.8777264803849754,0.8829195990586283,0.9995093334483606
2020-08-17,0.8691843004132873,0.8690549041564185,0.879555092524387,0.9994392382266979
2020-08-24,0.9362923309821076,0.9494514380721316,0.9547032427836418,1.0242906902761744
2020-08-31,0.8701702718763772,0.8909259987037023,0.8956284776832255,1.010670649513107
2020-09-07,0.9074255560971027,0.9281709928789594,0.9388132216279151,1.0114309130711405
2020-09-14,0.9657395038398805,0.9861503479168274,0.9979225174343517,1.0237461043232567
2020-09-21,0.9291202769369277,0.9597556598466888,0.9750351254358136,1.0043027682220609
2020-09-28,0.9506501024593851,0.9786815206549855,0.9931099534317772,1.0061629875661853
2020-10-05,0.981017646183394,1.0044953655167104,1.020157839089073,1.0262263967820893
2020-10-12,0.960272243747388,0.9953228082900748,1.0075749153955305,1.0509268745079847
2020-10-19,0.9802492745607584,0.9971926526566526,1.0257963931678333,1.0470392856757709
2020-10-26,1.0098083035794134,1.0125880993594678,1.0378014451991726,1.0403910234980742
2020-11-02,1.0210752806498882,1.0196598499029264,1.0535998146987207,1.034815757405829
2020-11-09,1.049712484216276,1.052775039035767,1.083533380881849,1.0974053984104553
2020-11-13,1.0689822856999827,1.071283326670393,1.0954770037160428,1.1201432099297963
2020-11-23,1.1353181721387242,1.1393803219612813,1.1642790835944967,1.146968112066083
2020-11-27,1.168482447576971,1.1752012498162563,1.1982893488777335,1.1559295165586474
2020-12-07,1.2380470178686502,1.244433431008954,1.2684479928944463,1.1938025040169948
2020-12-14,1.224712641723875,1.2367126744363945,1.2522099032446754,1.2094391303878957
2020-12-21,1.1744492385250058,1.1867709762962548,1.2008179855717993,1.1823715909458539
2020-12-28,1.304359761601604,1.3128585809219957,1.333645261122115,1.2331043556092351
2021-01-04,1.3613357983389034,1.3692981325335434,1.391900524454462,1.2608297117468805
2021-01-11,1.3789023491292467,1.3919421217786145,1.4118905473743626,1.294766582911863
2021-01-18,1.3552816511052113,1.3885424826461568,1.3881485041393138,1.2699313066827704
2021-01-25,1.363229172988461,1.4120330053475574,1.3929217267737124,1.2664265455996375
2021-02-01,1.4042688327230515,1.4476992530532686,1.4327090492109977,1.2692788819272947
2021-02-08,1.4972474026890048,1.5513512154364435,1.5102447999683049,1.3416548942640536
2021-02-15,1.5327845620819365,1.5700158515809648,1.5309475724121324,1.3622251458519798
2021-02-22,1.6104554999063831,1.6612566719070425,1.5928222130656573,1.3169867681789256
2021-03-01,1.6946163196528334,1.7474683778184348,1.6832502547246007,1.333782661677324
2021-03-08,1.7565943971282958,1.7950783323115156,1.7566223694419192,1.3543421293849947
2021-03-15,1.7632075896226032,1.8095131279733876,1.760480630362547,1.3490795958201671
2021-03-22,1.7267690218422396,1.7721176067930207,1.7241624802463544,1.3305798492413532
2021-03-26,1.7097884489238646,1.7546910883290856,1.7183361871934857,1.3101228283961126
2021-04-05,1.7938053297923702,1.8316985730307525,1.790987908421264,1.3262662971390358
2021-04-12,1.7538461392059597,1.7992800095907373,1.7496316850096798,1.2966645458368824
2021-04-19,1.7833572745962947,1.820036870789806,1.7630935374080265,1.3023099071507902
2021-04-26,1.826050290347555,1.8592588337713594,1.8064002211333974,1.3174504750299243
2021-05-03,1.9235549423187577,1.9585367049611813,1.905296992141887,1.33668891740626
2021-05-10,1.980987976998063,2.017014216584079,1.964225215126726,1.3663068445287971
2021-05-17,1.9355596673241555,1.9707597478484797,1.9222452425229253,1.3665440898944246
2021-05-24,2.0769286888115523,2.13430820339135,2.0626911195081883,1.3978550862171215
2021-05-31,2.0822869723407655,2.1319189882032363,2.0758807914004023,1.4263137462121611
2021-06-07,2.175434672379978,2.2257191068739393,2.1811927795806296,1.4536293149000865
2021-06-14,2.191925784214745,2.24766454155413,2.1932779042104578,1.4616633056906527
2021-06-21,2.16707532512761,2.2221821570072895,2.162659728787154,1.451089711099847
2021-06-28,2.1810755060578066,2.23138632110648,2.167909611851803,1.45938790695668
2021-07-05,2.26664780724776,2.3189325164630956,2.2617264448516843,1.4650710118514831
2021-07-12,2.249599640087904,2.30149109965071,2.248707972081685,1.461107935857479
2021-07-19,2.280318086218688,2.332918127422788,2.2821358883013114,1.4687483150187088
2021-07-26,2.345144798927416,2.399240196318977,2.3470142789465887,1.4747064088600348
2021-08-02,2.3576886758929976,2.4186066307939416,2.359568155519598,1.4864177028178265
2021-08-09,2.296357977681271,2.348705048515299,2.2981885662906,1.50273910558497
2021-08-16,2.2805222574481245,2.329122226992026,2.282340222290009,1.51737822303221
2021-08-23,2.1504118903026033,2.1675330667715507,2.135959754784683,1.5022538309734594
2021-08-30,2.287229718628732,2.3028780470162724,2.2743594324093155,1.552652295348911
2021-09-06,2.360712665930906,2.3689534651892594,2.3445243814016106,1.5966451348524213
2021-09-13,2.4676621326874573,2.4689931399330276,2.4472390844053056,1.6016434633509817
2021-09-20,2.44518101211745,2.4377099309268657,2.4132489495576603,1.598898965825882
2021-09-27,2.509566993646461,2.5167079613078855,2.4770243288252924,1.6379689639926223
2021-10-04,2.6145376657561643,2.6221326628466457,2.5745678618379535,1.6371170374524147
2021-10-11,2.718390594017437,2.7161815169228523,2.676754653093179,1.6637370458638414
2021-10-18,2.791617501997139,2.7774298945487517,2.725111251617552,1.7131433932557598
2021-10-25,2.5750288970678055,2.5411705448029425,2.529899907051907,1.6536379420042906
2021-11-01,2.6290310658934106,2.5930291974924504,2.5965689943982446,1.650224843903332
2021-11-08,2.697320961800792,2.6671382341476098,2.682775088181518,1.673674391519555
2021-11-15,2.7694735515655675,2.71556398175351,2.755911482563342,1.6814873127648777
2021-11-22,2.7771919783672248,2.728099952588462,2.734218177953281,1.615069394269445
2021-11-29,2.850284138571756,2.799625393251554,2.773089590138852,1.5805340177502658
2021-12-06,2.9149143152948227,2.8586369757643295,2.8547544151324,1.5764253593728084
2021-12-13,3.17291907912438,3.1190644503066673,3.076870201356905,1.624510681433392
2021-12-20,3.007018932111795,2.9528039343546926,2.8888069159986816,1.54217036374028
2021-12-27,3.2475893135887,3.213395920934626,3.1166195614494683,1.588206748552263
2022-01-03,3.4566898127539685,3.4161766565161065,3.283152841321932,1.6396458573723987
2022-01-10,3.6253591579787283,3.6263339613582675,3.453285240817838,1.6710215569766302
2022-01-17,3.7389073374948474,3.72150842089789,3.564610505868787,1.7018311028674327
2022-01-24,3.4428612460519967,3.403272792226777,3.3003562343146626,1.5865298551724871
2022-01-31,3.5303554039705394,3.472011606451865,3.39518877820211,1.609111300428119
2022-02-07,3.5173947331436928,3.458980711637419,3.400680627608326,1.6036276973180479
2022-02-14,3.2437013729292947,3.188165521967593,3.134103173926918,1.5529218923553063
2022-02-21,3.1759152101790264,3.1281533708625493,3.0689043897700166,1.5741337848184525
2022-02-28,3.0576451353128897,3.0217574462441488,2.960939195933614,1.5429521950588252
2022-03-07,3.0790473179616478,3.0308285054518174,2.9855856237358953,1.462752477596488
2022-03-14,3.255681543474548,3.2011229468179008,3.1595572507688408,1.5501396512493117
2022-03-21,3.294801376027606,3.231289240009485,3.197278456676678,1.5746999385318818
2022-03-28,3.394855215172627,3.277353950675374,3.282301349332684,1.5826260905198901
2022-04-04,3.537384355331554,3.423206597081977,3.4328671957441763,1.6590137063118042
2022-04-11,3.6110751596856683,3.5095261417821035,3.5248489256223827,1.6526835686016534
2022-04-18,3.502940244922533,3.4326407871324274,3.455020013151682,1.6096073589198858
2022-04-25,3.433567480941894,3.37899685114533,3.3609559055385123,1.5823187499326001
2022-05-02,3.401781324156921,3.407534704770805,3.33665483460927,1.5891449461345173
2022-05-09,3.163501282359439,3.161808510518858,3.060592174893821,1.5088535656900057
2022-05-16,3.029703006685232,2.983852454228201,2.990293664391892,1.4635019572742658
2022-05-23,3.11639229985963,3.051961768264071,3.0206700230653185,1.4920361044310957
2022-05-30,3.0854070743401025,3.0612616717509837,2.987129936048366,1.5264366824470774
2022-06-06,3.08025730006185,3.0318751995665796,3.0211221500429857,1.5155773150294933
2022-06-13,2.8818834642346345,2.830444229894468,2.8190347942493377,1.446862430039576
2022-06-20,2.5676799168570783,2.520561477716017,2.5648342688816674,1.396593372227194
2022-06-27,2.61675993018395,2.547644708521561,2.6571746033451693,1.4498441729303027
2022-07-04,2.6138493484432703,2.5429695187886687,2.6400874377420136,1.4528744432821807
2022-07-11,2.6745381572063827,2.6030112467344457,2.7320086022082473,1.4975412753016781
2022-07-18,2.7380792270901115,2.666378998631214,2.7911712232537136,1.5080609504912046
2022-07-25,2.80227444497853,2.7097036365496208,2.834837973591601,1.5398841811260515
2022-08-01,2.854895479803306,2.768040124855368,2.8946659488366127,1.6010665257572967
2022-08-08,2.8839460798592786,2.786240735848604,2.933963177493503,1.6168649103320343
2022-08-12,2.9200318436840087,2.824732121973167,2.9425956233174744,1.6327387820685624
2022-08-22,2.923325804960384,2.824850600856616,2.886484105134675,1.6177707562735208
2022-08-29,2.935192270182663,2.8398926037983667,2.9239547559929004,1.6146434309993407
2022-09-05,2.9641133960945623,2.8579144454404144,2.975818962886,1.6493297818421009
2022-09-12,3.016796026459175,2.917603273199936,3.035810267836431,1.6798481629659967
2022-09-19,3.022832573189603,2.952695174704452,3.054800146640854,1.6492381188599265
2022-09-26,2.8655657676846147,2.795120145690859,2.891757189309474,1.5880018548274026
2022-10-03,2.837035771974238,2.7721120859362833,2.859211758773673,1.5785983112443505
2022-10-10,2.956477608175978,2.883326680473488,2.9640314759021247,1.6123680322653684
2022-10-17,2.9553440471171406,2.871174364253524,2.9444353897096276,1.6074613667489823
2022-10-24,3.0120387169258613,2.9248058403947503,2.992130984114102,1.6390150003774346
2022-10-31,2.990403643793155,2.896851476641035,2.994959786989716,1.6633056906536097
2022-11-07,3.0789033150119236,2.9663905142302522,3.0941253185256854,1.6839190777625592
2022-11-14,3.11510274739625,2.997982596628689,3.1076985507653427,1.6876988277922151
2022-11-21,3.0598607415747106,2.9450731799537646,3.072018447377479,1.6665192869698362
2022-11-28,3.1200946526727864,3.001248023489784,3.1623803658065355,1.7021761870356178
2022-12-05,3.1466372556186135,3.0374007084874086,3.2274039921089486,1.7218837282030808
2022-12-12,3.136607710281551,3.0360418270262133,3.215964608883806,1.706872566887016
2022-12-19,3.155083348532111,3.051443057862509,3.2402668420997673,1.6990219020607984
2022-12-26,2.9256748881416237,2.8296203952461556,3.003691305236359,1.6497773128727165
2023-01-02,3.053672200194201,2.947180831049573,3.125126979270902,1.6740518273285079
2023-01-09,3.111299306182514,3.0084486623966176,3.1765072381084973,1.6661202834003717
2023-01-16,3.123033664561358,3.0291416236967414,3.182409722466553,1.6505214006103661
2023-01-23,3.130894974775784,3.035479320280787,3.189565486711622,1.6610626435604046
2023-01-30,2.908978503469714,2.814542252820805,2.9454966729152834,1.6018591409560976
2023-02-06,2.924479056158157,2.844479063247071,2.999716557703898,1.6104808532206045
2023-02-13,2.935414999258549,2.8539895518772274,3.0222914862988133,1.60685207751453
2023-02-20,2.9115604747150012,2.8287679519256685,2.999809865471065,1.6109661278321152
2023-02-27,2.7756349076310176,2.689783885371748,2.869215576554254,1.5689143867746482
2023-03-06,2.9455818359118577,2.8606856918500476,3.044642289160109,1.6047492208646503
2023-03-13,2.851313532463399,2.783049865197111,2.937118331393836,1.5587505796335628
2023-03-20,2.7677251598356674,2.7065454952938546,2.855432675358808,1.5439389201022302
2023-03-27,2.6957191914367677,2.6405921444644225,2.800022159615155,1.5380724892430786
2023-04-03,2.7991970513634827,2.7600040370255297,2.9385923836082126,1.5746568030108585
2023-04-10,2.8469471715163697,2.8082573769480677,2.9823256658419646,1.5949952011732853
2023-04-17,2.8596720654033017,2.8322074323593376,2.987343450592595,1.6072618649642505
2023-04-24,2.9250710978118817,2.9066365440481006,3.060778967867228,1.610049498010373
2023-04-28,2.999285551464448,2.9844131916535885,3.1377174527065557,1.6412580474706397
2023-05-08,3.1511228139857685,3.12671791562345,3.2782162461687894,1.6636399909415396
2023-05-15,3.1613040546409152,3.145576219006097,3.3066046758232694,1.6768610281351426
2023-05-22,3.2387231164062107,3.2115226078051564,3.3869623638378914,1.6719327948582448
2023-05-29,3.294429464298232,3.268802370465806,3.442416041911257,1.7008713375246671
2023-06-05,3.441591451283616,3.4042732638024047,3.5966364158472897,1.7102694891675914
2023-06-12,3.542732282472324,3.5024510300913563,3.7102462281558015,1.7177750698256238
2023-06-19,3.689056619291121,3.6581602050957307,3.8346998319638876,1.740750126710592
2023-06-26,3.7150919191396286,3.6798115078063325,3.8177230972116627,1.732554377716189
2023-07-03,3.8714810971062388,3.8602326479288878,3.98314972521475,1.782354336737444
2023-07-10,3.9018132619647616,3.860473066650877,4.033231803245448,1.7851365778434385
2023-07-17,4.304431820233944,4.267881920913496,4.407473082367899,1.8194616686976295
2023-07-24,4.426522687986749,4.3504389701439266,4.529602981564489,1.81871758095998
2023-07-31,4.611624165463064,4.5462317915128025,4.745080240900937,1.8396221328358358
2023-08-07,4.70638498936182,4.6277604974112165,4.848938558558995,1.8285524797532635
2023-08-14,4.9174112836826955,4.867964062153625,5.052435309508985,1.8144471643786857
2023-08-21,5.087770094314244,5.005919932786286,5.196666775785089,1.817304892646471
2023-08-28,5.209530656716332,5.085434760763814,5.325310600466798,1.8198121448059432
2023-09-04,5.4170892581122585,5.288819200697969,5.541847480877125,1.8527730748077766
2023-09-11,5.585882475662275,5.481775538618918,5.738449674838948,1.9037161251361454
2023-09-18,5.4369036081017015,5.374902632935904,5.626572640373525,1.8994295327344675
2023-09-25,5.389243104031738,5.327785636336779,5.577249476389734,1.8626511091220834
2023-09-29,5.435679775039015,5.379225906615799,5.62530611329796,1.8648132771133699
2023-10-09,5.500234699173467,5.407992210250043,5.692993823921785,1.8470306585715663
2023-10-16,5.768983358262988,5.668707009238448,5.963816277348549,1.8756402928901867
2023-10-23,5.54329538175572,5.430258499797737,5.737173979409244,1.8212571847602195
2023-10-30,5.729985785342132,5.684472667327435,5.91544857642277,1.8145064757200924
2023-11-06,6.0551234764643995,6.01805912531444,6.26782724119613,1.8504491486126529
2023-11-13,6.337246529229702,6.31906972122126,6.57053812439473,1.867617085979876
2023-11-20,6.655262152334644,6.624862851884161,6.8939545275436265,1.8951213725722778
2023-11-24,6.589461496969452,6.553546159329118,6.839629591155604,1.9026539129309497
2023-12-04,6.80800406882119,6.766503251206356,7.075869690519823,1.9894641489900886
2023-12-11,6.816537765349439,6.79787288889924,7.0997114901992,2.0241558917729767
2023-12-18,7.064647038905711,7.083515786618952,7.3282896538781,2.0657115743386774
2023-12-22,6.987924034086039,6.986367731722789,7.23812353798602,2.0548360311007094
2024-01-01,7.156855097047873,7.159906124196535,7.44640307744435,2.0995675664017415
2024-01-08,7.46803175483939,7.483263449974281,7.781218450116713,2.0939815164292406
2024-01-15,7.6276978394113675,7.773356346452671,7.97965457362545,2.144433900205971
2024-01-19,7.671936732445009,7.922263202353034,8.03719268876773,2.1143306984719232
2024-01-29,7.848143755474812,8.211367576909428,8.239052786606162,2.125680732441146
2024-02-05,7.984978599137548,8.36778511067697,8.395297198618799,2.1409776665839892
2024-02-12,7.58883180043394,7.834022964001902,8.029265306098706,2.1217500080879095
2024-02-19,7.972695549208328,8.284798144334037,8.35440265147789,2.1827759864554452
2024-02-26,8.109607374202149,8.27972485320553,8.512180488337137,2.184361216853047
2024-03-04,8.090509639064177,8.247110534790133,8.504045292889879,2.2033678058038837
2024-03-11,7.765496899871811,7.904774563429559,8.224629822400034,2.1879145053973312
2024-03-18,7.22692000352273,7.386808732535856,7.607634070393722,2.139856143037387
2024-03-22,7.430385398060376,7.570764108638375,7.864479886623888,2.1561937216249145
2024-04-01,7.915614694820157,7.998208829876176,8.423015409150738,2.209892053358639
2024-04-08,8.463165888542605,8.555505716315364,8.89840012884794,2.2451068143339326
2024-04-15,8.319904391100579,8.392173435163702,8.747012826049575,2.208403877883339
2024-04-22,8.708671583868211,8.721857836554467,9.140286395821343,2.2187671868091563
2024-04-29,8.929702376862316,8.87862226651135,9.379656093317925,2.2637737110567113
2024-05-06,8.872056955420325,8.77494114608498,9.239432703874147,2.250051223431214
2024-05-13,8.465221740171888,8.418783614702289,8.79701259016494,2.2118816792658325
2024-05-17,8.972594692117392,8.941115568648003,9.38187420383938,2.271575848421778
2024-05-27,8.881095409401562,9.075652437007276,9.341509384850252,2.3177793833777263
2024-06-03,8.956462588016395,9.14361891099713,9.43460501497029,2.3506055148763623
2024-06-10,8.733956545589777,8.910025768782498,9.313576975903045,2.351775565884116
2024-06-14,9.193781295208296,9.358879669204546,9.855594598689555,2.395563511662766
2024-06-24,9.395279389410492,9.528673091714692,10.050094432334035,2.4036298540940995
2024-07-01,9.523371249463725,9.689185575292887,10.249850543156008,2.4509171690157543
2024-07-08,9.965535357416446,10.192623459546054,10.693050524313739,2.47718130937874
2024-07-15,9.693867669282882,9.984159619605544,10.373480881499514,2.502922431549319
2024-07-22,9.29536821114593,9.568032144194573,9.950468178212162,2.4741079035058386
2024-07-29,9.518321382045976,9.78439364995715,10.207643735922504,2.522802514800875
2024-08-05,9.124121312603158,9.386148276180363,9.78185435729123,2.4309508147221526
2024-08-12,9.252499410039931,9.510615882553397,9.894942401394253,2.4712178235972857
2024-08-19,9.443129518207602,9.672441950239055,10.035347169530668,2.495362931490008
2024-08-26,9.581400118647158,9.780894633133801,10.171256846757958,2.540870906169457
2024-09-02,9.685519074286699,9.849237395809023,10.238173080898756,2.5623254359383587
2024-09-09,9.677221439667418,9.781518500780809,10.15670394436949,2.5344437135370046
2024-09-16,9.938445751097213,10.143449851411058,10.540826098499299,2.584701987469131
2024-09-23,9.986368418830533,10.156201660515833,10.619030088038622,2.629023735320443
2024-09-30,10.373539475818545,10.480719625998463,11.036416020852709,2.6145733357776795
2024-10-07,9.60252121696632,9.696488412914261,10.15797417020104,2.4999137289579534
2024-10-14,10.498503163284234,10.532145768170576,11.095753011027776,2.5586966602322843
2024-10-21,10.332361560892055,10.339848895450391,10.857374932263514,2.5086810236059134
2024-10-28,9.929179654959187,9.88563421213831,10.294499090849733,2.442543485997131
2024-11-04,10.42024946544697,10.424424452113005,10.844490011283867,2.428346507640379
2024-11-11,10.427776615275683,10.380611025612735,10.81817392318006,2.436229524107364
2024-11-18,9.987729582228875,9.965378564156696,10.43348865264333,2.361605072737272
2024-11-25,10.482843997131964,10.457485384572971,10.985321854540786,2.432142433490418
2024-12-02,11.00508300146685,10.978461062221154,11.532593525204133,2.4625907193926513
2024-12-09,11.507712798864855,11.47987496875058,12.059316053900577,2.5117813891794545
2024-12-16,12.093795106244812,12.064539508760863,12.67349125116405,2.518300244794082
2024-12-23,11.521253354477158,11.493382768967145,12.03125808501538,2.4169155945692378
2024-12-30,11.547452052994554,11.519518091300993,12.03141564702902,2.4109682846081677
2025-01-06,11.503037636546235,11.475211115922965,12.03615960914666,2.3967605223711597
2025-01-13,10.711331229042507,10.685419892509914,11.216039212702094,2.290868210199394
2025-01-20,11.21457263553046,11.187443928611142,11.761062160666516,2.351856444986035
2025-01-27,9.815512665391743,9.791768366342966,10.258885605205306,2.2550118083488804
2025-02-03,10.119020984514924,10.094542481096113,10.572182948868258,2.308025363686362
2025-02-10,10.015438960319392,9.99121102787353,10.438587798372543,2.3046554011064266
2025-02-17,9.377214640365134,9.3545306098661,10.059656388010778,2.227124694007398
2025-02-24,9.484340593317325,9.461397418874466,10.20534014659708,2.207293138216994
2025-03-03,9.016779685291796,8.994967568023648,9.853541853905227,2.145663262555133
2025-03-10,9.401124521388981,9.378382651489744,10.077321420303429,2.1855150920404185
2025-03-17,9.318422343256547,9.295880534761793,10.082833407293842,2.1878659779361813
2025-03-24,9.452340323416784,9.429474559497862,10.087431479574578,2.32264291337309
2025-03-28,9.512832938854228,9.470212423013917,10.151988519669056,2.301231519125212
2025-04-07,8.377249539732665,8.305227727265942,8.940106664378384,2.1681746125891026
2025-04-11,8.737012841849854,8.755164197668137,9.324042021633995,2.237962493664471
2025-04-21,9.257333364954635,9.227591455784777,9.879322242684966,2.3730737293893096
2025-04-28,9.181102157352129,9.172043312401625,9.769976095481388,2.3834370383151273
2025-05-05,9.26291828403653,9.228966027834087,9.744530260084508,2.393498398593783
2025-05-12,9.403253599534722,9.361431777153566,9.991646218947766,2.4276024199027306
2025-05-19,9.552371475956281,9.578095107216358,10.118700869718118,2.465820491529263
2025-05-26,9.670765483936531,9.70794916607386,10.202684504968428,2.4704036406379752
2025-06-02,9.849709242947592,9.954525643837698,10.44687055731285,2.4624451370091998
2025-06-09,9.964590884519001,10.079510524687294,10.543013778402166,2.5159385750180636
2025-06-16,9.833978954728,9.972491171260012,10.441247483398449,2.4905425370156693
2025-06-23,9.871884545934186,9.996480155179592,10.47640577580171,2.4804542170363746
2025-06-30,9.913547182504052,10.159806568954945,10.58472831127755,2.5468505677712963
2025-07-07,9.83689670576284,10.051308889728409,10.51116283640185,2.5397332068024725
2025-07-14,9.78378253902395,9.9706317027353,10.462182533030989,2.513620040763068
2025-07-21,9.810685769299443,9.959194900826471,10.519238091572511,2.521104053660589
2025-07-28,9.306539132354319,9.43263464731357,9.948497057327947,2.463787730101046
2025-08-04,9.1562885519742,9.27818168491679,9.796198062440249,2.46523816199545
2025-08-11,9.212011422324526,9.303959926253652,9.832669361260908,2.4407641457549265
2025-08-18,9.398856667119425,9.45717707128672,10.016465025323328,2.4729055008573195
2025-08-25,9.740173440470647,9.817959473343619,10.233685087385343,2.485900076565551
2025-09-01,9.501090891214195,9.55198055745832,9.962508055128556,2.4494020338398172
2025-09-08,9.452862255196132,9.546982725641776,9.957012744705073,2.4672062201421325
2025-09-15,9.52567973404006,9.613082831358147,10.02501300455663,2.503569464364668
2025-09-22,9.466932818685205,9.553796882306669,9.947794147167073,2.521427570068263
2025-09-29,9.253119213087322,9.338021424966993,9.69325575344946,2.4521573152451723
2025-10-06,9.490027753077076,9.577103724809518,9.899323815014828,2.4985873116864923
2025-10-13,9.500272116457454,9.58744208558583,9.90927484760856,2.512083337826618
2025-10-20,9.448473198294932,9.535167885237517,9.920273594644646,2.5575158253442765
2025-10-27,9.29565043837017,9.380942896502733,9.779358853382774,2.570974107903507
2025-11-03,9.300753904048467,9.386093189149792,9.773091185476757,2.5677173760662573
2025-11-10,9.353983772590869,9.385936047746364,9.82205605569696,2.5446614400793703
2025-11-17,9.622104900382716,9.681396180225974,10.028476072778394,2.583229987814216
2025-11-24,9.093367983211893,9.195909265710206,9.495916324232281,2.553035123097994
2025-12-01,9.31379761692548,9.366992132190857,9.772372647056082,2.5797683622521066
2025-12-08,8.816774465110692,8.936366906783803,9.287296856157594,2.5370372367385245
2025-12-15,9.17502017988122,9.299798178635688,9.682207007697185,2.558497158447554
2025-12-22,9.461547924229317,9.552840895414523,9.941694684706993,2.5738587958719323
2025-12-29,9.300783049232418,9.414227851420893,9.774760954339909,2.5538493060573066
2026-01-05,9.410988362168311,9.570771287077541,9.931360561311255,2.5944344393999863
2026-01-12,9.016266546621196,9.156197199660348,9.486485012524678,2.535338775598237
2026-01-19,8.846729605321558,8.939409737556502,9.284077936819964,2.520597211288567
2026-01-23,8.184593373123311,8.315875683226215,8.61542990210664,2.4486094186410168
2026-02-02,8.152962625939919,8.26296936395075,8.599828891110675,2.4627147340155946
2026-02-09,8.729014308660698,8.765971343689634,9.256493385226872,2.5539894965006322
2026-02-16,8.83425388874437,8.871656488726009,9.38296467618858,2.5312409011010355
2026-02-23,8.815874830179443,8.853199616620266,9.35280729436278,2.5325888861330097
2026-03-02,8.74206757462337,8.779079874770492,9.337802889629518,2.462601503272909
2026-03-09,8.277774523191392,8.31282109227671,8.836063084656205,2.378551940559253
2026-03-16,8.042161835216007,8.0663646632543,8.598539529197902,2.318404848432564
2026-03-23,7.742068223584965,7.765367922063506,8.254033099657251,2.228407975757838
2026-03-30,7.915277372375295,7.939098342537834,8.422239413288388,2.213720330849447
2026-04-06,8.305839744453223,8.360287421295608,8.90041092429244,2.2855409733530325
2026-04-13,8.76815494727451,8.825633261540323,9.392783106866165,2.3917621938725997
2026-04-20,9.16710643891608,9.203110040688651,9.82302684201689,2.4658204915292625
2026-04-27,9.34177731016132,9.339311764797921,9.971650121288068,2.4610324486956903
2026-05-04,9.464185655271939,9.405306907981394,10.143752055137316,2.4620407414996066
2026-05-11,9.690193683998949,9.639462944159648,10.389090201105313,2.458266383410079
2026-05-18,9.511938664662583,9.368782925678886,10.265931340526588,2.4221727361939376
2026-05-25,9.938696755794455,9.842129176086377,10.724507702570278,2.472684431312075
2026-06-01,9.931616992897748,9.820292922497586,10.740545784779364,2.419681659854849
2026-06-08,10.021456091178838,9.90966240378257,10.838920086422926,2.3911852562789147
2026-06-15,10.277203639973596,10.303895381849397,11.049875398317313,2.4685703809944894
2026-06-22,10.7904963135772,10.839131786267309,11.665212442721057,2.508530049282333
2026-06-29,10.550100043253767,10.617487320438183,11.545806954895799,2.4802924588325372
2026-07-06,10.43581954693397,10.439261329254172,11.486468894320694,2.5270891072025536
2026-07-13,10.33215804343832,10.3466633948322,11.343084287466487,2.5177179152602687
2026-07-20,10.142976539459614,10.181563674761387,11.178990263221733,2.5167473660372472
2026-07-27,10.186357948720547,10.096288257417951,11.10195246011607,2.496802579504157
2026-08-03,10.210853289360399,10.087247353010774,11.08741033238993,2.566870841466176
2026-08-10,10.565237970958835,10.501847091134383,11.45873677205108,2.5604382568935953
2026-08-17,10.636820095614064,10.736172992679633,11.501724828696474,2.5411620709363643
2026-08-24,10.775952761653555,10.878326348983416,11.848279637207503,2.535478966041561
2026-08-27,10.864184372922209,11.027240518824142,12.021635697531838,2.5322707616654623
